{
    "name": "tcl143",
    "input_path": "tcl/input/tcl143",
    "output_path": "tcl/output/tcl143",
    "working_dir": "tcl/input/tcl143",
    "initial_temperature": 18.2296005925078,
    "coefDeltaTemp": 0.05625,
    "coefConso": 1.0,
    "puissanceMin": 0,
    "puissanceMax": 4,
    "temperature_max": 21.696258639747853,
    "temperature_min": 15.81946375000624,
    "chroniqueTempExt": [
        6.771617117059794,
        7.46665921603239,
        9.580475848649586,
        8.48895567784798,
        8.677909926654406,
        8.594450104438687,
        7.462859947172542,
        7.403768466456122,
        7.1154514342673725,
        9.76725942551899,
        7.999785987508237,
        7.638468226218793,
        7.798146580973431,
        7.730449895735254,
        9.38391843614743,
        8.209417798929474,
        10.787142782713852,
        10.848712072162174,
        10.761927828931533,
        13.077248552357593,
        11.7505402354134,
        11.901344515279026,
        12.458855956651202,
        13.049013154840264,
        13.564155269179658,
        13.45834685175005,
        14.368229308106,
        14.496229618934878,
        15.802935168781973,
        13.330647370381667,
        14.953114918588224,
        12.98207579637349,
        12.902526314220182,
        13.341041389034045,
        13.69396395041899,
        13.848153115797851,
        14.469916705062548,
        13.799990721975517,
        12.100458520723965,
        11.554105449435795,
        11.970283960514749,
        10.98723253286243,
        11.46648678973422,
        11.002708685885347,
        11.090773409971863,
        8.30774241426033,
        9.266317468660251,
        8.037441879899388
    ],
    "electricity_cost": [
        0.2068,
        0.2068,
        0.2068,
        0.2068,
        0.2068,
        0.2068,
        0.2068,
        0.2068,
        0.2068,
        0.2068,
        0.2068,
        0.2068,
        0.2068,
        0.2068,
        0.2516,
        0.2516,
        0.2516,
        0.2516,
        0.2516,
        0.2516,
        0.2516,
        0.2516,
        0.2516,
        0.2516,
        0.2516,
        0.2516,
        0.2516,
        0.2516,
        0.2516,
        0.2516,
        0.2516,
        0.2516,
        0.2516,
        0.2516,
        0.2516,
        0.2516,
        0.2516,
        0.2516,
        0.2516,
        0.2516,
        0.2516,
        0.2516,
        0.2516,
        0.2516,
        0.2516,
        0.2516,
        0.2068,
        0.2068
    ]
}