{
    "name": "tcl246",
    "input_path": "tcl/input/tcl246",
    "output_path": "tcl/output/tcl246",
    "working_dir": "tcl/input/tcl246",
    "initial_temperature": 19.096664262916693,
    "coefDeltaTemp": 0.05625,
    "coefConso": 1.0,
    "puissanceMin": 0,
    "puissanceMax": 4,
    "temperature_max": 20.130459774565864,
    "temperature_min": 16.160056150860896,
    "chroniqueTempExt": [
        2.3185899878886502,
        2.6840151960395198,
        2.56640824784176,
        3.5532191803731688,
        2.040955503388033,
        4.459228101022396,
        2.199116442096093,
        2.216906249098536,
        3.2994063346004396,
        2.55581416198393,
        3.4399901328938576,
        1.7513892110034444,
        2.39303772389819,
        3.1434627834129585,
        4.424858889514671,
        5.743687852211828,
        5.024870827343833,
        5.88188669098364,
        8.199760685471624,
        7.47900520893881,
        7.8432054142032595,
        8.498702147904332,
        8.536305943338862,
        8.25267733969616,
        9.210317018770287,
        7.821224005257666,
        11.301791062315143,
        8.673274131064138,
        9.610827394592981,
        8.189285174451289,
        9.297089245911735,
        9.780284110319274,
        6.587433291704869,
        7.171972680280969,
        10.236914647352547,
        6.159348844013531,
        8.141965394511809,
        9.798449706661238,
        7.746157691755714,
        6.20376001014141,
        8.051844213847838,
        7.935624597686618,
        6.514269875833654,
        5.9773459656081265,
        3.404053104058524,
        4.80952721278556,
        5.49600005260083,
        2.3177025206894717
    ],
    "electricity_cost": [
        0.2068,
        0.2068,
        0.2068,
        0.2068,
        0.2068,
        0.2068,
        0.2068,
        0.2068,
        0.2068,
        0.2068,
        0.2068,
        0.2068,
        0.2068,
        0.2068,
        0.2516,
        0.2516,
        0.2516,
        0.2516,
        0.2516,
        0.2516,
        0.2516,
        0.2516,
        0.2516,
        0.2516,
        0.2516,
        0.2516,
        0.2516,
        0.2516,
        0.2516,
        0.2516,
        0.2516,
        0.2516,
        0.2516,
        0.2516,
        0.2516,
        0.2516,
        0.2516,
        0.2516,
        0.2516,
        0.2516,
        0.2516,
        0.2516,
        0.2516,
        0.2516,
        0.2516,
        0.2516,
        0.2068,
        0.2068
    ]
}