{
    "load": [
        0.0,
        0.0,
        0.0,
        0.0,
        0.0,
        0.0,
        0.0,
        0.0,
        0.6098804436490823,
        0.9009158073054382,
        0.8487872888818981,
        0.8957686419798382,
        1.3964702134462073,
        4.0,
        0.0,
        0.0,
        0.0,
        0.0,
        0.0,
        0.6615767653944982,
        0.6135535797184982,
        0.6102324727264983,
        0.6409567178224982,
        0.6027379814304982,
        0.5271090842344982,
        0.5789345664244983,
        0.5812826171344982,
        0.5788244311104982,
        0.5711280476924983,
        0.5722807414844981,
        0.4907566772644982,
        0.5196033397864982,
        0.5020291144104982,
        0.5332040134204983,
        0.5056982839504982,
        0.4820409145984982,
        4.0,
        3.8683161929336123,
        0.0,
        0.0,
        4.0,
        4.0,
        0.0,
        0.0,
        0.0,
        0.0,
        0.0,
        0.0
    ],
    "cost": -114.97273184144396
}