{
    "load": [
        0.0,
        0.0,
        0.0,
        0.0,
        0.0,
        0.0,
        0.0,
        0.0,
        0.6098804436490823,
        0.900915807305438,
        0.8487872888818977,
        0.8957686419798385,
        1.3964702134462144,
        4.0,
        0.0,
        0.0,
        0.0,
        0.0,
        0.0,
        0.6615767653944999,
        0.6135535797184986,
        0.6102324727264978,
        0.6409567178224975,
        0.6027379814304972,
        0.5271090842344996,
        0.5789345664244969,
        0.581282617134498,
        0.5788244311104975,
        0.5711280476924969,
        0.5722807414844979,
        0.4907566772644998,
        0.5196033397864994,
        0.5020291144104974,
        0.5332040134204981,
        0.5056982839504975,
        0.4820409145984996,
        4.0,
        3.8683161929336194,
        0.0,
        0.0,
        4.0,
        4.0,
        0.0,
        0.0,
        0.0,
        0.0,
        0.0,
        0.0
    ],
    "cost": -114.97264803874052
}