{
    "name": "tcl65",
    "input_path": "tcl/input/tcl65",
    "output_path": "tcl/output/tcl65",
    "working_dir": "tcl/input/tcl65",
    "initial_temperature": 17.761142817317523,
    "coefDeltaTemp": 0.05625,
    "coefConso": 1.0,
    "puissanceMin": 0,
    "puissanceMax": 4,
    "temperature_max": 20.222623922051707,
    "temperature_min": 15.206417423645956,
    "chroniqueTempExt": [
        14.708371854714738,
        14.034319852017962,
        15.812378595691245,
        13.995190441318448,
        13.631151026643073,
        14.921799824133267,
        14.252246539944242,
        16.225042073510213,
        15.617912515083308,
        14.375161205548167,
        15.989170327352387,
        13.771134264480422,
        14.158029451767549,
        14.441853821825754,
        18.479048030649746,
        15.961380322385956,
        19.50610260542167,
        18.198988232258106,
        17.66585043677955,
        22.068575450814723,
        19.55288377572507,
        22.16100978887663,
        22.07421458842986,
        20.95396075468699,
        23.010790526950185,
        20.981250390062247,
        22.698145696944724,
        22.75056524504708,
        22.904323493937714,
        21.82449158201978,
        20.786071172834998,
        26.022198935264296,
        23.321895965409656,
        20.564808392618023,
        21.547615288054715,
        21.930261912342168,
        20.457383707985652,
        21.09591406899326,
        22.54769059658432,
        19.40084203142976,
        19.542833563615368,
        17.749597699876798,
        17.827155956570387,
        19.595748875288002,
        17.750754261789556,
        17.721969947247228,
        15.99189017562086,
        14.523196968992766
    ],
    "electricity_cost": [
        0.2068,
        0.2068,
        0.2068,
        0.2068,
        0.2068,
        0.2068,
        0.2068,
        0.2068,
        0.2068,
        0.2068,
        0.2068,
        0.2068,
        0.2068,
        0.2068,
        0.2516,
        0.2516,
        0.2516,
        0.2516,
        0.2516,
        0.2516,
        0.2516,
        0.2516,
        0.2516,
        0.2516,
        0.2516,
        0.2516,
        0.2516,
        0.2516,
        0.2516,
        0.2516,
        0.2516,
        0.2516,
        0.2516,
        0.2516,
        0.2516,
        0.2516,
        0.2516,
        0.2516,
        0.2516,
        0.2516,
        0.2516,
        0.2516,
        0.2516,
        0.2516,
        0.2516,
        0.2516,
        0.2068,
        0.2068
    ]
}