{
    "name": "tcl190",
    "input_path": "tcl/input/tcl190",
    "output_path": "tcl/output/tcl190",
    "working_dir": "tcl/input/tcl190",
    "initial_temperature": 18.521488413929227,
    "coefDeltaTemp": 0.05625,
    "coefConso": 1.0,
    "puissanceMin": 0,
    "puissanceMax": 4,
    "temperature_max": 21.118439926265864,
    "temperature_min": 16.698248401486453,
    "chroniqueTempExt": [
        -0.348502799803293,
        1.2779599532406132,
        0.28126048753425636,
        0.4537055762633122,
        1.541794760851817,
        3.1682634320361824,
        0.4004754830466182,
        0.135231752302702,
        1.2024428860935235,
        -0.6555863135275617,
        1.604567912917719,
        1.4965033860584263,
        1.6769253944320874,
        1.765441743733101,
        1.7336793568671274,
        1.6110900277536762,
        2.1955333899100866,
        3.866015001815888,
        3.252970525848432,
        4.564083383123217,
        4.188275638529111,
        5.68175013920703,
        6.153006388003051,
        4.685401207036116,
        6.258043975368074,
        6.474715276537503,
        5.571049464129735,
        5.624971621540075,
        6.386240519102714,
        5.746089655685152,
        5.31106591242233,
        6.729868766140342,
        5.3771360790769975,
        7.433313585629875,
        6.102237314901875,
        7.901658575084841,
        4.9722608628326554,
        6.383843088771926,
        6.160640655609429,
        3.805885774374233,
        3.081888660033381,
        3.1106667752995314,
        3.4342126214073514,
        2.6190970439419154,
        1.523916893089806,
        3.8845584367558335,
        2.047895649924205,
        -0.19526566911786758
    ],
    "electricity_cost": [
        0.2068,
        0.2068,
        0.2068,
        0.2068,
        0.2068,
        0.2068,
        0.2068,
        0.2068,
        0.2068,
        0.2068,
        0.2068,
        0.2068,
        0.2068,
        0.2068,
        0.2516,
        0.2516,
        0.2516,
        0.2516,
        0.2516,
        0.2516,
        0.2516,
        0.2516,
        0.2516,
        0.2516,
        0.2516,
        0.2516,
        0.2516,
        0.2516,
        0.2516,
        0.2516,
        0.2516,
        0.2516,
        0.2516,
        0.2516,
        0.2516,
        0.2516,
        0.2516,
        0.2516,
        0.2516,
        0.2516,
        0.2516,
        0.2516,
        0.2516,
        0.2516,
        0.2516,
        0.2516,
        0.2068,
        0.2068
    ]
}