{
    "name": "tcl175",
    "input_path": "tcl/input/tcl175",
    "output_path": "tcl/output/tcl175",
    "working_dir": "tcl/input/tcl175",
    "initial_temperature": 17.511826246023894,
    "coefDeltaTemp": 0.05625,
    "coefConso": 1.0,
    "puissanceMin": 0,
    "puissanceMax": 4,
    "temperature_max": 20.340669239985015,
    "temperature_min": 15.7153610785885,
    "chroniqueTempExt": [
        -0.7519222687468632,
        -0.6979454221940515,
        3.849722214706776,
        1.6556865936209664,
        2.7387672067209525,
        1.3704181042947354,
        1.0626486520984442,
        1.8548920900602683,
        1.3734159000613906,
        -1.0273243538405912,
        0.986572193564545,
        0.16735003514920532,
        -0.49946081646462637,
        3.1574608119586687,
        1.726971277563298,
        0.27377896521526557,
        2.1258869199796493,
        2.970121493710195,
        5.285971729428809,
        4.287872353607872,
        4.987937584524964,
        6.831885671018773,
        5.42610680624825,
        6.7774849357882845,
        6.007844375408498,
        4.925042422345246,
        6.4622979762059165,
        7.855502791596486,
        5.861481900866254,
        4.419192501199708,
        7.433295145035642,
        6.997010229446218,
        6.90960208960421,
        6.135896161686056,
        7.545517583847637,
        6.357716461263189,
        4.998483326425597,
        5.5457761204253,
        5.747472910010674,
        3.7254475138474876,
        4.798099060275834,
        2.4071412931999676,
        2.3361285245622883,
        5.003758046558205,
        3.073990834882653,
        1.5079356568819777,
        1.8026800336001854,
        -0.37199576755382724
    ],
    "electricity_cost": [
        0.2068,
        0.2068,
        0.2068,
        0.2068,
        0.2068,
        0.2068,
        0.2068,
        0.2068,
        0.2068,
        0.2068,
        0.2068,
        0.2068,
        0.2068,
        0.2068,
        0.2516,
        0.2516,
        0.2516,
        0.2516,
        0.2516,
        0.2516,
        0.2516,
        0.2516,
        0.2516,
        0.2516,
        0.2516,
        0.2516,
        0.2516,
        0.2516,
        0.2516,
        0.2516,
        0.2516,
        0.2516,
        0.2516,
        0.2516,
        0.2516,
        0.2516,
        0.2516,
        0.2516,
        0.2516,
        0.2516,
        0.2516,
        0.2516,
        0.2516,
        0.2516,
        0.2516,
        0.2516,
        0.2068,
        0.2068
    ]
}