{
    "name": "tcl21",
    "input_path": "tcl/input/tcl21",
    "output_path": "tcl/output/tcl21",
    "working_dir": "tcl/input/tcl21",
    "initial_temperature": 19.18630308888652,
    "coefDeltaTemp": 0.05625,
    "coefConso": 1,
    "puissanceMin": 0,
    "puissanceMax": 4,
    "temperature_max": 21.52679031719756,
    "temperature_min": 15.469085330531332,
    "chroniqueTempExt": [
        1.9986735517056875,
        -1.6562196875915554,
        1.038155834433537,
        -1.2291919375348468,
        0.9746662977419436,
        1.5929101079413557,
        0.8452955774823466,
        1.666541575265802,
        0.498369988900088,
        1.7651193828118914,
        -0.8759286101031563,
        1.0040220206930963,
        0.30662042657132593,
        2.6875999262920542,
        3.6738148009121803,
        3.7072568781411293,
        2.4500350306953163,
        3.063792102347235,
        4.063682834062636,
        3.71729757611317,
        6.256227563731049,
        5.498586913090763,
        4.861737489293169,
        7.4695114185666025,
        6.075999753096596,
        5.977822517392899,
        5.746800811724099,
        5.29507406240131,
        5.4221079612272405,
        5.1718765137016485,
        5.694256903958079,
        6.99149807630893,
        8.159816323633969,
        6.581023314904206,
        7.041022778197536,
        7.87627823048133,
        5.1298419654987715,
        5.5440298211886,
        4.8125404718398155,
        4.808687104589989,
        5.03498808647244,
        2.53612585300397,
        3.5635259154035137,
        3.7049284476699493,
        2.4572572588334776,
        2.0905166343628183,
        1.0172373040424365,
        -1.1925730649128607
    ],
    "electricity_cost": [
        0.2068,
        0.2068,
        0.2068,
        0.2068,
        0.2068,
        0.2068,
        0.2068,
        0.2068,
        0.2068,
        0.2068,
        0.2068,
        0.2068,
        0.2068,
        0.2068,
        0.2516,
        0.2516,
        0.2516,
        0.2516,
        0.2516,
        0.2516,
        0.2516,
        0.2516,
        0.2516,
        0.2516,
        0.2516,
        0.2516,
        0.2516,
        0.2516,
        0.2516,
        0.2516,
        0.2516,
        0.2516,
        0.2516,
        0.2516,
        0.2516,
        0.2516,
        0.2516,
        0.2516,
        0.2516,
        0.2516,
        0.2516,
        0.2516,
        0.2516,
        0.2516,
        0.2516,
        0.2516,
        0.2068,
        0.2068
    ]
}