{
    "name": "tcl189",
    "input_path": "tcl/input/tcl189",
    "output_path": "tcl/output/tcl189",
    "working_dir": "tcl/input/tcl189",
    "initial_temperature": 18.07935976252779,
    "coefDeltaTemp": 0.05625,
    "coefConso": 1.0,
    "puissanceMin": 0,
    "puissanceMax": 4,
    "temperature_max": 21.597204548393346,
    "temperature_min": 15.934678585973167,
    "chroniqueTempExt": [
        15.381922342875388,
        15.192449920587794,
        14.206381719964591,
        13.676853771364907,
        14.655702892064681,
        15.67441681809187,
        13.65979710614606,
        12.936811805838142,
        15.773326278162493,
        14.951338434410253,
        15.230341134165934,
        13.269946954483984,
        12.808773830039815,
        16.817937784072946,
        17.584967533102933,
        17.553336596345734,
        16.43379509927235,
        17.888561602167083,
        19.965856809963622,
        17.56189002037612,
        21.10415734064121,
        20.237703063366517,
        22.149920711692516,
        21.493603834323363,
        21.398357084257206,
        21.58558908618375,
        22.31342783388109,
        22.775646019796017,
        21.660195107631495,
        22.187852631837004,
        21.368709531340766,
        21.904208673069537,
        20.590960887705048,
        21.377514662222577,
        22.089981324586468,
        22.094192058784923,
        22.064672936485884,
        20.974630199808036,
        18.57269567460808,
        20.76755852883211,
        20.08862602478533,
        18.59362851565093,
        18.462884966563966,
        17.924232539394332,
        16.845409278464004,
        14.609798244367857,
        15.729545612633588,
        15.128444271231196
    ],
    "electricity_cost": [
        0.2068,
        0.2068,
        0.2068,
        0.2068,
        0.2068,
        0.2068,
        0.2068,
        0.2068,
        0.2068,
        0.2068,
        0.2068,
        0.2068,
        0.2068,
        0.2068,
        0.2516,
        0.2516,
        0.2516,
        0.2516,
        0.2516,
        0.2516,
        0.2516,
        0.2516,
        0.2516,
        0.2516,
        0.2516,
        0.2516,
        0.2516,
        0.2516,
        0.2516,
        0.2516,
        0.2516,
        0.2516,
        0.2516,
        0.2516,
        0.2516,
        0.2516,
        0.2516,
        0.2516,
        0.2516,
        0.2516,
        0.2516,
        0.2516,
        0.2516,
        0.2516,
        0.2516,
        0.2516,
        0.2068,
        0.2068
    ]
}