{
    "load": [
        0.0,
        0.0,
        0.0,
        0.0,
        0.5469971708197576,
        0.8366633628890252,
        0.8879598261517853,
        0.8731715870790252,
        0.7759108363148252,
        0.9190923452700253,
        0.8875097192480452,
        0.7962826937090253,
        2.5585907740406455,
        4.0,
        0.0,
        0.0,
        0.0,
        0.0,
        0.0,
        0.7822854537684252,
        0.6611748102986252,
        0.6587804101646252,
        0.7012769705680252,
        0.6969169712016252,
        0.5768763188926251,
        0.5941578837786252,
        0.6054890403406252,
        0.6202044259886252,
        0.5795708352546252,
        0.6491503315626252,
        0.5428402620306252,
        0.6430017464906252,
        0.6344536789606252,
        0.5554042468206253,
        0.5757358999326252,
        0.48138435410862523,
        4.0,
        2.7608954340868195,
        0.0,
        0.0,
        4.0,
        4.0,
        0.0,
        0.0,
        0.0,
        0.0,
        0.0,
        0.0
    ],
    "cost": -106.68962935590713
}