{
    "load": [
        0.0,
        0.0,
        0.0,
        0.0,
        0.5469971708197576,
        0.8366633628890234,
        0.8879598261517856,
        0.8731715870790246,
        0.775910836314825,
        0.9190923452700268,
        0.8875097192480439,
        0.7962826937090242,
        2.5585907740406313,
        4.0,
        0.0,
        0.0,
        0.0,
        0.0,
        0.0,
        0.7822854537684236,
        0.6611748102986255,
        0.6587804101646242,
        0.7012769705680242,
        0.6969169712016239,
        0.5768763188926265,
        0.5941578837786246,
        0.6054890403406255,
        0.620204425988625,
        0.5795708352546249,
        0.6491503315626268,
        0.5428402620306265,
        0.6430017464906257,
        0.6344536789606252,
        0.5554042468206255,
        0.5757358999326243,
        0.48138435410862357,
        4.0,
        2.7608954340868053,
        0.0,
        0.0,
        4.0,
        4.0,
        0.0,
        0.0,
        0.0,
        0.0,
        0.0,
        0.0
    ],
    "cost": -106.6895328327931
}