{
    "name": "tcl135",
    "input_path": "tcl/input/tcl135",
    "output_path": "tcl/output/tcl135",
    "working_dir": "tcl/input/tcl135",
    "initial_temperature": 17.592812056905537,
    "coefDeltaTemp": 0.05625,
    "coefConso": 1.0,
    "puissanceMin": 0,
    "puissanceMax": 4,
    "temperature_max": 21.727717513057605,
    "temperature_min": 15.783025762908457,
    "chroniqueTempExt": [
        4.734531280988359,
        6.8702761500330425,
        5.929307555880544,
        5.853227144537094,
        4.857310763254102,
        5.2349338142368875,
        6.310229824184419,
        6.025833665348634,
        7.055671273871338,
        4.842874777757893,
        6.017021251985364,
        4.512997546252542,
        6.751149069334126,
        5.939912044882431,
        5.737348826141363,
        7.785278383481588,
        8.437278712627476,
        9.119555246482953,
        10.467751123693738,
        10.14172333005394,
        11.25497900985373,
        10.955793383604503,
        12.233133993629648,
        13.57249702596898,
        11.026099893383352,
        11.155090703314325,
        13.746229195892923,
        12.178635591924797,
        10.367486492775573,
        11.650350541262656,
        12.730859666841088,
        12.792427496765525,
        12.390145727117348,
        10.189559577296954,
        10.85156823995581,
        10.861957134181367,
        12.395030497020779,
        11.905480032918907,
        11.687367883619595,
        9.32674446885213,
        10.02825771208519,
        8.95514315631689,
        8.39249457685467,
        7.625441911333114,
        6.5478317118200655,
        6.623047831447878,
        5.7070675655178835,
        7.144594304683554
    ],
    "electricity_cost": [
        0.2068,
        0.2068,
        0.2068,
        0.2068,
        0.2068,
        0.2068,
        0.2068,
        0.2068,
        0.2068,
        0.2068,
        0.2068,
        0.2068,
        0.2068,
        0.2068,
        0.2516,
        0.2516,
        0.2516,
        0.2516,
        0.2516,
        0.2516,
        0.2516,
        0.2516,
        0.2516,
        0.2516,
        0.2516,
        0.2516,
        0.2516,
        0.2516,
        0.2516,
        0.2516,
        0.2516,
        0.2516,
        0.2516,
        0.2516,
        0.2516,
        0.2516,
        0.2516,
        0.2516,
        0.2516,
        0.2516,
        0.2516,
        0.2516,
        0.2516,
        0.2516,
        0.2516,
        0.2516,
        0.2068,
        0.2068
    ]
}