{
    "name": "tcl16",
    "input_path": "tcl/input/tcl16",
    "output_path": "tcl/output/tcl16",
    "working_dir": "tcl/input/tcl16",
    "initial_temperature": 19.30332532704326,
    "coefDeltaTemp": 0.05625,
    "coefConso": 1.0,
    "puissanceMin": 0,
    "puissanceMax": 4,
    "temperature_max": 20.659397899990118,
    "temperature_min": 15.005408312230688,
    "chroniqueTempExt": [
        1.335315335099415,
        1.2862118794898723,
        2.2117040255539844,
        3.362489550155823,
        0.3195580972696134,
        2.78162506034442,
        -0.3216613931569119,
        -0.4657388374702571,
        0.413632036085285,
        0.49952096981583805,
        2.4301617714089194,
        -0.10571646906738508,
        0.5681456991986237,
        1.9366615724966993,
        0.6462927559034266,
        0.8388854236035042,
        3.9557462181436733,
        3.2584004748883917,
        3.341906348963686,
        3.8938343785652294,
        3.933055743695947,
        5.364539227570801,
        4.14787799745036,
        6.233163209116567,
        5.495674920679063,
        5.4504856580808525,
        6.301327435744048,
        4.960015397205585,
        5.360989485005638,
        5.355866427562313,
        8.26315977441643,
        5.574067596057971,
        8.013926600721943,
        6.657540841134545,
        6.154161243195533,
        4.696443526821465,
        7.603114322226289,
        4.354827057251779,
        5.054036577482598,
        3.9216794137316247,
        2.8736567257700747,
        3.550961657518136,
        3.359931182945144,
        3.885059452618779,
        4.231157012319038,
        3.419609502960663,
        1.6939194276628633,
        0.03476224896893865
    ],
    "electricity_cost": [
        0.2068,
        0.2068,
        0.2068,
        0.2068,
        0.2068,
        0.2068,
        0.2068,
        0.2068,
        0.2068,
        0.2068,
        0.2068,
        0.2068,
        0.2068,
        0.2068,
        0.2516,
        0.2516,
        0.2516,
        0.2516,
        0.2516,
        0.2516,
        0.2516,
        0.2516,
        0.2516,
        0.2516,
        0.2516,
        0.2516,
        0.2516,
        0.2516,
        0.2516,
        0.2516,
        0.2516,
        0.2516,
        0.2516,
        0.2516,
        0.2516,
        0.2516,
        0.2516,
        0.2516,
        0.2516,
        0.2516,
        0.2516,
        0.2516,
        0.2516,
        0.2516,
        0.2516,
        0.2516,
        0.2068,
        0.2068
    ]
}