{
    "name": "tcl179",
    "input_path": "tcl/input/tcl179",
    "output_path": "tcl/output/tcl179",
    "working_dir": "tcl/input/tcl179",
    "initial_temperature": 18.499104630946086,
    "coefDeltaTemp": 0.05625,
    "coefConso": 1.0,
    "puissanceMin": 0,
    "puissanceMax": 4,
    "temperature_max": 20.034450718162695,
    "temperature_min": 15.37093471121868,
    "chroniqueTempExt": [
        15.923938722403516,
        15.559939720694157,
        14.486576338299281,
        15.278804442646038,
        16.039685960501043,
        15.975490374210946,
        15.53883115303379,
        13.457730505636702,
        14.613665051089683,
        13.933834803333525,
        14.924035093864573,
        16.46349064584103,
        16.42422783126558,
        16.74895950516805,
        17.61803763692941,
        16.389376377316893,
        16.939434517382715,
        18.917875760217758,
        18.00465260130813,
        20.244040353173975,
        19.910332961003395,
        19.23417957498963,
        21.604650147862937,
        20.553993965724253,
        21.939381304113976,
        22.87385154828208,
        22.27182656062261,
        23.038681125948166,
        21.655426268457862,
        21.855382385361704,
        20.920237746892816,
        22.677399524764155,
        23.45565849714057,
        20.86648531368467,
        21.923839160697582,
        20.70500999315133,
        23.118954125872083,
        24.05904779189064,
        20.45198062538278,
        17.946927938140195,
        20.42246773777878,
        20.17483883232893,
        17.681134850347355,
        16.38572219000932,
        17.601475766899846,
        16.511329716553675,
        13.09540861835334,
        14.012677707933488
    ],
    "electricity_cost": [
        0.2068,
        0.2068,
        0.2068,
        0.2068,
        0.2068,
        0.2068,
        0.2068,
        0.2068,
        0.2068,
        0.2068,
        0.2068,
        0.2068,
        0.2068,
        0.2068,
        0.2516,
        0.2516,
        0.2516,
        0.2516,
        0.2516,
        0.2516,
        0.2516,
        0.2516,
        0.2516,
        0.2516,
        0.2516,
        0.2516,
        0.2516,
        0.2516,
        0.2516,
        0.2516,
        0.2516,
        0.2516,
        0.2516,
        0.2516,
        0.2516,
        0.2516,
        0.2516,
        0.2516,
        0.2516,
        0.2516,
        0.2516,
        0.2516,
        0.2516,
        0.2516,
        0.2516,
        0.2516,
        0.2068,
        0.2068
    ]
}