{
    "name": "tcl23",
    "input_path": "tcl/input/tcl23",
    "output_path": "tcl/output/tcl23",
    "working_dir": "tcl/input/tcl23",
    "initial_temperature": 18.88666313807304,
    "coefDeltaTemp": 0.05625,
    "coefConso": 1,
    "puissanceMin": 0,
    "puissanceMax": 4,
    "temperature_max": 20.258100724562087,
    "temperature_min": 16.61896846317125,
    "chroniqueTempExt": [
        12.285535800310159,
        11.542399066797767,
        13.444890807586647,
        11.749960574504223,
        12.632441676188307,
        11.691515244532713,
        12.81698457789403,
        10.112364121112396,
        12.644448864362966,
        11.55294276591058,
        11.325195330831741,
        12.277621766265453,
        13.21925332417003,
        13.36913205335679,
        14.791238779734456,
        13.30800685537462,
        13.744955669719182,
        16.645959794414974,
        17.346592474746732,
        16.007253500672228,
        15.750576830777884,
        15.294444347090476,
        19.849243300399216,
        19.86566058186685,
        18.205907640777756,
        20.048731577545713,
        21.0061825941238,
        18.679028940938604,
        19.089106458728022,
        18.96398618204703,
        18.788843732310994,
        19.689385108331702,
        20.39589601313026,
        18.626852269036558,
        19.868437244475516,
        18.872166538752456,
        20.9118938720744,
        16.54367632568741,
        16.964056145033595,
        17.761716200302054,
        16.396126606635637,
        14.348486568176703,
        15.508127869243399,
        13.487149679175468,
        13.674152975140231,
        13.527309257618832,
        14.88864515669231,
        13.054936937945454
    ],
    "electricity_cost": [
        0.2068,
        0.2068,
        0.2068,
        0.2068,
        0.2068,
        0.2068,
        0.2068,
        0.2068,
        0.2068,
        0.2068,
        0.2068,
        0.2068,
        0.2068,
        0.2068,
        0.2516,
        0.2516,
        0.2516,
        0.2516,
        0.2516,
        0.2516,
        0.2516,
        0.2516,
        0.2516,
        0.2516,
        0.2516,
        0.2516,
        0.2516,
        0.2516,
        0.2516,
        0.2516,
        0.2516,
        0.2516,
        0.2516,
        0.2516,
        0.2516,
        0.2516,
        0.2516,
        0.2516,
        0.2516,
        0.2516,
        0.2516,
        0.2516,
        0.2516,
        0.2516,
        0.2516,
        0.2516,
        0.2068,
        0.2068
    ]
}