{
    "name": "tcl134",
    "input_path": "tcl/input/tcl134",
    "output_path": "tcl/output/tcl134",
    "working_dir": "tcl/input/tcl134",
    "initial_temperature": 17.909300987950473,
    "coefDeltaTemp": 0.05625,
    "coefConso": 1.0,
    "puissanceMin": 0,
    "puissanceMax": 4,
    "temperature_max": 20.049895480129663,
    "temperature_min": 16.29865664709679,
    "chroniqueTempExt": [
        6.652844946794358,
        5.497636691607091,
        6.259711937539263,
        5.789408467273947,
        5.193334617990267,
        7.55625429533747,
        5.928797808653239,
        6.656888683900243,
        6.601794320914368,
        7.007863606380367,
        5.067238085095837,
        4.645963004323442,
        6.651249139205771,
        6.118779035801969,
        8.688623318455981,
        7.440924052937293,
        8.727097030466968,
        9.237805543627351,
        9.005250653325401,
        9.50558195476499,
        10.222195296300814,
        10.625921387908974,
        13.052643376778198,
        13.848335072815708,
        13.24513612676079,
        10.857052037818207,
        11.595689629728431,
        13.37966079672301,
        13.021058490874175,
        11.492424018950892,
        9.47669809988779,
        13.19425263976031,
        13.397904975958618,
        13.971186647544474,
        11.891407909080991,
        11.411705688238632,
        12.25493005693653,
        12.336336419897492,
        11.651268157948211,
        9.850523378240938,
        9.069166690345885,
        9.160089764198702,
        9.388483873559995,
        7.568087430609003,
        6.0279646241782,
        6.505530006588623,
        6.4317325224904955,
        5.526034337380347
    ],
    "electricity_cost": [
        0.2068,
        0.2068,
        0.2068,
        0.2068,
        0.2068,
        0.2068,
        0.2068,
        0.2068,
        0.2068,
        0.2068,
        0.2068,
        0.2068,
        0.2068,
        0.2068,
        0.2516,
        0.2516,
        0.2516,
        0.2516,
        0.2516,
        0.2516,
        0.2516,
        0.2516,
        0.2516,
        0.2516,
        0.2516,
        0.2516,
        0.2516,
        0.2516,
        0.2516,
        0.2516,
        0.2516,
        0.2516,
        0.2516,
        0.2516,
        0.2516,
        0.2516,
        0.2516,
        0.2516,
        0.2516,
        0.2516,
        0.2516,
        0.2516,
        0.2516,
        0.2516,
        0.2516,
        0.2516,
        0.2068,
        0.2068
    ]
}