{
    "name": "tcl201",
    "input_path": "tcl/input/tcl201",
    "output_path": "tcl/output/tcl201",
    "working_dir": "tcl/input/tcl201",
    "initial_temperature": 18.33381224146373,
    "coefDeltaTemp": 0.05625,
    "coefConso": 1.0,
    "puissanceMin": 0,
    "puissanceMax": 4,
    "temperature_max": 20.847917182819284,
    "temperature_min": 16.307761251026704,
    "chroniqueTempExt": [
        3.5876425981103153,
        4.354118419671284,
        4.35585137245589,
        4.0807044928367695,
        4.126288663501198,
        2.249948124787047,
        2.9011329735640565,
        3.8052076542486852,
        4.482641080720475,
        5.911474905316725,
        3.38407638455773,
        4.1212533729492336,
        2.684807887363351,
        5.435790042812895,
        4.7233877163093165,
        5.681084500745733,
        6.529131265430797,
        6.116861574396675,
        6.283591075628501,
        6.753343860546007,
        7.554862692302608,
        7.58878992906271,
        7.341809812753508,
        7.885721411150289,
        8.472962691910515,
        8.814242316283456,
        8.696443006783735,
        10.18267998636946,
        7.7220825524999945,
        8.613919096265231,
        8.722809062714429,
        9.782919447011361,
        8.282298475423413,
        10.156810590494088,
        8.76615192744217,
        7.96713735804776,
        8.485926564298412,
        8.894749320412515,
        6.739516142313162,
        5.545245978907413,
        5.7354334754846805,
        8.475682524666345,
        6.973289359541727,
        4.389751586383951,
        5.03458017481083,
        3.673163311241667,
        6.279597613944261,
        4.911576370003934
    ],
    "electricity_cost": [
        0.2068,
        0.2068,
        0.2068,
        0.2068,
        0.2068,
        0.2068,
        0.2068,
        0.2068,
        0.2068,
        0.2068,
        0.2068,
        0.2068,
        0.2068,
        0.2068,
        0.2516,
        0.2516,
        0.2516,
        0.2516,
        0.2516,
        0.2516,
        0.2516,
        0.2516,
        0.2516,
        0.2516,
        0.2516,
        0.2516,
        0.2516,
        0.2516,
        0.2516,
        0.2516,
        0.2516,
        0.2516,
        0.2516,
        0.2516,
        0.2516,
        0.2516,
        0.2516,
        0.2516,
        0.2516,
        0.2516,
        0.2516,
        0.2516,
        0.2516,
        0.2516,
        0.2516,
        0.2516,
        0.2068,
        0.2068
    ]
}