{
    "name": "tcl237",
    "input_path": "tcl/input/tcl237",
    "output_path": "tcl/output/tcl237",
    "working_dir": "tcl/input/tcl237",
    "initial_temperature": 19.367784547807723,
    "coefDeltaTemp": 0.05625,
    "coefConso": 1.0,
    "puissanceMin": 0,
    "puissanceMax": 4,
    "temperature_max": 21.783974562074953,
    "temperature_min": 16.447591627729196,
    "chroniqueTempExt": [
        3.4109133022211764,
        2.7147190332983815,
        2.6287492749783126,
        2.7788041363025036,
        3.9177640746113394,
        1.847720234909169,
        1.571691282594291,
        1.9695252392051976,
        1.3624687105714015,
        3.106002519677524,
        2.9311374738388287,
        2.8915715692338053,
        2.0624187462982206,
        3.816547046416533,
        3.868604467074114,
        4.547568238562489,
        4.8844713438552265,
        5.365564823411624,
        5.46056231700704,
        5.747871142445087,
        6.530851342494238,
        7.107277999976658,
        9.982148364947534,
        9.214666700927621,
        8.890196932757926,
        8.015449332964055,
        8.407361611736288,
        8.643657652931115,
        9.516446918125252,
        9.236515408916715,
        8.27823563399057,
        7.776630532264647,
        10.902898917447114,
        10.942712934470345,
        8.319879584830394,
        10.794549278746214,
        11.430592823278975,
        7.7974455815381765,
        9.109954724670299,
        7.662810374643922,
        6.046642647905616,
        6.123223077017061,
        5.4485501550057585,
        5.817658356359419,
        5.131300532064819,
        4.1040482282215125,
        4.969776116849545,
        3.507489653934163
    ],
    "electricity_cost": [
        0.2068,
        0.2068,
        0.2068,
        0.2068,
        0.2068,
        0.2068,
        0.2068,
        0.2068,
        0.2068,
        0.2068,
        0.2068,
        0.2068,
        0.2068,
        0.2068,
        0.2516,
        0.2516,
        0.2516,
        0.2516,
        0.2516,
        0.2516,
        0.2516,
        0.2516,
        0.2516,
        0.2516,
        0.2516,
        0.2516,
        0.2516,
        0.2516,
        0.2516,
        0.2516,
        0.2516,
        0.2516,
        0.2516,
        0.2516,
        0.2516,
        0.2516,
        0.2516,
        0.2516,
        0.2516,
        0.2516,
        0.2516,
        0.2516,
        0.2516,
        0.2516,
        0.2516,
        0.2516,
        0.2068,
        0.2068
    ]
}