{
    "load": [
        0.0,
        0.0,
        0.0,
        0.0,
        0.0,
        0.0,
        0.8031591038796684,
        0.9094340408830724,
        0.8087150293030724,
        0.8024976783442724,
        0.7711652062078724,
        0.8801865791997724,
        2.352143631694755,
        4.0,
        0.0,
        0.0,
        0.0,
        0.0,
        0.0,
        0.7635853385836724,
        0.6312098848868724,
        0.6310979281168724,
        0.6089871513468724,
        0.6049670345348724,
        0.6350592303848724,
        0.5359284982668724,
        0.6299072646728724,
        0.6424924108208724,
        0.5858574460128725,
        0.6368872516468724,
        0.5186883765728725,
        0.5298370701448725,
        0.5539932473108724,
        0.5638635481488724,
        0.4826661729928724,
        0.6056987264788725,
        4.0,
        3.1803263008039053,
        0.0,
        0.0,
        4.0,
        4.0,
        0.0,
        0.0,
        0.0,
        0.0,
        0.0,
        0.0
    ],
    "cost": -109.83782066555958
}