{
    "load": [
        0.0,
        0.0,
        0.0,
        0.0,
        0.0,
        0.0,
        0.8031591038796684,
        0.9094340408830739,
        0.8087150293030732,
        0.8024976783442739,
        0.771165206207872,
        0.8801865791997727,
        2.352143631694755,
        4.0,
        0.0,
        0.0,
        0.0,
        0.0,
        0.0,
        0.763585338583674,
        0.6312098848868715,
        0.6310979281168727,
        0.6089871513468736,
        0.604967034534873,
        0.6350592303848721,
        0.5359284982668733,
        0.6299072646728732,
        0.6424924108208714,
        0.5858574460128736,
        0.636887251646872,
        0.5186883765728716,
        0.5298370701448718,
        0.5539932473108742,
        0.5638635481488734,
        0.4826661729928716,
        0.6056987264788738,
        4.0,
        3.180326300803898,
        0.0,
        0.0,
        4.0,
        4.0,
        0.0,
        0.0,
        0.0,
        0.0,
        0.0,
        0.0
    ],
    "cost": -109.83772896024655
}