{
    "name": "tcl151",
    "input_path": "tcl/input/tcl151",
    "output_path": "tcl/output/tcl151",
    "working_dir": "tcl/input/tcl151",
    "initial_temperature": 18.496490236280422,
    "coefDeltaTemp": 0.05625,
    "coefConso": 1.0,
    "puissanceMin": 0,
    "puissanceMax": 4,
    "temperature_max": 20.335855568637605,
    "temperature_min": 16.400741927399455,
    "chroniqueTempExt": [
        14.281567951249498,
        13.63122169678234,
        15.033393006891812,
        14.75533919167302,
        15.205611748101601,
        14.95780798341281,
        14.65092687362772,
        14.81303902816327,
        13.31796341638432,
        17.18046317456527,
        15.23681368871042,
        13.591491037584456,
        15.353647669289233,
        14.716940879466344,
        14.920427234348416,
        16.73086534354649,
        16.195993866674545,
        17.52033359216585,
        16.203933133702627,
        19.14571362808539,
        18.887149589011077,
        21.843674011371593,
        18.953533025385244,
        21.950214675948974,
        21.787451332841133,
        21.425605535147138,
        20.56163371449812,
        21.92191820546441,
        23.731248868749365,
        20.237299392695007,
        22.27623172942727,
        20.782841473753717,
        22.282151610883826,
        22.373205388408632,
        22.35280266236357,
        21.247309574060342,
        21.006293069740206,
        21.63142537179369,
        18.79658012183417,
        19.700810550959183,
        18.071434538763512,
        20.088944208884666,
        19.314033034906714,
        16.828861297871818,
        17.03712383547466,
        15.976897172603211,
        17.949179308689054,
        13.996478153351285
    ],
    "electricity_cost": [
        0.2068,
        0.2068,
        0.2068,
        0.2068,
        0.2068,
        0.2068,
        0.2068,
        0.2068,
        0.2068,
        0.2068,
        0.2068,
        0.2068,
        0.2068,
        0.2068,
        0.2516,
        0.2516,
        0.2516,
        0.2516,
        0.2516,
        0.2516,
        0.2516,
        0.2516,
        0.2516,
        0.2516,
        0.2516,
        0.2516,
        0.2516,
        0.2516,
        0.2516,
        0.2516,
        0.2516,
        0.2516,
        0.2516,
        0.2516,
        0.2516,
        0.2516,
        0.2516,
        0.2516,
        0.2516,
        0.2516,
        0.2516,
        0.2516,
        0.2516,
        0.2516,
        0.2516,
        0.2516,
        0.2068,
        0.2068
    ]
}