{
    "name": "tcl167",
    "input_path": "tcl/input/tcl167",
    "output_path": "tcl/output/tcl167",
    "working_dir": "tcl/input/tcl167",
    "initial_temperature": 18.86433184053591,
    "coefDeltaTemp": 0.05625,
    "coefConso": 1.0,
    "puissanceMin": 0,
    "puissanceMax": 4,
    "temperature_max": 21.420163094313395,
    "temperature_min": 16.595700563374816,
    "chroniqueTempExt": [
        15.15972278819151,
        13.723999018604783,
        13.273019233257495,
        14.890546090044511,
        16.321799943709475,
        14.475931925958966,
        14.701145629797187,
        13.808516525904887,
        15.208260446410659,
        14.85795746414491,
        15.373490594777097,
        13.955786133700661,
        16.401733752593845,
        15.36104559193471,
        16.93990753621914,
        17.053225604569427,
        17.032656620061275,
        19.12642569804371,
        18.838700288811307,
        18.148578545676244,
        21.60640012386949,
        20.740048003985866,
        20.839471890682606,
        22.948234922974546,
        21.18852535998868,
        20.02110582272378,
        23.11098133215263,
        20.449781723292354,
        21.97950890020155,
        23.925303447989165,
        22.949063086428403,
        22.24236904751002,
        21.626927341345272,
        23.32251349234694,
        22.051799800114917,
        24.316442146857653,
        21.36972903165428,
        21.56565342481146,
        21.91731123114565,
        20.113936605237082,
        20.87403309234711,
        19.320746098246634,
        17.79506676516723,
        18.12159727604959,
        17.39831771026275,
        15.92980752674072,
        17.67714483746418,
        16.16064017595401
    ],
    "electricity_cost": [
        0.2068,
        0.2068,
        0.2068,
        0.2068,
        0.2068,
        0.2068,
        0.2068,
        0.2068,
        0.2068,
        0.2068,
        0.2068,
        0.2068,
        0.2068,
        0.2068,
        0.2516,
        0.2516,
        0.2516,
        0.2516,
        0.2516,
        0.2516,
        0.2516,
        0.2516,
        0.2516,
        0.2516,
        0.2516,
        0.2516,
        0.2516,
        0.2516,
        0.2516,
        0.2516,
        0.2516,
        0.2516,
        0.2516,
        0.2516,
        0.2516,
        0.2516,
        0.2516,
        0.2516,
        0.2516,
        0.2516,
        0.2516,
        0.2516,
        0.2516,
        0.2516,
        0.2516,
        0.2516,
        0.2068,
        0.2068
    ]
}