{
    "name": "tcl86",
    "input_path": "tcl/input/tcl86",
    "output_path": "tcl/output/tcl86",
    "working_dir": "tcl/input/tcl86",
    "initial_temperature": 17.925834190492306,
    "coefDeltaTemp": 0.05625,
    "coefConso": 1.0,
    "puissanceMin": 0,
    "puissanceMax": 4,
    "temperature_max": 20.844666491946384,
    "temperature_min": 16.70299444128267,
    "chroniqueTempExt": [
        9.522693430901091,
        8.401026450255173,
        9.991315892347625,
        11.488018587372656,
        8.380410491623014,
        9.931672488200824,
        10.881122789722786,
        9.398454549185185,
        8.913550306823396,
        8.70741795700704,
        10.066141703381321,
        9.41877504897554,
        10.70980912612641,
        8.537633712164851,
        9.578710642993487,
        10.262764656257232,
        12.461427787222565,
        11.742633137771398,
        13.536182018716458,
        12.837470931449747,
        12.615240968654275,
        15.55765168054169,
        16.353104810930926,
        15.621126105375515,
        15.665796164542865,
        17.20364674676755,
        17.65394625646584,
        16.906127542478185,
        15.350867008020883,
        13.868786780815022,
        14.484821310927671,
        15.626988742846315,
        16.70752643900003,
        16.90439232056211,
        15.14294795179424,
        16.795832076592852,
        16.870828723095347,
        17.666676308927332,
        14.502642889530023,
        14.362330713471247,
        14.999598741308851,
        11.265395883061682,
        12.033211577963906,
        11.895524317819813,
        11.648269396352152,
        10.054073380930822,
        11.36063669722246,
        10.96582626356983
    ],
    "electricity_cost": [
        0.2068,
        0.2068,
        0.2068,
        0.2068,
        0.2068,
        0.2068,
        0.2068,
        0.2068,
        0.2068,
        0.2068,
        0.2068,
        0.2068,
        0.2068,
        0.2068,
        0.2516,
        0.2516,
        0.2516,
        0.2516,
        0.2516,
        0.2516,
        0.2516,
        0.2516,
        0.2516,
        0.2516,
        0.2516,
        0.2516,
        0.2516,
        0.2516,
        0.2516,
        0.2516,
        0.2516,
        0.2516,
        0.2516,
        0.2516,
        0.2516,
        0.2516,
        0.2516,
        0.2516,
        0.2516,
        0.2516,
        0.2516,
        0.2516,
        0.2516,
        0.2516,
        0.2516,
        0.2516,
        0.2068,
        0.2068
    ]
}