{
    "name": "tcl87",
    "input_path": "tcl/input/tcl87",
    "output_path": "tcl/output/tcl87",
    "working_dir": "tcl/input/tcl87",
    "initial_temperature": 18.546673969711186,
    "coefDeltaTemp": 0.05625,
    "coefConso": 1.0,
    "puissanceMin": 0,
    "puissanceMax": 4,
    "temperature_max": 20.42062507919597,
    "temperature_min": 15.481459519808602,
    "chroniqueTempExt": [
        14.506306863681857,
        13.837481701470326,
        14.75079423580923,
        13.928558431510174,
        16.184135918649712,
        16.043268647817932,
        16.690452022537187,
        13.978816001421606,
        14.966472853477256,
        15.187589239540385,
        13.645274137784208,
        16.16073171590476,
        13.889224329415473,
        15.40664832071559,
        17.54922045458806,
        17.471893474403387,
        19.223654290892142,
        18.205574394889844,
        19.14940379923351,
        20.35375974833005,
        21.807858288692607,
        22.32892464153516,
        20.80290436055444,
        23.898484738520377,
        21.67347687237222,
        21.675496556244997,
        20.891998257389663,
        22.870041293161176,
        22.207447192534566,
        21.974874174248257,
        21.086862833031088,
        24.05995402472918,
        22.55500948997408,
        22.888535027817806,
        22.6070393401383,
        22.19838826652132,
        21.199889377117824,
        22.513840157018176,
        21.55678221706976,
        18.636979395584337,
        19.35850610792817,
        19.288820378409895,
        17.16771547877023,
        17.020078565881683,
        16.724619354437568,
        15.5504167511223,
        14.070557901890831,
        17.552144443496648
    ],
    "electricity_cost": [
        0.2068,
        0.2068,
        0.2068,
        0.2068,
        0.2068,
        0.2068,
        0.2068,
        0.2068,
        0.2068,
        0.2068,
        0.2068,
        0.2068,
        0.2068,
        0.2068,
        0.2516,
        0.2516,
        0.2516,
        0.2516,
        0.2516,
        0.2516,
        0.2516,
        0.2516,
        0.2516,
        0.2516,
        0.2516,
        0.2516,
        0.2516,
        0.2516,
        0.2516,
        0.2516,
        0.2516,
        0.2516,
        0.2516,
        0.2516,
        0.2516,
        0.2516,
        0.2516,
        0.2516,
        0.2516,
        0.2516,
        0.2516,
        0.2516,
        0.2516,
        0.2516,
        0.2516,
        0.2516,
        0.2068,
        0.2068
    ]
}