{
    "name": "tcl95",
    "input_path": "tcl/input/tcl95",
    "output_path": "tcl/output/tcl95",
    "working_dir": "tcl/input/tcl95",
    "initial_temperature": 19.098044237260314,
    "coefDeltaTemp": 0.05625,
    "coefConso": 1.0,
    "puissanceMin": 0,
    "puissanceMax": 4,
    "temperature_max": 20.441623981622854,
    "temperature_min": 15.031218462409107,
    "chroniqueTempExt": [
        16.568362134475915,
        14.623275005513468,
        15.321359344398223,
        14.008472514532743,
        15.140202268476513,
        15.313763482458908,
        15.000191442648028,
        14.668916437493714,
        14.002291287713133,
        13.560939599063301,
        15.507225280371745,
        14.283935771007542,
        14.722460879511152,
        15.685276603769848,
        15.366862469495882,
        17.925523675155794,
        18.952117109879737,
        17.560241750460587,
        17.01081964825587,
        19.9934471884052,
        20.26479179819146,
        19.252473027361972,
        21.26885229087956,
        20.797179631986197,
        23.107507697773087,
        22.404599740525594,
        21.854087763055222,
        22.314342673504235,
        21.99435780305294,
        21.95150418105883,
        20.8624114125922,
        22.60619737916626,
        21.736611082298257,
        21.551353263900918,
        21.20516891916328,
        22.038605463353353,
        20.94614672004046,
        19.979299191588623,
        21.866669475765477,
        19.80079795115417,
        19.86406168732352,
        18.53338413207825,
        16.866066624816455,
        18.672136954839775,
        16.503227106746667,
        15.971231272658638,
        17.124520501002866,
        15.54130252514062
    ],
    "electricity_cost": [
        0.2068,
        0.2068,
        0.2068,
        0.2068,
        0.2068,
        0.2068,
        0.2068,
        0.2068,
        0.2068,
        0.2068,
        0.2068,
        0.2068,
        0.2068,
        0.2068,
        0.2516,
        0.2516,
        0.2516,
        0.2516,
        0.2516,
        0.2516,
        0.2516,
        0.2516,
        0.2516,
        0.2516,
        0.2516,
        0.2516,
        0.2516,
        0.2516,
        0.2516,
        0.2516,
        0.2516,
        0.2516,
        0.2516,
        0.2516,
        0.2516,
        0.2516,
        0.2516,
        0.2516,
        0.2516,
        0.2516,
        0.2516,
        0.2516,
        0.2516,
        0.2516,
        0.2516,
        0.2516,
        0.2068,
        0.2068
    ]
}