{
    "name": "tcl31",
    "input_path": "tcl/input/tcl31",
    "output_path": "tcl/output/tcl31",
    "working_dir": "tcl/input/tcl31",
    "initial_temperature": 19.44657033358827,
    "coefDeltaTemp": 0.05625,
    "coefConso": 1,
    "puissanceMin": 0,
    "puissanceMax": 4,
    "temperature_max": 20.57129537731478,
    "temperature_min": 16.094327578733626,
    "chroniqueTempExt": [
        15.017309763834065,
        14.714240413174966,
        15.354132111303059,
        15.457359041969905,
        14.472675695888539,
        14.51204646737249,
        15.946506962808552,
        14.983550146667612,
        16.10215226078956,
        14.065869243407874,
        15.029898742991916,
        15.377298292288648,
        16.614202143950912,
        15.401093101180454,
        18.147963041061224,
        15.995947490493517,
        17.70508163424026,
        18.841854808731934,
        18.382095536639703,
        20.442223723044776,
        21.40115066334734,
        20.918732867623348,
        22.036425026209685,
        19.95386205253383,
        22.52191742928209,
        23.85755252899247,
        21.161023952983562,
        21.903818116019742,
        23.20253781922766,
        21.686368050127246,
        19.809410426397307,
        20.729343649484225,
        22.181694374747103,
        21.78808691433932,
        24.205721857075382,
        22.588521550842476,
        20.567509326412633,
        21.48741807993666,
        20.0593735267691,
        19.648117278407575,
        19.83116390370485,
        18.216182673094586,
        16.39660033473009,
        17.84242930976814,
        16.298135800824703,
        15.723361780034764,
        16.213843650736187,
        14.757448511912443
    ],
    "electricity_cost": [
        0.2068,
        0.2068,
        0.2068,
        0.2068,
        0.2068,
        0.2068,
        0.2068,
        0.2068,
        0.2068,
        0.2068,
        0.2068,
        0.2068,
        0.2068,
        0.2068,
        0.2516,
        0.2516,
        0.2516,
        0.2516,
        0.2516,
        0.2516,
        0.2516,
        0.2516,
        0.2516,
        0.2516,
        0.2516,
        0.2516,
        0.2516,
        0.2516,
        0.2516,
        0.2516,
        0.2516,
        0.2516,
        0.2516,
        0.2516,
        0.2516,
        0.2516,
        0.2516,
        0.2516,
        0.2516,
        0.2516,
        0.2516,
        0.2516,
        0.2516,
        0.2516,
        0.2516,
        0.2516,
        0.2068,
        0.2068
    ]
}