{
    "name": "tcl4",
    "input_path": "tcl/input/tcl4",
    "output_path": "tcl/output/tcl4",
    "working_dir": "tcl/input/tcl4",
    "initial_temperature": 17.757080354134498,
    "coefDeltaTemp": 0.05625,
    "coefConso": 1.0,
    "puissanceMin": 0,
    "puissanceMax": 4,
    "temperature_max": 20.53523261250799,
    "temperature_min": 16.638532345616532,
    "chroniqueTempExt": [
        1.3348320645252623,
        0.9597650296723641,
        -0.8156871805751258,
        0.6811594534202158,
        -0.5344504023217377,
        -0.6860241816152357,
        -0.05560111008346219,
        0.4751556452724079,
        1.1930172062754025,
        -1.0625631959422825,
        -0.47391155029609133,
        -0.5371455572406889,
        -0.5552275126861902,
        -0.32561702915551155,
        2.074624615035931,
        2.4278786429539183,
        1.897159122510474,
        1.8011661953857978,
        3.953223354213507,
        2.6748663602909675,
        3.692259613092573,
        4.586104110521572,
        2.4924931827728254,
        4.184931204394086,
        4.150438436103448,
        5.051081642750546,
        4.896572123186939,
        4.587917448177659,
        6.226777061666473,
        5.02775856663433,
        4.38993506371145,
        4.687987763839387,
        5.238201066376267,
        4.890687293816789,
        5.685290631924718,
        5.235898512944721,
        5.294417970486778,
        3.9957932147999706,
        5.603857504414076,
        4.987102852332383,
        3.3856783852243106,
        4.228435651839904,
        3.186050155792397,
        1.2349419897297056,
        1.3974865891734063,
        -1.1636642330436895,
        0.5719030611633705,
        0.3743516835787692
    ],
    "electricity_cost": [
        0.2068,
        0.2068,
        0.2068,
        0.2068,
        0.2068,
        0.2068,
        0.2068,
        0.2068,
        0.2068,
        0.2068,
        0.2068,
        0.2068,
        0.2068,
        0.2068,
        0.2516,
        0.2516,
        0.2516,
        0.2516,
        0.2516,
        0.2516,
        0.2516,
        0.2516,
        0.2516,
        0.2516,
        0.2516,
        0.2516,
        0.2516,
        0.2516,
        0.2516,
        0.2516,
        0.2516,
        0.2516,
        0.2516,
        0.2516,
        0.2516,
        0.2516,
        0.2516,
        0.2516,
        0.2516,
        0.2516,
        0.2516,
        0.2516,
        0.2516,
        0.2516,
        0.2516,
        0.2516,
        0.2068,
        0.2068
    ]
}