{
    "name": "tcl138",
    "input_path": "tcl/input/tcl138",
    "output_path": "tcl/output/tcl138",
    "working_dir": "tcl/input/tcl138",
    "initial_temperature": 18.275334046284943,
    "coefDeltaTemp": 0.05625,
    "coefConso": 1.0,
    "puissanceMin": 0,
    "puissanceMax": 4,
    "temperature_max": 21.677505570828508,
    "temperature_min": 15.54655584342916,
    "chroniqueTempExt": [
        2.19918420727572,
        2.307054512107876,
        -0.20111238201741855,
        0.2845181485419689,
        0.988389644910672,
        1.1217828771052476,
        0.793374864514872,
        1.2408477958026605,
        0.6016126679432986,
        1.0784840125510047,
        0.6280982197615188,
        0.7495156167182042,
        2.478450735717347,
        1.1972581360870977,
        2.3169973483490134,
        2.2218156103412485,
        2.7676776176340927,
        3.221457980470316,
        1.8314364258242233,
        5.848112999267457,
        3.6445621351703426,
        4.520815343563285,
        5.124962236514596,
        6.624847030381787,
        6.362166023309576,
        5.767588439415329,
        6.171995592470899,
        5.299488478600711,
        5.5998249215270945,
        5.565142303514151,
        6.828856854210833,
        9.43714743421176,
        7.103102363151089,
        7.1429775954617805,
        6.103556550500135,
        5.662801685143898,
        3.9975115652974016,
        5.458726601413579,
        4.041623638321192,
        6.573357951502612,
        2.6639975673188863,
        5.048857032051844,
        2.8808594334800612,
        2.4186961790791988,
        1.3686893552938793,
        2.420404115224125,
        1.2326081412542669,
        -1.527721754327533
    ],
    "electricity_cost": [
        0.2068,
        0.2068,
        0.2068,
        0.2068,
        0.2068,
        0.2068,
        0.2068,
        0.2068,
        0.2068,
        0.2068,
        0.2068,
        0.2068,
        0.2068,
        0.2068,
        0.2516,
        0.2516,
        0.2516,
        0.2516,
        0.2516,
        0.2516,
        0.2516,
        0.2516,
        0.2516,
        0.2516,
        0.2516,
        0.2516,
        0.2516,
        0.2516,
        0.2516,
        0.2516,
        0.2516,
        0.2516,
        0.2516,
        0.2516,
        0.2516,
        0.2516,
        0.2516,
        0.2516,
        0.2516,
        0.2516,
        0.2516,
        0.2516,
        0.2516,
        0.2516,
        0.2516,
        0.2516,
        0.2068,
        0.2068
    ]
}