{
    "load": [
        0.0,
        0.0,
        0.0,
        0.0,
        0.0,
        0.0,
        0.0,
        0.0,
        0.0,
        0.0,
        0.0,
        0.501190248963745,
        0.6689249399362982,
        4.0,
        0.0,
        0.0,
        0.0,
        0.0,
        0.0,
        0.40420467413128947,
        0.39809791014949825,
        0.3551027094894983,
        0.46248747908549825,
        0.2927308967614982,
        0.36482911038349825,
        0.30965601245549823,
        0.3977294945354983,
        0.40803315096949827,
        0.3546116677334983,
        0.3944823060454983,
        0.4070661082274983,
        0.4384701483814983,
        0.3463147157574983,
        0.36339048197949825,
        0.3070835906954983,
        0.3108128623474983,
        4.0,
        1.7851788137205133,
        0.0,
        0.0,
        4.0,
        4.0,
        0.0,
        0.0,
        0.0,
        0.0,
        0.0,
        0.0
    ],
    "cost": -101.25656625696504
}