{
    "load": [
        0.0,
        0.0,
        0.0,
        0.0,
        0.0,
        0.0,
        0.0,
        0.0,
        0.0,
        0.0,
        0.0,
        0.501190248963745,
        0.6689249399363,
        4.0,
        0.0,
        0.0,
        0.0,
        0.0,
        0.0,
        0.40420467413128947,
        0.3980979101494988,
        0.35510270948949696,
        0.4624874790854996,
        0.29273089676149766,
        0.36482911038349997,
        0.30965601245549834,
        0.397729494535497,
        0.4080331509694979,
        0.35461166773349717,
        0.3944823060454965,
        0.40706610822749667,
        0.4384701483814979,
        0.3463147157574973,
        0.3633904819794971,
        0.3070835906954983,
        0.31081286234749683,
        4.0,
        1.7851788137205133,
        0.0,
        0.0,
        4.0,
        4.0,
        0.0,
        0.0,
        0.0,
        0.0,
        0.0,
        0.0
    ],
    "cost": -101.25645852626289
}