{
    "name": "tcl163",
    "input_path": "tcl/input/tcl163",
    "output_path": "tcl/output/tcl163",
    "working_dir": "tcl/input/tcl163",
    "initial_temperature": 19.37118563114113,
    "coefDeltaTemp": 0.05625,
    "coefConso": 1.0,
    "puissanceMin": 0,
    "puissanceMax": 4,
    "temperature_max": 20.472468345145078,
    "temperature_min": 15.132033127305771,
    "chroniqueTempExt": [
        5.072367741500913,
        4.1134373677673555,
        5.06653739938524,
        2.9029881518175022,
        5.000223377811052,
        6.778971127418062,
        5.307294395024071,
        4.577681938311468,
        3.3822791263642014,
        3.1050175921268037,
        3.9491257695771216,
        2.5312024386371466,
        4.844842216600268,
        5.102516154685873,
        4.537236743163748,
        4.986638843551331,
        6.238278007555294,
        6.944143387561739,
        5.6275486810629545,
        8.598845382910376,
        8.127868989960682,
        7.174813683113281,
        7.830588260038037,
        8.866959657350233,
        10.046545556327969,
        8.036454268217039,
        8.350370306260714,
        10.582336762845719,
        8.903791699585623,
        9.764363777938154,
        7.502615852551283,
        9.497745604642715,
        7.477466942357278,
        10.481899071368856,
        9.186115224841496,
        10.114886865845298,
        9.587895739675355,
        7.965381469666546,
        8.37978022736861,
        7.816421684280426,
        8.222188073243323,
        9.359959282219968,
        6.325784361413173,
        7.157607575987772,
        5.49768135351025,
        5.539972771372864,
        2.9849329009285688,
        2.781890814990507
    ],
    "electricity_cost": [
        0.2068,
        0.2068,
        0.2068,
        0.2068,
        0.2068,
        0.2068,
        0.2068,
        0.2068,
        0.2068,
        0.2068,
        0.2068,
        0.2068,
        0.2068,
        0.2068,
        0.2516,
        0.2516,
        0.2516,
        0.2516,
        0.2516,
        0.2516,
        0.2516,
        0.2516,
        0.2516,
        0.2516,
        0.2516,
        0.2516,
        0.2516,
        0.2516,
        0.2516,
        0.2516,
        0.2516,
        0.2516,
        0.2516,
        0.2516,
        0.2516,
        0.2516,
        0.2516,
        0.2516,
        0.2516,
        0.2516,
        0.2516,
        0.2516,
        0.2516,
        0.2516,
        0.2516,
        0.2516,
        0.2068,
        0.2068
    ]
}