{
    "name": "tcl199",
    "input_path": "tcl/input/tcl199",
    "output_path": "tcl/output/tcl199",
    "working_dir": "tcl/input/tcl199",
    "initial_temperature": 18.707541079664644,
    "coefDeltaTemp": 0.05625,
    "coefConso": 1.0,
    "puissanceMin": 0,
    "puissanceMax": 4,
    "temperature_max": 21.495301722720967,
    "temperature_min": 16.85218862083161,
    "chroniqueTempExt": [
        0.6284017547079467,
        0.5995397061174059,
        0.7767086152824638,
        0.29976346184295855,
        0.71251914124029,
        0.1611658721360868,
        0.3737705847240742,
        1.5557973436468153,
        0.31111336638182685,
        0.2970964761550938,
        -0.13379953956033375,
        0.7133391037035817,
        1.4497949570925115,
        0.9996045481324958,
        2.0159731441247257,
        1.6519511345666276,
        2.0762795990504515,
        2.4619666408164615,
        3.459977848752857,
        3.993309206323707,
        5.145617961069878,
        4.325309277086228,
        6.606500442744317,
        4.1925152455356915,
        4.280666543148313,
        4.33852302475304,
        6.424454248916179,
        6.744515030247394,
        6.332918239957978,
        5.2187525457578285,
        4.904373202797983,
        6.009339285791786,
        7.11262678217255,
        5.294326894960425,
        4.213759880812484,
        7.447776387965374,
        5.3017637260742365,
        5.501441506453896,
        5.819460394404464,
        4.4286842835998455,
        1.9306368256872308,
        2.6181173713577195,
        3.066478214414271,
        3.2832824069280524,
        1.6683378113062228,
        1.5595344968044433,
        3.8843214190750195,
        1.0362917242641738
    ],
    "electricity_cost": [
        0.2068,
        0.2068,
        0.2068,
        0.2068,
        0.2068,
        0.2068,
        0.2068,
        0.2068,
        0.2068,
        0.2068,
        0.2068,
        0.2068,
        0.2068,
        0.2068,
        0.2516,
        0.2516,
        0.2516,
        0.2516,
        0.2516,
        0.2516,
        0.2516,
        0.2516,
        0.2516,
        0.2516,
        0.2516,
        0.2516,
        0.2516,
        0.2516,
        0.2516,
        0.2516,
        0.2516,
        0.2516,
        0.2516,
        0.2516,
        0.2516,
        0.2516,
        0.2516,
        0.2516,
        0.2516,
        0.2516,
        0.2516,
        0.2516,
        0.2516,
        0.2516,
        0.2516,
        0.2516,
        0.2068,
        0.2068
    ]
}