{
    "load": [
        0.0,
        0.0,
        0.0,
        0.0,
        0.0,
        0.0,
        0.0,
        0.0,
        0.0,
        0.0,
        0.0,
        0.025640087192297045,
        0.5924215650707509,
        3.209460591252153,
        0.0,
        0.0,
        0.0,
        0.0,
        0.0,
        0.0,
        0.19117393297474905,
        0.4069412928287477,
        0.2553907043107486,
        0.26669004404275043,
        0.1657361783267497,
        0.12975932674275015,
        0.21613248613875058,
        0.11208178515675016,
        0.1600247573587481,
        0.1368484686187479,
        0.11923969427875036,
        0.11559841335875021,
        0.09977100704275088,
        0.25956058501475,
        0.17453424759674974,
        0.13494992159074926,
        4.0,
        2.193806066301562,
        0.0,
        0.0,
        4.0,
        4.0,
        0.0,
        0.0,
        0.0,
        0.0,
        0.0,
        0.0
    ],
    "cost": -104.66086215936062
}