{
    "load": [
        0.0,
        0.0,
        0.0,
        0.0,
        0.0,
        0.0,
        0.0,
        0.0,
        0.0,
        0.0,
        0.0,
        0.025640087192297045,
        0.5924215650707492,
        3.20946059125216,
        0.0,
        0.0,
        0.0,
        0.0,
        0.0,
        0.0,
        0.19117393297474916,
        0.4069412928287492,
        0.2553907043107492,
        0.2666900440427492,
        0.16573617832674914,
        0.12975932674274915,
        0.21613248613874914,
        0.11208178515674916,
        0.16002475735874921,
        0.13684846861874922,
        0.11923969427874914,
        0.11559841335874921,
        0.09977100704274922,
        0.2595605850147492,
        0.17453424759674918,
        0.13494992159074914,
        4.0,
        2.193806066301576,
        0.0,
        0.0,
        4.0,
        4.0,
        0.0,
        0.0,
        0.0,
        0.0,
        0.0,
        0.0
    ],
    "cost": -104.66096519635786
}