{
    "name": "tcl115",
    "input_path": "tcl/input/tcl115",
    "output_path": "tcl/output/tcl115",
    "working_dir": "tcl/input/tcl115",
    "initial_temperature": 17.589420717072265,
    "coefDeltaTemp": 0.05625,
    "coefConso": 1.0,
    "puissanceMin": 0,
    "puissanceMax": 4,
    "temperature_max": 21.123485615353964,
    "temperature_min": 15.784728061144188,
    "chroniqueTempExt": [
        14.801270805099508,
        13.4230767902684,
        15.257014634138068,
        16.045429319168647,
        13.919330542207867,
        14.455415258607195,
        14.625624644045267,
        13.08173219251361,
        14.978309665810446,
        14.626855096514342,
        14.881275706328033,
        16.005338382617925,
        16.1501884734369,
        15.260778912888481,
        16.531210978892148,
        18.891000413003827,
        15.535877450480976,
        16.702837834732254,
        18.429558008158416,
        19.86100381516686,
        19.30881647544537,
        19.935254401126834,
        22.477356222190092,
        21.506459239238556,
        21.48208561419009,
        22.38728326056986,
        22.216148500325815,
        21.47460757508269,
        23.274630384260675,
        21.456208743533008,
        22.083722922963286,
        21.7206031971273,
        21.668784655734736,
        22.931685745761413,
        21.580124147772622,
        22.08240947909693,
        19.74960289555563,
        21.539338959522933,
        22.234788590760058,
        21.12996629875264,
        19.295310689147602,
        18.235218217221796,
        17.332467592156373,
        17.943905418528864,
        18.036505231208125,
        15.498075265679725,
        15.2305434605023,
        16.421081903210194
    ],
    "electricity_cost": [
        0.2068,
        0.2068,
        0.2068,
        0.2068,
        0.2068,
        0.2068,
        0.2068,
        0.2068,
        0.2068,
        0.2068,
        0.2068,
        0.2068,
        0.2068,
        0.2068,
        0.2516,
        0.2516,
        0.2516,
        0.2516,
        0.2516,
        0.2516,
        0.2516,
        0.2516,
        0.2516,
        0.2516,
        0.2516,
        0.2516,
        0.2516,
        0.2516,
        0.2516,
        0.2516,
        0.2516,
        0.2516,
        0.2516,
        0.2516,
        0.2516,
        0.2516,
        0.2516,
        0.2516,
        0.2516,
        0.2516,
        0.2516,
        0.2516,
        0.2516,
        0.2516,
        0.2516,
        0.2516,
        0.2068,
        0.2068
    ]
}