{
    "name": "tcl188",
    "input_path": "tcl/input/tcl188",
    "output_path": "tcl/output/tcl188",
    "working_dir": "tcl/input/tcl188",
    "initial_temperature": 17.674403184226456,
    "coefDeltaTemp": 0.05625,
    "coefConso": 1.0,
    "puissanceMin": 0,
    "puissanceMax": 4,
    "temperature_max": 21.303947542415063,
    "temperature_min": 15.726156317389169,
    "chroniqueTempExt": [
        15.249328713442528,
        14.208926435403649,
        15.533627884561417,
        16.22248579777003,
        14.262236071578211,
        15.778075513242493,
        13.222763640881789,
        14.21248942503209,
        15.646134537098238,
        14.829635813343836,
        14.045949255778794,
        14.728311167632965,
        14.33555976011481,
        18.633858007217746,
        16.344985355240365,
        17.019013953684226,
        17.2835792709032,
        16.68225612355124,
        18.933489722877624,
        19.29437086719687,
        19.226632011852285,
        19.855136544672234,
        20.944737542679107,
        23.212280225128605,
        23.138853198753385,
        21.444551173873023,
        22.777353246496332,
        22.265203474399733,
        22.371760681606684,
        20.805967179275523,
        20.67845536807161,
        22.949131513672874,
        22.33339688096533,
        21.90650815462206,
        22.723978755879187,
        20.526985225538493,
        22.605987084516805,
        21.574122181246302,
        19.466488815011967,
        19.338907305247627,
        18.639075181910993,
        19.09139035131097,
        18.12030008107327,
        16.24295578451453,
        15.900097770319995,
        16.53604373677227,
        15.466425438404015,
        15.27145752507471
    ],
    "electricity_cost": [
        0.2068,
        0.2068,
        0.2068,
        0.2068,
        0.2068,
        0.2068,
        0.2068,
        0.2068,
        0.2068,
        0.2068,
        0.2068,
        0.2068,
        0.2068,
        0.2068,
        0.2516,
        0.2516,
        0.2516,
        0.2516,
        0.2516,
        0.2516,
        0.2516,
        0.2516,
        0.2516,
        0.2516,
        0.2516,
        0.2516,
        0.2516,
        0.2516,
        0.2516,
        0.2516,
        0.2516,
        0.2516,
        0.2516,
        0.2516,
        0.2516,
        0.2516,
        0.2516,
        0.2516,
        0.2516,
        0.2516,
        0.2516,
        0.2516,
        0.2516,
        0.2516,
        0.2516,
        0.2516,
        0.2068,
        0.2068
    ]
}