{
    "name": "tcl2",
    "input_path": "tcl/input/tcl2",
    "output_path": "tcl/output/tcl2",
    "working_dir": "tcl/input/tcl2",
    "initial_temperature": 17.52905977300398,
    "coefDeltaTemp": 0.05625,
    "coefConso": 1,
    "puissanceMin": 0,
    "puissanceMax": 4,
    "temperature_max": 20.375393931798612,
    "temperature_min": 16.318829594537235,
    "chroniqueTempExt": [
        14.813868259769238,
        15.028530944060162,
        15.039829869103958,
        16.106078949354615,
        15.329260853726627,
        14.777489027964243,
        14.2937945551856,
        13.77053510477587,
        13.965851251045022,
        15.014144793334095,
        14.179802306377757,
        16.281632555630285,
        13.321426798218253,
        14.383052044096136,
        18.009332253790053,
        16.446462237848547,
        18.522175702096835,
        17.372088069761762,
        19.002616995290744,
        20.516272595242118,
        20.452192033403648,
        19.948157441794763,
        20.745586781313605,
        22.747625431595484,
        22.415342046391984,
        22.811112609461834,
        20.765694843725893,
        21.534980370637918,
        20.960346133710118,
        22.620899335741463,
        23.10168773504718,
        22.37247269540804,
        21.58907329224727,
        23.631637578187465,
        22.217460017416983,
        21.744771673597757,
        24.112907239406233,
        23.62312421519589,
        23.212103743357957,
        21.117574562747052,
        17.503039923033416,
        18.772238777086567,
        18.783572216239723,
        17.265595949637238,
        18.807279253089728,
        15.895082164224533,
        14.53471645991976,
        15.561629174946765
    ],
    "electricity_cost": [
        0.2068,
        0.2068,
        0.2068,
        0.2068,
        0.2068,
        0.2068,
        0.2068,
        0.2068,
        0.2068,
        0.2068,
        0.2068,
        0.2068,
        0.2068,
        0.2068,
        0.2516,
        0.2516,
        0.2516,
        0.2516,
        0.2516,
        0.2516,
        0.2516,
        0.2516,
        0.2516,
        0.2516,
        0.2516,
        0.2516,
        0.2516,
        0.2516,
        0.2516,
        0.2516,
        0.2516,
        0.2516,
        0.2516,
        0.2516,
        0.2516,
        0.2516,
        0.2516,
        0.2516,
        0.2516,
        0.2516,
        0.2516,
        0.2516,
        0.2516,
        0.2516,
        0.2516,
        0.2516,
        0.2068,
        0.2068
    ]
}