{
    "name": "tcl2",
    "input_path": "tcl/input/tcl2",
    "output_path": "tcl/output/tcl2",
    "working_dir": "tcl/input/tcl2",
    "initial_temperature": 19.040698903652682,
    "coefDeltaTemp": 0.05625,
    "coefConso": 1,
    "puissanceMin": 0,
    "puissanceMax": 4,
    "temperature_max": 21.292934591854685,
    "temperature_min": 15.43758866496859,
    "chroniqueTempExt": [
        5.065757490316145,
        6.104011107357896,
        7.476464082446674,
        5.023455999621206,
        4.108527825397693,
        4.169127661466593,
        7.498591986800152,
        6.005914366456455,
        6.624838087401361,
        5.555469839114156,
        5.999684106661686,
        6.32907322490468,
        6.472498063437217,
        7.08644334637844,
        5.4047985643481535,
        8.353283194939223,
        7.198780185702076,
        7.052409048994131,
        10.915451399422611,
        9.60479377921129,
        10.813320897925724,
        10.303567788626609,
        10.566660395069343,
        11.658592515520539,
        10.224615710504938,
        12.538761356368727,
        12.317415676735417,
        10.947223021800008,
        11.962329965324917,
        11.953255767658089,
        10.636043993939596,
        11.657376080365982,
        10.501229909544442,
        11.51685558255956,
        10.662506329877434,
        11.62785829632815,
        10.58121739361031,
        10.473883232406406,
        9.55041521336517,
        10.104647391088188,
        10.516272689248128,
        8.675606609011828,
        9.233336712401728,
        8.174678656758537,
        7.344286840205765,
        6.90248063447509,
        7.019912973580977,
        6.116177911617968
    ],
    "electricity_cost": [
        0.2068,
        0.2068,
        0.2068,
        0.2068,
        0.2068,
        0.2068,
        0.2068,
        0.2068,
        0.2068,
        0.2068,
        0.2068,
        0.2068,
        0.2068,
        0.2068,
        0.2516,
        0.2516,
        0.2516,
        0.2516,
        0.2516,
        0.2516,
        0.2516,
        0.2516,
        0.2516,
        0.2516,
        0.2516,
        0.2516,
        0.2516,
        0.2516,
        0.2516,
        0.2516,
        0.2516,
        0.2516,
        0.2516,
        0.2516,
        0.2516,
        0.2516,
        0.2516,
        0.2516,
        0.2516,
        0.2516,
        0.2516,
        0.2516,
        0.2516,
        0.2516,
        0.2516,
        0.2516,
        0.2068,
        0.2068
    ]
}