{
    "name": "tcl2",
    "input_path": "tcl/input/tcl2",
    "output_path": "tcl/output/tcl2",
    "working_dir": "tcl/input/tcl2",
    "initial_temperature": 17.114879331198324,
    "coefDeltaTemp": 0.05625,
    "coefConso": 1,
    "puissanceMin": 0,
    "puissanceMax": 4,
    "temperature_max": 20.488542265995683,
    "temperature_min": 15.952618800571742,
    "chroniqueTempExt": [
        14.826807518479729,
        11.82015936300175,
        13.775962442737745,
        12.197129549992093,
        12.319665723454115,
        13.224343048704156,
        12.841404529675229,
        12.422644249704454,
        11.095503318369339,
        13.404132297557526,
        14.922148679642294,
        12.99806024303763,
        13.310444860193234,
        13.878112665975399,
        14.278158389641202,
        14.012945991890009,
        16.096811028117575,
        16.31995763780429,
        17.249786363098185,
        16.560838422462528,
        15.59747801063207,
        18.812571428981595,
        18.987467874902066,
        17.081086907716745,
        19.959742339240844,
        18.600230478833506,
        18.490353549809605,
        18.76836863006199,
        19.004625693976152,
        18.864654420910764,
        17.12764413785542,
        19.254135951151255,
        18.719875261141823,
        18.1207054009594,
        18.724841343789382,
        20.77484217032153,
        18.72828669766157,
        18.248478676843735,
        17.174314665454506,
        17.811353366495176,
        18.269856555991765,
        15.969363555048915,
        15.574126127907537,
        14.644098100796443,
        15.240459205898878,
        14.263186703381582,
        13.239255671757348,
        12.441744204467268
    ],
    "electricity_cost": [
        0.2068,
        0.2068,
        0.2068,
        0.2068,
        0.2068,
        0.2068,
        0.2068,
        0.2068,
        0.2068,
        0.2068,
        0.2068,
        0.2068,
        0.2068,
        0.2068,
        0.2516,
        0.2516,
        0.2516,
        0.2516,
        0.2516,
        0.2516,
        0.2516,
        0.2516,
        0.2516,
        0.2516,
        0.2516,
        0.2516,
        0.2516,
        0.2516,
        0.2516,
        0.2516,
        0.2516,
        0.2516,
        0.2516,
        0.2516,
        0.2516,
        0.2516,
        0.2516,
        0.2516,
        0.2516,
        0.2516,
        0.2516,
        0.2516,
        0.2516,
        0.2516,
        0.2516,
        0.2516,
        0.2068,
        0.2068
    ]
}