{
    "name": "tcl7",
    "input_path": "tcl/input/tcl7",
    "output_path": "tcl/output/tcl7",
    "working_dir": "tcl/input/tcl7",
    "initial_temperature": 18.739934895004676,
    "coefDeltaTemp": 0.05625,
    "coefConso": 1.0,
    "puissanceMin": 0,
    "puissanceMax": 4,
    "temperature_max": 21.598892491390014,
    "temperature_min": 15.135035576421005,
    "chroniqueTempExt": [
        0.3046617787386564,
        1.9726740904137912,
        0.5502914497340199,
        -0.14445367454071945,
        0.4333289918518768,
        2.1643995886910385,
        2.26645526005719,
        1.7347707476382213,
        2.6615890216947005,
        -1.1535132000520019,
        -0.18762833652581512,
        2.9759942490393496,
        1.0226830294144373,
        2.6451626943322726,
        1.7900693920246478,
        1.8798923959710756,
        1.397454736926269,
        3.5192873091181425,
        4.878674446162901,
        3.8466994639548275,
        4.2435584154363495,
        4.212818100863263,
        4.774574162366562,
        7.589798591886892,
        5.412337808010777,
        6.931024031479252,
        5.727310136228943,
        6.015958173720826,
        4.893140583501524,
        6.768653384915773,
        7.363210382822713,
        5.614289611354057,
        6.101652692058619,
        5.94008575207305,
        5.2920392041353495,
        6.342194297804488,
        7.502934798683748,
        6.104375012109092,
        4.3145836912105,
        3.962250801750828,
        4.495486400201766,
        2.6328103486483863,
        2.910675556750603,
        3.6898794648804563,
        2.4715249355256574,
        2.6091411286221695,
        1.2910400323159148,
        0.01796402555598431
    ],
    "electricity_cost": [
        0.2068,
        0.2068,
        0.2068,
        0.2068,
        0.2068,
        0.2068,
        0.2068,
        0.2068,
        0.2068,
        0.2068,
        0.2068,
        0.2068,
        0.2068,
        0.2068,
        0.2516,
        0.2516,
        0.2516,
        0.2516,
        0.2516,
        0.2516,
        0.2516,
        0.2516,
        0.2516,
        0.2516,
        0.2516,
        0.2516,
        0.2516,
        0.2516,
        0.2516,
        0.2516,
        0.2516,
        0.2516,
        0.2516,
        0.2516,
        0.2516,
        0.2516,
        0.2516,
        0.2516,
        0.2516,
        0.2516,
        0.2516,
        0.2516,
        0.2516,
        0.2516,
        0.2516,
        0.2516,
        0.2068,
        0.2068
    ]
}