{
    "name": "tcl244",
    "input_path": "tcl/input/tcl244",
    "output_path": "tcl/output/tcl244",
    "working_dir": "tcl/input/tcl244",
    "initial_temperature": 19.288483201177492,
    "coefDeltaTemp": 0.05625,
    "coefConso": 1.0,
    "puissanceMin": 0,
    "puissanceMax": 4,
    "temperature_max": 20.484886937760553,
    "temperature_min": 16.97937758687537,
    "chroniqueTempExt": [
        7.28142785745082,
        3.8415394448125544,
        4.503582759707989,
        5.4759588401880395,
        4.299922046926868,
        3.380643932320912,
        4.083311936083472,
        4.181990126409945,
        3.1983585564324537,
        3.513518306467245,
        3.4097940420630346,
        3.7811957227401014,
        5.262126229466894,
        3.90964585618202,
        3.7645189982586023,
        3.529646138765172,
        5.546326060862002,
        6.6634989078405225,
        8.321967247352905,
        7.738586529966683,
        7.971502657636507,
        6.5015890614768646,
        8.622787345128202,
        9.201089001128416,
        9.189720666882316,
        9.600324930272771,
        8.188526526805385,
        8.75541277598689,
        9.025734457802686,
        8.614019809123365,
        9.05161253765141,
        7.902327692562002,
        9.328261691892001,
        7.606679883833494,
        8.104875852568405,
        9.106393413788012,
        9.00066672255015,
        8.054971648077684,
        8.140680030692188,
        7.055065607382329,
        6.2360516789900435,
        4.674398020426439,
        5.952698484547017,
        4.739129800965652,
        4.451373616103732,
        5.960098771029252,
        3.247075879931605,
        4.131766368870044
    ],
    "electricity_cost": [
        0.2068,
        0.2068,
        0.2068,
        0.2068,
        0.2068,
        0.2068,
        0.2068,
        0.2068,
        0.2068,
        0.2068,
        0.2068,
        0.2068,
        0.2068,
        0.2068,
        0.2516,
        0.2516,
        0.2516,
        0.2516,
        0.2516,
        0.2516,
        0.2516,
        0.2516,
        0.2516,
        0.2516,
        0.2516,
        0.2516,
        0.2516,
        0.2516,
        0.2516,
        0.2516,
        0.2516,
        0.2516,
        0.2516,
        0.2516,
        0.2516,
        0.2516,
        0.2516,
        0.2516,
        0.2516,
        0.2516,
        0.2516,
        0.2516,
        0.2516,
        0.2516,
        0.2516,
        0.2516,
        0.2068,
        0.2068
    ]
}