{
    "name": "tcl235",
    "input_path": "tcl/input/tcl235",
    "output_path": "tcl/output/tcl235",
    "working_dir": "tcl/input/tcl235",
    "initial_temperature": 17.832623194566732,
    "coefDeltaTemp": 0.05625,
    "coefConso": 1.0,
    "puissanceMin": 0,
    "puissanceMax": 4,
    "temperature_max": 20.60903439018961,
    "temperature_min": 16.14792309657406,
    "chroniqueTempExt": [
        -0.9544524617974333,
        0.0659721261319719,
        3.1324268595023974,
        1.1689274977444386,
        0.5327268495611011,
        1.464302828128041,
        0.815198929602747,
        -0.23326573597129774,
        1.9507901623985897,
        2.648267141706966,
        0.4204169100197336,
        2.3506762544046493,
        0.14416326795506107,
        1.4761487445451948,
        2.1855473909555045,
        2.700718732753998,
        3.227281698640084,
        3.701715814620439,
        3.0489477811825125,
        3.8712101368407197,
        4.571225696568449,
        3.383238505939164,
        5.593424634489358,
        5.2022208509442045,
        5.889546369694305,
        7.136441861020329,
        7.407741805441828,
        5.618211826743654,
        6.329892736476857,
        5.472670312302767,
        5.325801704189844,
        7.7961579682814595,
        6.121177498344194,
        7.504920945508232,
        6.762114420746863,
        6.064713966059065,
        4.980075267871762,
        4.248531212315687,
        5.524380561868517,
        4.903248668917696,
        4.051033830645156,
        3.897260685600378,
        4.050162058869576,
        2.303857326037998,
        2.6346249794844177,
        1.8262783760642711,
        2.1661467136237045,
        0.058622093735542724
    ],
    "electricity_cost": [
        0.2068,
        0.2068,
        0.2068,
        0.2068,
        0.2068,
        0.2068,
        0.2068,
        0.2068,
        0.2068,
        0.2068,
        0.2068,
        0.2068,
        0.2068,
        0.2068,
        0.2516,
        0.2516,
        0.2516,
        0.2516,
        0.2516,
        0.2516,
        0.2516,
        0.2516,
        0.2516,
        0.2516,
        0.2516,
        0.2516,
        0.2516,
        0.2516,
        0.2516,
        0.2516,
        0.2516,
        0.2516,
        0.2516,
        0.2516,
        0.2516,
        0.2516,
        0.2516,
        0.2516,
        0.2516,
        0.2516,
        0.2516,
        0.2516,
        0.2516,
        0.2516,
        0.2516,
        0.2516,
        0.2068,
        0.2068
    ]
}