{
    "name": "tcl60",
    "input_path": "tcl/input/tcl60",
    "output_path": "tcl/output/tcl60",
    "working_dir": "tcl/input/tcl60",
    "initial_temperature": 18.718740125655668,
    "coefDeltaTemp": 0.05625,
    "coefConso": 1.0,
    "puissanceMin": 0,
    "puissanceMax": 4,
    "temperature_max": 20.3076760614426,
    "temperature_min": 16.508248541082164,
    "chroniqueTempExt": [
        13.872772111110413,
        15.766127686234462,
        16.297340510588118,
        14.866426829917044,
        14.713489407577478,
        14.739430060811607,
        14.088360794438126,
        15.093233422022646,
        13.51611964968491,
        14.242295218866298,
        14.894993253156711,
        16.01524053190587,
        14.56013975335971,
        16.443659430485493,
        16.365205748507485,
        17.082398473505258,
        16.152624082098875,
        17.987708457301686,
        19.20335323789465,
        19.01840087927637,
        19.32468851826252,
        21.77407828767856,
        20.339496278961757,
        21.261966870024697,
        22.328199758611817,
        22.078181724593076,
        23.731350436997403,
        22.493650372575647,
        21.28707423969891,
        21.69211774095844,
        21.81475852845494,
        22.869326514222855,
        22.062637672213132,
        22.71895704008496,
        22.641056093068403,
        23.231445914391948,
        20.245886210813783,
        20.562104226018683,
        20.948586782933262,
        19.04941561830933,
        19.160522006813988,
        18.726500602089846,
        17.539166442348368,
        19.42808707681117,
        16.038273278650117,
        16.36207130953377,
        17.339372984423473,
        14.935406881818368
    ],
    "electricity_cost": [
        0.2068,
        0.2068,
        0.2068,
        0.2068,
        0.2068,
        0.2068,
        0.2068,
        0.2068,
        0.2068,
        0.2068,
        0.2068,
        0.2068,
        0.2068,
        0.2068,
        0.2516,
        0.2516,
        0.2516,
        0.2516,
        0.2516,
        0.2516,
        0.2516,
        0.2516,
        0.2516,
        0.2516,
        0.2516,
        0.2516,
        0.2516,
        0.2516,
        0.2516,
        0.2516,
        0.2516,
        0.2516,
        0.2516,
        0.2516,
        0.2516,
        0.2516,
        0.2516,
        0.2516,
        0.2516,
        0.2516,
        0.2516,
        0.2516,
        0.2516,
        0.2516,
        0.2516,
        0.2516,
        0.2068,
        0.2068
    ]
}