{
    "name": "tcl227",
    "input_path": "tcl/input/tcl227",
    "output_path": "tcl/output/tcl227",
    "working_dir": "tcl/input/tcl227",
    "initial_temperature": 17.521802151815653,
    "coefDeltaTemp": 0.05625,
    "coefConso": 1.0,
    "puissanceMin": 0,
    "puissanceMax": 4,
    "temperature_max": 20.983402103388997,
    "temperature_min": 15.0701681865362,
    "chroniqueTempExt": [
        0.6554942415941909,
        -0.41279221162891866,
        1.6583918381374367,
        2.0931312761241916,
        0.6556178043008263,
        -0.12689585624835598,
        1.2263304269494903,
        2.553804053960034,
        0.9428233674261352,
        0.5993353094709124,
        -0.4778432431166175,
        -1.0119737854860613,
        1.8096837654867564,
        1.0031180950204468,
        3.970303361628261,
        -0.3089343672308069,
        2.0607457358895784,
        3.7374905546229105,
        2.1667887671057464,
        4.380091035807424,
        3.539826171391243,
        5.050486831181757,
        4.874737971482051,
        6.194818906481893,
        7.145875943096579,
        6.428146545214803,
        7.608159905478475,
        6.4849643584858745,
        4.9337208443039735,
        7.621922807161489,
        6.462056799922715,
        4.612835843772862,
        5.757779912879125,
        7.5294532047321,
        6.514466983087134,
        5.863993601434754,
        5.867169365296106,
        5.084464758860939,
        5.106967384205087,
        4.598573122036552,
        5.3585815753772446,
        3.1860346276934157,
        3.5731552455996107,
        3.548105152029364,
        1.1705229452215666,
        1.4792860259860692,
        0.7644694253573103,
        2.026230072448799
    ],
    "electricity_cost": [
        0.2068,
        0.2068,
        0.2068,
        0.2068,
        0.2068,
        0.2068,
        0.2068,
        0.2068,
        0.2068,
        0.2068,
        0.2068,
        0.2068,
        0.2068,
        0.2068,
        0.2516,
        0.2516,
        0.2516,
        0.2516,
        0.2516,
        0.2516,
        0.2516,
        0.2516,
        0.2516,
        0.2516,
        0.2516,
        0.2516,
        0.2516,
        0.2516,
        0.2516,
        0.2516,
        0.2516,
        0.2516,
        0.2516,
        0.2516,
        0.2516,
        0.2516,
        0.2516,
        0.2516,
        0.2516,
        0.2516,
        0.2516,
        0.2516,
        0.2516,
        0.2516,
        0.2516,
        0.2516,
        0.2068,
        0.2068
    ]
}