{
    "name": "tcl181",
    "input_path": "tcl/input/tcl181",
    "output_path": "tcl/output/tcl181",
    "working_dir": "tcl/input/tcl181",
    "initial_temperature": 19.359609996485833,
    "coefDeltaTemp": 0.05625,
    "coefConso": 1.0,
    "puissanceMin": 0,
    "puissanceMax": 4,
    "temperature_max": 20.63702149798351,
    "temperature_min": 16.746745092919706,
    "chroniqueTempExt": [
        15.259019608468206,
        15.139425072847636,
        16.538656389508407,
        13.752216546792823,
        15.614205549378264,
        16.18263750965789,
        14.635003510949051,
        14.42362054816278,
        14.424093255521578,
        14.50392553961938,
        13.999128772597699,
        15.173708725935388,
        14.642170663527404,
        16.973754127532395,
        16.739870568636206,
        17.420430295792226,
        16.88279818557141,
        18.194590103365123,
        17.440818446060707,
        17.019888921946457,
        20.762054303412153,
        20.944754855372107,
        22.639840161351643,
        23.472489033920876,
        22.379989425747265,
        22.37556751569144,
        22.752239771078024,
        21.30085390339071,
        23.015238855872553,
        22.2738749063143,
        21.243037088112533,
        21.79035259136491,
        21.702734325949102,
        19.494744863309528,
        22.974781624121253,
        21.095622368969437,
        22.147008777544798,
        20.42444161112645,
        20.86133698025162,
        19.296345650103923,
        20.92049356684914,
        19.476986889871956,
        17.566690702940278,
        17.93368926301815,
        16.946573030990592,
        15.387389158978698,
        16.397823457386423,
        15.475268729197495
    ],
    "electricity_cost": [
        0.2068,
        0.2068,
        0.2068,
        0.2068,
        0.2068,
        0.2068,
        0.2068,
        0.2068,
        0.2068,
        0.2068,
        0.2068,
        0.2068,
        0.2068,
        0.2068,
        0.2516,
        0.2516,
        0.2516,
        0.2516,
        0.2516,
        0.2516,
        0.2516,
        0.2516,
        0.2516,
        0.2516,
        0.2516,
        0.2516,
        0.2516,
        0.2516,
        0.2516,
        0.2516,
        0.2516,
        0.2516,
        0.2516,
        0.2516,
        0.2516,
        0.2516,
        0.2516,
        0.2516,
        0.2516,
        0.2516,
        0.2516,
        0.2516,
        0.2516,
        0.2516,
        0.2516,
        0.2516,
        0.2068,
        0.2068
    ]
}