{
    "name": "tcl15",
    "input_path": "tcl/input/tcl15",
    "output_path": "tcl/output/tcl15",
    "working_dir": "tcl/input/tcl15",
    "initial_temperature": 19.50207241855677,
    "coefDeltaTemp": 0.05625,
    "coefConso": 1,
    "puissanceMin": 0,
    "puissanceMax": 4,
    "temperature_max": 20.875355349177582,
    "temperature_min": 15.734546057533922,
    "chroniqueTempExt": [
        6.409669646870851,
        4.472982304807918,
        3.5546691246619035,
        2.7706551274479803,
        4.104928747376029,
        3.651650411238919,
        2.952205735055294,
        4.697730188716635,
        4.702389185924886,
        4.960852558375309,
        5.381131148256964,
        4.549326891744643,
        3.565132852061388,
        5.306746558130866,
        5.360535893910091,
        7.986048492515502,
        5.421160863124481,
        7.430254540450866,
        5.628913515050995,
        7.141564705710536,
        8.02483948991541,
        7.707807687246989,
        8.823712005606438,
        9.658357656057612,
        9.33893996038589,
        7.03472589035825,
        8.312703814768271,
        8.113809796344174,
        9.967240181160395,
        7.377377367444312,
        8.951910093953027,
        9.77059531235163,
        9.955937921461736,
        8.650474122846163,
        7.440357365553792,
        6.636152433733611,
        8.049492297168044,
        8.554819987559089,
        9.343376314636526,
        7.4330474961434225,
        6.824504257197521,
        6.494518836675727,
        4.101470016935222,
        4.964823201323018,
        4.187807466560111,
        6.31818398965612,
        4.3432330865346485,
        4.524599536667801
    ],
    "electricity_cost": [
        0.2068,
        0.2068,
        0.2068,
        0.2068,
        0.2068,
        0.2068,
        0.2068,
        0.2068,
        0.2068,
        0.2068,
        0.2068,
        0.2068,
        0.2068,
        0.2068,
        0.2516,
        0.2516,
        0.2516,
        0.2516,
        0.2516,
        0.2516,
        0.2516,
        0.2516,
        0.2516,
        0.2516,
        0.2516,
        0.2516,
        0.2516,
        0.2516,
        0.2516,
        0.2516,
        0.2516,
        0.2516,
        0.2516,
        0.2516,
        0.2516,
        0.2516,
        0.2516,
        0.2516,
        0.2516,
        0.2516,
        0.2516,
        0.2516,
        0.2516,
        0.2516,
        0.2516,
        0.2516,
        0.2068,
        0.2068
    ]
}