{
    "load": [
        0.0,
        0.0,
        0.0,
        0.0,
        0.0,
        0.4131990375622081,
        1.029550841462921,
        0.895955061892522,
        0.8353879244971196,
        1.0355401240285218,
        0.9720435253559216,
        0.906177616563923,
        2.5410022141702555,
        4.0,
        0.0,
        0.0,
        0.0,
        0.0,
        0.0,
        0.812794604854723,
        0.7500730978885244,
        0.8405539594777238,
        0.6291409596311226,
        0.6665677786871242,
        0.6553471629591243,
        0.6107055114951194,
        0.6990587262511241,
        0.7001897302531219,
        0.6861466503631206,
        0.6909422959291263,
        0.5172544738831206,
        0.7039612478551263,
        0.686302104087126,
        0.6801998857211231,
        0.5777157210451236,
        0.6595131181591256,
        4.0,
        0.0,
        0.0,
        0.0,
        4.0,
        3.461337014219801,
        0.0,
        0.0,
        0.0,
        0.0,
        0.0,
        0.0
    ],
    "cost": -83.21206143226422
}