{
    "load": [
        0.0,
        0.0,
        0.0,
        0.0,
        0.0,
        0.4131990375622081,
        1.0295508414629229,
        0.8959550618925228,
        0.8353879244971228,
        1.035540124028523,
        0.9720435253559229,
        0.9061776165639229,
        2.5410022141702626,
        4.0,
        0.0,
        0.0,
        0.0,
        0.0,
        0.0,
        0.8127946048547229,
        0.7500730978885228,
        0.8405539594777229,
        0.6291409596311228,
        0.6665677786871229,
        0.6553471629591229,
        0.6107055114951229,
        0.6990587262511229,
        0.7001897302531229,
        0.6861466503631228,
        0.6909422959291229,
        0.5172544738831228,
        0.7039612478551229,
        0.6863021040871229,
        0.6801998857211229,
        0.5777157210451229,
        0.659513118159123,
        4.0,
        0.0,
        0.0,
        0.0,
        4.0,
        3.461337014219801,
        0.0,
        0.0,
        0.0,
        0.0,
        0.0,
        0.0
    ],
    "cost": -83.21217835917085
}