{
    "name": "tcl91",
    "input_path": "tcl/input/tcl91",
    "output_path": "tcl/output/tcl91",
    "working_dir": "tcl/input/tcl91",
    "initial_temperature": 18.37898357156698,
    "coefDeltaTemp": 0.05625,
    "coefConso": 1.0,
    "puissanceMin": 0,
    "puissanceMax": 4,
    "temperature_max": 20.787554453016863,
    "temperature_min": 15.787367338081411,
    "chroniqueTempExt": [
        12.124309851789098,
        10.996689769228611,
        12.362564655551285,
        11.683617140027511,
        12.32885054590756,
        13.567536130256364,
        10.567026624381095,
        12.26799150599117,
        13.465466335800784,
        9.951687379157505,
        12.901636764183799,
        11.536604159050325,
        12.369363390480759,
        12.503580827644537,
        13.658766520566786,
        13.295599261830384,
        16.346535933623894,
        16.049313779058906,
        15.521239566218025,
        15.42675482945965,
        15.800330378145876,
        17.75120772923401,
        18.90569017635307,
        19.121851967822384,
        18.51113926348667,
        19.036998476919077,
        18.4690500852026,
        19.89671094840392,
        17.171332663027943,
        18.753878710435654,
        20.476112828500227,
        19.99430924700096,
        18.361761965724163,
        18.69444285504743,
        19.560706570697857,
        17.907458392446333,
        19.740900369490472,
        17.373004434605953,
        18.301680596581342,
        19.618845719834383,
        16.400565130936524,
        15.585717639886767,
        14.970104986481944,
        14.435367468706707,
        14.726436732477353,
        15.196757866885006,
        13.011578031150929,
        10.967223143717955
    ],
    "electricity_cost": [
        0.2068,
        0.2068,
        0.2068,
        0.2068,
        0.2068,
        0.2068,
        0.2068,
        0.2068,
        0.2068,
        0.2068,
        0.2068,
        0.2068,
        0.2068,
        0.2068,
        0.2516,
        0.2516,
        0.2516,
        0.2516,
        0.2516,
        0.2516,
        0.2516,
        0.2516,
        0.2516,
        0.2516,
        0.2516,
        0.2516,
        0.2516,
        0.2516,
        0.2516,
        0.2516,
        0.2516,
        0.2516,
        0.2516,
        0.2516,
        0.2516,
        0.2516,
        0.2516,
        0.2516,
        0.2516,
        0.2516,
        0.2516,
        0.2516,
        0.2516,
        0.2516,
        0.2516,
        0.2516,
        0.2068,
        0.2068
    ]
}