{
    "name": "tcl28",
    "input_path": "tcl/input/tcl28",
    "output_path": "tcl/output/tcl28",
    "working_dir": "tcl/input/tcl28",
    "initial_temperature": 18.94691178576596,
    "coefDeltaTemp": 0.05625,
    "coefConso": 1.0,
    "puissanceMin": 0,
    "puissanceMax": 4,
    "temperature_max": 21.02716256132943,
    "temperature_min": 15.52303407894198,
    "chroniqueTempExt": [
        7.9488464774360255,
        6.6934377844815405,
        7.5882810856031595,
        7.340986295331096,
        7.078086293213952,
        9.295070257822239,
        7.350218664360435,
        6.420548252120712,
        9.147866745647907,
        7.699442867983555,
        5.688449019658529,
        9.35331124552648,
        7.326841456766952,
        7.750174674251051,
        8.24958160302119,
        8.315469460891013,
        10.250543551234493,
        10.620494672203737,
        12.125943919253276,
        10.924612976495544,
        12.925450245305665,
        15.136177872749709,
        14.136986584589518,
        13.568045339598497,
        13.238160200852784,
        15.502817449997217,
        14.563143325158459,
        13.931395143555406,
        14.243976205011537,
        14.703493466608268,
        13.343537374308134,
        12.067159013189286,
        12.98488868449625,
        14.76601803463866,
        14.614217280368251,
        12.645490165969493,
        14.301173787416317,
        12.841353170455148,
        14.198614464440164,
        12.722451029986027,
        13.463726340146989,
        9.959005416279412,
        8.508166875388394,
        10.066378237394884,
        10.496295642407496,
        8.319885634819371,
        5.246056734576583,
        6.296148210737845
    ],
    "electricity_cost": [
        0.2068,
        0.2068,
        0.2068,
        0.2068,
        0.2068,
        0.2068,
        0.2068,
        0.2068,
        0.2068,
        0.2068,
        0.2068,
        0.2068,
        0.2068,
        0.2068,
        0.2516,
        0.2516,
        0.2516,
        0.2516,
        0.2516,
        0.2516,
        0.2516,
        0.2516,
        0.2516,
        0.2516,
        0.2516,
        0.2516,
        0.2516,
        0.2516,
        0.2516,
        0.2516,
        0.2516,
        0.2516,
        0.2516,
        0.2516,
        0.2516,
        0.2516,
        0.2516,
        0.2516,
        0.2516,
        0.2516,
        0.2516,
        0.2516,
        0.2516,
        0.2516,
        0.2516,
        0.2516,
        0.2068,
        0.2068
    ]
}