{
    "name": "tcl76",
    "input_path": "tcl/input/tcl76",
    "output_path": "tcl/output/tcl76",
    "working_dir": "tcl/input/tcl76",
    "initial_temperature": 18.795048723050776,
    "coefDeltaTemp": 0.05625,
    "coefConso": 1.0,
    "puissanceMin": 0,
    "puissanceMax": 4,
    "temperature_max": 21.850489324694482,
    "temperature_min": 15.463556674291397,
    "chroniqueTempExt": [
        6.53379708747508,
        5.775550686862933,
        6.487175972375133,
        6.433079872112018,
        6.8211392933528145,
        7.273678349705413,
        4.381690345636013,
        6.850278341436237,
        5.046835338830594,
        5.742431895011742,
        7.232531487941874,
        4.731921859623762,
        5.82704649500346,
        5.248991804840324,
        6.626812080585357,
        6.884215011213728,
        8.014137769683678,
        8.827807149748459,
        9.54163806452663,
        9.278660816787186,
        10.735056091618969,
        10.214343294209298,
        11.796564086811665,
        10.422404584750383,
        12.388145859148015,
        12.171796708365898,
        12.441848696266632,
        12.468825489065063,
        12.192392284689552,
        11.081759904151978,
        13.78555549225041,
        11.993818197401952,
        12.112973488480204,
        10.687594465335124,
        13.316290597860334,
        12.555419501201053,
        13.646195704404649,
        11.013287184731075,
        10.935831994281248,
        10.744193793177946,
        9.481975751955945,
        9.803219659412402,
        7.303562472982685,
        7.92251373482185,
        7.900833245634677,
        7.354997458903659,
        6.660574097386935,
        6.166822876197934
    ],
    "electricity_cost": [
        0.2068,
        0.2068,
        0.2068,
        0.2068,
        0.2068,
        0.2068,
        0.2068,
        0.2068,
        0.2068,
        0.2068,
        0.2068,
        0.2068,
        0.2068,
        0.2068,
        0.2516,
        0.2516,
        0.2516,
        0.2516,
        0.2516,
        0.2516,
        0.2516,
        0.2516,
        0.2516,
        0.2516,
        0.2516,
        0.2516,
        0.2516,
        0.2516,
        0.2516,
        0.2516,
        0.2516,
        0.2516,
        0.2516,
        0.2516,
        0.2516,
        0.2516,
        0.2516,
        0.2516,
        0.2516,
        0.2516,
        0.2516,
        0.2516,
        0.2516,
        0.2516,
        0.2516,
        0.2516,
        0.2068,
        0.2068
    ]
}