{
    "load": [
        0.0,
        0.0,
        0.0,
        0.0,
        0.37290976198850956,
        0.8147641395833494,
        0.8074976607861495,
        0.8406312492299495,
        0.7370640357637495,
        0.9895421856447494,
        1.0343868743337494,
        0.9264053048704094,
        1.849114615292578,
        4.0,
        0.0,
        0.0,
        0.0,
        0.0,
        0.0,
        0.6563612869737494,
        0.7275062392917494,
        0.6143964688317494,
        0.7071660304937495,
        0.6784999140557495,
        0.5232710306617494,
        0.6018918355137495,
        0.6076622016037494,
        0.6967570519117494,
        0.5242100668417494,
        0.5940858264397495,
        0.5981352731097493,
        0.5539092442037494,
        0.5509264705217494,
        0.6124537624777494,
        0.6063279343597494,
        0.6144037435777494,
        4.0,
        1.561077544228766,
        0.0,
        0.0,
        4.0,
        4.0,
        0.0,
        0.0,
        0.0,
        0.0,
        0.0,
        0.0
    ],
    "cost": -98.43105567061522
}