{
    "load": [
        0.0,
        0.0,
        0.0,
        0.0,
        0.37290976198850956,
        0.814764139583346,
        0.8074976607861473,
        0.8406312492299506,
        0.7370640357637512,
        0.9895421856447513,
        1.034386874333748,
        0.9264053048704071,
        1.8491146152925708,
        4.0,
        0.0,
        0.0,
        0.0,
        0.0,
        0.0,
        0.6563612869737483,
        0.7275062392917491,
        0.6143964688317496,
        0.7071660304937524,
        0.6784999140557488,
        0.5232710306617463,
        0.6018918355137473,
        0.6076622016037518,
        0.6967570519117459,
        0.5242100668417464,
        0.5940858264397519,
        0.5981352731097473,
        0.5539092442037514,
        0.5509264705217518,
        0.6124537624777489,
        0.6063279343597472,
        0.6144037435777463,
        4.0,
        1.561077544228759,
        0.0,
        0.0,
        4.0,
        4.0,
        0.0,
        0.0,
        0.0,
        0.0,
        0.0,
        0.0
    ],
    "cost": -98.43094536576936
}