{
    "name": "tcl145",
    "input_path": "tcl/input/tcl145",
    "output_path": "tcl/output/tcl145",
    "working_dir": "tcl/input/tcl145",
    "initial_temperature": 17.79588747459794,
    "coefDeltaTemp": 0.05625,
    "coefConso": 1.0,
    "puissanceMin": 0,
    "puissanceMax": 4,
    "temperature_max": 20.25107432996534,
    "temperature_min": 15.03247569311316,
    "chroniqueTempExt": [
        11.550859087742603,
        12.865304951613732,
        14.03284047707334,
        12.35207763429765,
        11.617697047978039,
        14.128139160907999,
        11.207143741946364,
        11.001045061847538,
        12.316035784320988,
        11.64516723802836,
        11.916007899946125,
        10.788484525125929,
        12.56936667263473,
        14.249878355426304,
        13.41080455236409,
        13.807497996059979,
        13.75306560607196,
        14.62575994970762,
        17.153478189909094,
        16.36066772383714,
        16.17624345348862,
        17.444635064671743,
        17.491300781093567,
        18.768272870094822,
        18.872619120814615,
        19.37700019128865,
        19.951159366470574,
        18.781796512130335,
        17.917350768109102,
        19.42985592990971,
        19.50746431491034,
        21.6912299637483,
        16.482453389206253,
        17.484799299561722,
        19.13646614625776,
        18.7593773086535,
        18.118456417479212,
        18.1198182138911,
        17.925402677660216,
        16.78402107315567,
        15.721888722411688,
        16.617213451430672,
        16.56441709797052,
        14.323909321505106,
        14.696079759828551,
        13.02129164152479,
        11.409002402688612,
        12.546852059381706
    ],
    "electricity_cost": [
        0.2068,
        0.2068,
        0.2068,
        0.2068,
        0.2068,
        0.2068,
        0.2068,
        0.2068,
        0.2068,
        0.2068,
        0.2068,
        0.2068,
        0.2068,
        0.2068,
        0.2516,
        0.2516,
        0.2516,
        0.2516,
        0.2516,
        0.2516,
        0.2516,
        0.2516,
        0.2516,
        0.2516,
        0.2516,
        0.2516,
        0.2516,
        0.2516,
        0.2516,
        0.2516,
        0.2516,
        0.2516,
        0.2516,
        0.2516,
        0.2516,
        0.2516,
        0.2516,
        0.2516,
        0.2516,
        0.2516,
        0.2516,
        0.2516,
        0.2516,
        0.2516,
        0.2516,
        0.2516,
        0.2068,
        0.2068
    ]
}