{
    "name": "tcl27",
    "input_path": "tcl/input/tcl27",
    "output_path": "tcl/output/tcl27",
    "working_dir": "tcl/input/tcl27",
    "initial_temperature": 18.067061026684094,
    "coefDeltaTemp": 0.05625,
    "coefConso": 1.0,
    "puissanceMin": 0,
    "puissanceMax": 4,
    "temperature_max": 20.96363076965333,
    "temperature_min": 15.956521004504713,
    "chroniqueTempExt": [
        1.7136819979678282,
        -0.11727775565288456,
        0.649897169544068,
        -0.31931634154736566,
        0.587180253949016,
        -1.0451650272359378,
        0.30363190618252833,
        2.6667050735236204,
        0.6437397436862436,
        0.6405230284665162,
        1.8924863748594276,
        0.8911709207968717,
        3.722058944264767,
        1.200370545088078,
        2.4671617416239924,
        1.5739417541436664,
        2.0836526418432237,
        4.137262679518524,
        3.4705334045301557,
        3.8008216240387274,
        4.813490932547415,
        5.51836142508795,
        5.657862508046246,
        7.3421966172862705,
        6.293516413765969,
        3.1459692030843183,
        5.631213760943347,
        4.946073746380977,
        6.618974834510086,
        4.82734305599688,
        4.468069546252055,
        5.3790472901467465,
        6.754571718217738,
        6.4220936055442355,
        5.031825388806223,
        4.46264402699267,
        6.598906191077517,
        4.973292013283655,
        3.7426275557957256,
        4.883483009084049,
        4.60729403620473,
        3.3636231362179796,
        3.2116162517646027,
        2.7785477010798947,
        2.2013089861518402,
        2.0534141633945953,
        2.5729383387859577,
        -0.7364166614670704
    ],
    "electricity_cost": [
        0.2068,
        0.2068,
        0.2068,
        0.2068,
        0.2068,
        0.2068,
        0.2068,
        0.2068,
        0.2068,
        0.2068,
        0.2068,
        0.2068,
        0.2068,
        0.2068,
        0.2516,
        0.2516,
        0.2516,
        0.2516,
        0.2516,
        0.2516,
        0.2516,
        0.2516,
        0.2516,
        0.2516,
        0.2516,
        0.2516,
        0.2516,
        0.2516,
        0.2516,
        0.2516,
        0.2516,
        0.2516,
        0.2516,
        0.2516,
        0.2516,
        0.2516,
        0.2516,
        0.2516,
        0.2516,
        0.2516,
        0.2516,
        0.2516,
        0.2516,
        0.2516,
        0.2516,
        0.2516,
        0.2068,
        0.2068
    ]
}