{
    "name": "tcl205",
    "input_path": "tcl/input/tcl205",
    "output_path": "tcl/output/tcl205",
    "working_dir": "tcl/input/tcl205",
    "initial_temperature": 19.035352854258658,
    "coefDeltaTemp": 0.05625,
    "coefConso": 1.0,
    "puissanceMin": 0,
    "puissanceMax": 4,
    "temperature_max": 20.154299952376135,
    "temperature_min": 16.144897523374947,
    "chroniqueTempExt": [
        1.1430231890367093,
        0.09777990844151437,
        0.6575891656398841,
        0.6003710367302352,
        -0.2909780361451082,
        0.7938326469456665,
        -0.0891650300665468,
        0.47769639284472765,
        2.166453857282471,
        1.5239971100672254,
        -0.00575832596708688,
        -0.7779456113395364,
        -0.8760582603961893,
        0.6509292577301891,
        2.3210851482135064,
        1.8984838716942372,
        1.741744661889511,
        3.214576814786655,
        2.5326802701362126,
        1.984756210418134,
        3.329195469618444,
        3.9190572641450188,
        4.738372330440722,
        3.417439443975945,
        6.531205073039878,
        5.076313327545292,
        3.3093310343291424,
        4.4545042452236006,
        6.349982639650765,
        4.901232845054585,
        5.39487870016166,
        4.720714162809702,
        4.91922350880424,
        5.901732317274191,
        3.2601949999627013,
        5.696062889375058,
        5.737376744419955,
        6.549626319202346,
        1.2684171944617102,
        4.406826831337148,
        4.000049949360587,
        4.353052837353758,
        0.6891995747612989,
        1.746848632923201,
        2.9520631933865156,
        0.6117529055666746,
        0.2576922283495815,
        1.1206050632229463
    ],
    "electricity_cost": [
        0.2068,
        0.2068,
        0.2068,
        0.2068,
        0.2068,
        0.2068,
        0.2068,
        0.2068,
        0.2068,
        0.2068,
        0.2068,
        0.2068,
        0.2068,
        0.2068,
        0.2516,
        0.2516,
        0.2516,
        0.2516,
        0.2516,
        0.2516,
        0.2516,
        0.2516,
        0.2516,
        0.2516,
        0.2516,
        0.2516,
        0.2516,
        0.2516,
        0.2516,
        0.2516,
        0.2516,
        0.2516,
        0.2516,
        0.2516,
        0.2516,
        0.2516,
        0.2516,
        0.2516,
        0.2516,
        0.2516,
        0.2516,
        0.2516,
        0.2516,
        0.2516,
        0.2516,
        0.2516,
        0.2068,
        0.2068
    ]
}