{
    "name": "tcl24",
    "input_path": "tcl/input/tcl24",
    "output_path": "tcl/output/tcl24",
    "working_dir": "tcl/input/tcl24",
    "initial_temperature": 17.75682462842687,
    "coefDeltaTemp": 0.05625,
    "coefConso": 1,
    "puissanceMin": 0,
    "puissanceMax": 4,
    "temperature_max": 20.817383772241403,
    "temperature_min": 16.90411832584587,
    "chroniqueTempExt": [
        1.4992650046891443,
        0.7116475955083299,
        1.8314815802940996,
        0.8660355271250287,
        1.8048586510357683,
        1.6422002904178288,
        -0.0644145051848859,
        0.16532028286369482,
        2.5421010730303877,
        0.5372656862431755,
        2.0338291973356704,
        1.893669626916557,
        0.8282784533676818,
        1.3631699447765497,
        3.182958072106931,
        2.2615205521651744,
        3.9379785217282985,
        2.657099526912453,
        3.8805754665600607,
        2.429266087460496,
        5.9263805323187855,
        5.125942991409071,
        5.3242777674491855,
        5.5202555811385015,
        5.700390776326061,
        6.634579040236438,
        4.572831578373445,
        4.6631827743284,
        6.168233592796995,
        7.356236255816842,
        5.376610496617572,
        6.446038713926394,
        5.917019845610473,
        7.176175297719338,
        5.778010601778025,
        7.274406603894523,
        7.549429292709293,
        6.7142246930591885,
        5.417624976803885,
        5.228111057118457,
        5.062506853298664,
        0.9242997259344392,
        2.316153372171595,
        2.183478068032512,
        1.6091642486495235,
        2.2114609247216577,
        -0.2565240585231974,
        1.9951370325473365
    ],
    "electricity_cost": [
        0.2068,
        0.2068,
        0.2068,
        0.2068,
        0.2068,
        0.2068,
        0.2068,
        0.2068,
        0.2068,
        0.2068,
        0.2068,
        0.2068,
        0.2068,
        0.2068,
        0.2516,
        0.2516,
        0.2516,
        0.2516,
        0.2516,
        0.2516,
        0.2516,
        0.2516,
        0.2516,
        0.2516,
        0.2516,
        0.2516,
        0.2516,
        0.2516,
        0.2516,
        0.2516,
        0.2516,
        0.2516,
        0.2516,
        0.2516,
        0.2516,
        0.2516,
        0.2516,
        0.2516,
        0.2516,
        0.2516,
        0.2516,
        0.2516,
        0.2516,
        0.2516,
        0.2516,
        0.2516,
        0.2068,
        0.2068
    ]
}