{
    "name": "tcl35",
    "input_path": "tcl/input/tcl35",
    "output_path": "tcl/output/tcl35",
    "working_dir": "tcl/input/tcl35",
    "initial_temperature": 18.013717071144484,
    "coefDeltaTemp": 0.05625,
    "coefConso": 1,
    "puissanceMin": 0,
    "puissanceMax": 4,
    "temperature_max": 21.31997002623875,
    "temperature_min": 15.804957684590422,
    "chroniqueTempExt": [
        13.836991195379554,
        12.075302218553416,
        12.583618720652508,
        11.812538562399647,
        11.604780808025845,
        13.29744994702494,
        11.558808385089462,
        13.055361723074983,
        13.428726973354312,
        10.33810550456357,
        11.57652346076451,
        11.505256964791084,
        12.053081024305987,
        12.908495603851195,
        14.65878281731864,
        14.54487846615824,
        12.584442265526034,
        13.202576802967677,
        15.203139711272224,
        16.32741318873663,
        14.88649329769183,
        17.161923798168527,
        17.620785255845227,
        18.81689629399659,
        19.97934566898021,
        18.141046314098514,
        17.79237505183496,
        18.40455072527915,
        18.96440352015304,
        19.333025590517703,
        19.2808134913815,
        17.48701491724814,
        19.8300047041959,
        19.92026945310102,
        18.18469819322181,
        18.34885460203375,
        19.164552284738036,
        19.156977609974813,
        18.024335326506662,
        17.166121026340114,
        15.308002962465558,
        16.699213920113632,
        15.146430309201229,
        14.430175482925103,
        14.402705344759635,
        12.68808375093231,
        13.410462159972377,
        12.070012253942787
    ],
    "electricity_cost": [
        0.2068,
        0.2068,
        0.2068,
        0.2068,
        0.2068,
        0.2068,
        0.2068,
        0.2068,
        0.2068,
        0.2068,
        0.2068,
        0.2068,
        0.2068,
        0.2068,
        0.2516,
        0.2516,
        0.2516,
        0.2516,
        0.2516,
        0.2516,
        0.2516,
        0.2516,
        0.2516,
        0.2516,
        0.2516,
        0.2516,
        0.2516,
        0.2516,
        0.2516,
        0.2516,
        0.2516,
        0.2516,
        0.2516,
        0.2516,
        0.2516,
        0.2516,
        0.2516,
        0.2516,
        0.2516,
        0.2516,
        0.2516,
        0.2516,
        0.2516,
        0.2516,
        0.2516,
        0.2516,
        0.2068,
        0.2068
    ]
}