{
    "name": "tcl200",
    "input_path": "tcl/input/tcl200",
    "output_path": "tcl/output/tcl200",
    "working_dir": "tcl/input/tcl200",
    "initial_temperature": 18.452363731412124,
    "coefDeltaTemp": 0.05625,
    "coefConso": 1.0,
    "puissanceMin": 0,
    "puissanceMax": 4,
    "temperature_max": 21.67456688812001,
    "temperature_min": 15.391625290166786,
    "chroniqueTempExt": [
        0.01821377193474474,
        -2.827149036409513,
        -1.607257053700499,
        1.0468878423595813,
        1.0745028310049736,
        0.09124083869251397,
        -0.06778751152566656,
        -0.11802301746125952,
        -0.4912906263125761,
        -0.5024497603433355,
        0.6121282103857483,
        -0.6257799537208564,
        -1.1970287678208822,
        0.9707543013028503,
        -0.04642806262688226,
        2.3987558514486134,
        0.8881373503597652,
        0.08888982141812862,
        2.9490298722236705,
        2.806875414212819,
        3.4008008390943565,
        5.963797808553157,
        6.475577254533564,
        4.926644385830025,
        4.234945955006141,
        6.412578821408593,
        4.856628732362626,
        4.460232916393028,
        3.7951344339495874,
        5.122269957920594,
        7.08117778805847,
        4.602770547000101,
        4.486853005006342,
        4.565756491209444,
        3.412607109801347,
        4.930118900928199,
        4.848743529995866,
        4.171650080348385,
        3.8581959174673774,
        3.284724115584783,
        1.9366250068854356,
        3.215134265594905,
        0.831353351930316,
        1.4885093863738694,
        2.1244352326702285,
        1.6457687048234417,
        0.4800382339119771,
        -0.16794536637327495
    ],
    "electricity_cost": [
        0.2068,
        0.2068,
        0.2068,
        0.2068,
        0.2068,
        0.2068,
        0.2068,
        0.2068,
        0.2068,
        0.2068,
        0.2068,
        0.2068,
        0.2068,
        0.2068,
        0.2516,
        0.2516,
        0.2516,
        0.2516,
        0.2516,
        0.2516,
        0.2516,
        0.2516,
        0.2516,
        0.2516,
        0.2516,
        0.2516,
        0.2516,
        0.2516,
        0.2516,
        0.2516,
        0.2516,
        0.2516,
        0.2516,
        0.2516,
        0.2516,
        0.2516,
        0.2516,
        0.2516,
        0.2516,
        0.2516,
        0.2516,
        0.2516,
        0.2516,
        0.2516,
        0.2516,
        0.2516,
        0.2068,
        0.2068
    ]
}