{
    "name": "tcl47",
    "input_path": "tcl/input/tcl47",
    "output_path": "tcl/output/tcl47",
    "working_dir": "tcl/input/tcl47",
    "initial_temperature": 17.60627949858187,
    "coefDeltaTemp": 0.05625,
    "coefConso": 1.0,
    "puissanceMin": 0,
    "puissanceMax": 4,
    "temperature_max": 21.44094830484348,
    "temperature_min": 15.223496593634236,
    "chroniqueTempExt": [
        3.083691297853907,
        3.7873263660443883,
        4.686171425832309,
        2.971953081030984,
        3.2994515426570086,
        3.459340736173394,
        2.167729022477788,
        4.425502335051103,
        1.3896193579195237,
        1.5141657747562245,
        4.081054576465104,
        2.409015047230727,
        2.446400344492573,
        2.8657774869463113,
        2.461323898754827,
        0.9070393009596724,
        4.995498284986399,
        7.870470663042405,
        6.799868632170381,
        7.982058033884718,
        6.831627847039603,
        7.975127361538399,
        8.094717643196052,
        9.445739205457706,
        8.596685293137297,
        7.717905157367801,
        7.515394281881794,
        8.281896007127393,
        7.558067466472908,
        10.618954922752982,
        8.072897570480624,
        8.596240500166509,
        9.414849553152072,
        7.625727314227085,
        8.72633882768481,
        8.576935883341434,
        9.31113916370237,
        8.905829760586522,
        6.444054607319558,
        7.774088270940576,
        6.548677784220062,
        6.244892779455641,
        5.611545400573362,
        5.880000952164171,
        3.4879579835204013,
        3.6741619508555434,
        2.969027010849234,
        2.6235304729888695
    ],
    "electricity_cost": [
        0.2068,
        0.2068,
        0.2068,
        0.2068,
        0.2068,
        0.2068,
        0.2068,
        0.2068,
        0.2068,
        0.2068,
        0.2068,
        0.2068,
        0.2068,
        0.2068,
        0.2516,
        0.2516,
        0.2516,
        0.2516,
        0.2516,
        0.2516,
        0.2516,
        0.2516,
        0.2516,
        0.2516,
        0.2516,
        0.2516,
        0.2516,
        0.2516,
        0.2516,
        0.2516,
        0.2516,
        0.2516,
        0.2516,
        0.2516,
        0.2516,
        0.2516,
        0.2516,
        0.2516,
        0.2516,
        0.2516,
        0.2516,
        0.2516,
        0.2516,
        0.2516,
        0.2516,
        0.2516,
        0.2068,
        0.2068
    ]
}