{
    "name": "tcl85",
    "input_path": "tcl/input/tcl85",
    "output_path": "tcl/output/tcl85",
    "working_dir": "tcl/input/tcl85",
    "initial_temperature": 18.61272720870327,
    "coefDeltaTemp": 0.05625,
    "coefConso": 1.0,
    "puissanceMin": 0,
    "puissanceMax": 4,
    "temperature_max": 21.378918893680417,
    "temperature_min": 15.652566265501992,
    "chroniqueTempExt": [
        4.30893527062833,
        7.190290214272556,
        6.3781303562295255,
        6.001498418615438,
        6.401579709939999,
        6.376446457704718,
        5.84171291794175,
        6.9082688148054245,
        6.2154996100928015,
        8.064879678069428,
        4.296071955498341,
        4.212532174560799,
        5.97736706225013,
        5.040440084251764,
        5.323027347627217,
        7.6328502458609995,
        6.627502874451169,
        8.294355159595982,
        7.448252995323383,
        11.585724915786011,
        11.268369928188099,
        11.747912414128592,
        10.595655861071364,
        13.012055920491779,
        10.639771287201924,
        10.509341195808705,
        11.640512969682925,
        13.28297826465403,
        12.57961188242172,
        10.100183792465337,
        12.216115829893363,
        11.651052705135152,
        12.383466693699184,
        12.384929664635571,
        12.775061996873871,
        11.915862643377286,
        12.501587800148375,
        11.480554026383528,
        10.404303525151827,
        11.475844213514414,
        8.284731440126892,
        10.918188764752534,
        8.7014182021414,
        9.916507071425363,
        7.398645163277698,
        8.664173350087294,
        5.466529008919174,
        4.7566522625928895
    ],
    "electricity_cost": [
        0.2068,
        0.2068,
        0.2068,
        0.2068,
        0.2068,
        0.2068,
        0.2068,
        0.2068,
        0.2068,
        0.2068,
        0.2068,
        0.2068,
        0.2068,
        0.2068,
        0.2516,
        0.2516,
        0.2516,
        0.2516,
        0.2516,
        0.2516,
        0.2516,
        0.2516,
        0.2516,
        0.2516,
        0.2516,
        0.2516,
        0.2516,
        0.2516,
        0.2516,
        0.2516,
        0.2516,
        0.2516,
        0.2516,
        0.2516,
        0.2516,
        0.2516,
        0.2516,
        0.2516,
        0.2516,
        0.2516,
        0.2516,
        0.2516,
        0.2516,
        0.2516,
        0.2516,
        0.2516,
        0.2068,
        0.2068
    ]
}