{
    "load": [
        0.0,
        0.0,
        0.0,
        0.0,
        0.0,
        0.0,
        0.0,
        0.0,
        0.0,
        0.0,
        0.04979082904619858,
        0.5823795886443754,
        0.6291685780743741,
        4.0,
        0.0,
        0.0,
        0.0,
        0.0,
        0.0,
        0.20579577105202063,
        0.4833552010383748,
        0.43367099442637524,
        0.45150403332637623,
        0.3887344154183765,
        0.3417855975803761,
        0.35975284296237575,
        0.4893648844023737,
        0.4174786261543737,
        0.42866641469037603,
        0.3244109555443764,
        0.4700907388163742,
        0.3815232729503748,
        0.3354722294143748,
        0.3250467076523762,
        0.3984790463243755,
        0.46654811392237505,
        4.0,
        1.5923047339023881,
        0.0,
        0.0,
        4.0,
        4.0,
        0.0,
        0.0,
        0.0,
        0.0,
        0.0,
        0.0
    ],
    "cost": -99.85716942285953
}