{
    "load": [
        0.0,
        0.0,
        0.0,
        0.0,
        0.0,
        0.0,
        0.0,
        0.0,
        0.0,
        0.0,
        0.04979082904619858,
        0.5823795886443748,
        0.6291685780743748,
        4.0,
        0.0,
        0.0,
        0.0,
        0.0,
        0.0,
        0.20579577105202063,
        0.48335520103837476,
        0.4336709944263748,
        0.4515040333263748,
        0.3887344154183748,
        0.34178559758037474,
        0.35975284296237475,
        0.4893648844023748,
        0.41747862615437475,
        0.42866641469037475,
        0.3244109555443748,
        0.47009073881637475,
        0.3815232729503748,
        0.3354722294143748,
        0.32504670765237476,
        0.39847904632437475,
        0.4665481139223748,
        4.0,
        1.5923047339023952,
        0.0,
        0.0,
        4.0,
        4.0,
        0.0,
        0.0,
        0.0,
        0.0,
        0.0,
        0.0
    ],
    "cost": -99.85727936901364
}