{
    "name": "tcl36",
    "input_path": "tcl/input/tcl36",
    "output_path": "tcl/output/tcl36",
    "working_dir": "tcl/input/tcl36",
    "initial_temperature": 19.057609056302336,
    "coefDeltaTemp": 0.05625,
    "coefConso": 1.0,
    "puissanceMin": 0,
    "puissanceMax": 4,
    "temperature_max": 21.89532589468185,
    "temperature_min": 15.414915644716691,
    "chroniqueTempExt": [
        2.6509155815980185,
        1.0914311352149126,
        1.6123581838298477,
        2.4621190038503964,
        -0.8574253123739097,
        1.7379826994044052,
        0.861924307486574,
        0.8490735945370183,
        1.4927256223983247,
        1.176943948176621,
        1.3719391098368412,
        0.7070697123176928,
        2.3954112491706687,
        2.237498513302565,
        2.921760030296432,
        1.7940943922963521,
        1.3758069780577542,
        3.6854089895720556,
        4.348306484129657,
        4.223616188285626,
        1.9596200402754378,
        5.564829750874724,
        5.63913545152848,
        8.236967876208986,
        6.63217346866265,
        6.035591453441482,
        4.9526385382650275,
        6.282507873355121,
        4.747067668386294,
        4.713043681638988,
        5.583000452132093,
        6.323425149120614,
        5.06719814317286,
        7.7645188669999445,
        6.055374861632518,
        6.220894573724061,
        6.277414108030951,
        5.930584370381691,
        6.266385273304415,
        4.3832106260351615,
        4.531551938862464,
        4.353761224635301,
        5.2527197566234305,
        3.934906736478397,
        1.6089424165525248,
        -0.2583295874495435,
        1.895023127009341,
        0.6409559277831343
    ],
    "electricity_cost": [
        0.2068,
        0.2068,
        0.2068,
        0.2068,
        0.2068,
        0.2068,
        0.2068,
        0.2068,
        0.2068,
        0.2068,
        0.2068,
        0.2068,
        0.2068,
        0.2068,
        0.2516,
        0.2516,
        0.2516,
        0.2516,
        0.2516,
        0.2516,
        0.2516,
        0.2516,
        0.2516,
        0.2516,
        0.2516,
        0.2516,
        0.2516,
        0.2516,
        0.2516,
        0.2516,
        0.2516,
        0.2516,
        0.2516,
        0.2516,
        0.2516,
        0.2516,
        0.2516,
        0.2516,
        0.2516,
        0.2516,
        0.2516,
        0.2516,
        0.2516,
        0.2516,
        0.2516,
        0.2516,
        0.2068,
        0.2068
    ]
}