{
    "name": "tcl51",
    "input_path": "tcl/input/tcl51",
    "output_path": "tcl/output/tcl51",
    "working_dir": "tcl/input/tcl51",
    "initial_temperature": 18.664653945224142,
    "coefDeltaTemp": 0.05625,
    "coefConso": 1.0,
    "puissanceMin": 0,
    "puissanceMax": 4,
    "temperature_max": 21.36247614687272,
    "temperature_min": 15.545637315818185,
    "chroniqueTempExt": [
        11.975290965708334,
        14.02627481639566,
        12.187551959510301,
        12.865397308553385,
        14.52011401670746,
        13.576517104662187,
        12.171501628418943,
        13.442829364864226,
        14.720174884558572,
        13.689988015757455,
        12.823312475142863,
        12.136652826772565,
        14.539589731808471,
        12.56760972454637,
        13.801896049486981,
        14.07481256972335,
        16.55943206128428,
        16.794567444362787,
        16.215144492513737,
        15.449458123748528,
        17.181702054155565,
        17.18182451723023,
        17.740477178155366,
        19.680258307080283,
        16.498450038918783,
        18.58183968509516,
        19.672528894307,
        20.249742924825757,
        19.213260167559657,
        19.786599678728308,
        20.03507261482688,
        19.25322450752026,
        18.514241399896445,
        19.50613212697837,
        18.94113956215304,
        19.670321678362008,
        19.788721932337076,
        19.631187205359318,
        17.732808845662927,
        18.73838542742513,
        16.650645303685895,
        14.860291404185473,
        17.364107607380255,
        14.833393436633417,
        14.208211859597597,
        17.204972584789875,
        12.107092920634303,
        12.926228957414063
    ],
    "electricity_cost": [
        0.2068,
        0.2068,
        0.2068,
        0.2068,
        0.2068,
        0.2068,
        0.2068,
        0.2068,
        0.2068,
        0.2068,
        0.2068,
        0.2068,
        0.2068,
        0.2068,
        0.2516,
        0.2516,
        0.2516,
        0.2516,
        0.2516,
        0.2516,
        0.2516,
        0.2516,
        0.2516,
        0.2516,
        0.2516,
        0.2516,
        0.2516,
        0.2516,
        0.2516,
        0.2516,
        0.2516,
        0.2516,
        0.2516,
        0.2516,
        0.2516,
        0.2516,
        0.2516,
        0.2516,
        0.2516,
        0.2516,
        0.2516,
        0.2516,
        0.2516,
        0.2516,
        0.2516,
        0.2516,
        0.2068,
        0.2068
    ]
}