{
    "name": "tcl110",
    "input_path": "tcl/input/tcl110",
    "output_path": "tcl/output/tcl110",
    "working_dir": "tcl/input/tcl110",
    "initial_temperature": 19.10157153828865,
    "coefDeltaTemp": 0.05625,
    "coefConso": 1.0,
    "puissanceMin": 0,
    "puissanceMax": 4,
    "temperature_max": 20.11309901053863,
    "temperature_min": 16.822073386644867,
    "chroniqueTempExt": [
        14.080086390283045,
        14.757556449182758,
        16.168107835351165,
        14.740719348182395,
        16.677775968933453,
        14.223274704842925,
        15.934778148984506,
        15.471076326288134,
        13.550590032442052,
        15.853676515432033,
        16.476263701709968,
        13.39148273307486,
        14.476192176869414,
        15.724097580434194,
        14.95878881454743,
        16.17287412692899,
        15.453417209057022,
        17.518337774596457,
        19.57914885572817,
        18.742956634641036,
        18.46031035224869,
        23.183469531903754,
        21.988897490296928,
        19.93088492059691,
        22.001658729320603,
        22.412494955409173,
        22.530394771489988,
        22.085124796060256,
        21.039432929604192,
        22.37749083739821,
        22.250174827537418,
        22.663172717769193,
        22.097223735083627,
        22.620331069395572,
        22.419869146796373,
        21.13101068066521,
        24.83392337513351,
        21.33446315859285,
        18.458514051327068,
        21.459549256998677,
        19.884221219091952,
        19.78654610196746,
        18.5748059579537,
        18.899688190108233,
        15.750983754395834,
        16.81085411207082,
        15.777856052372757,
        13.408973892365893
    ],
    "electricity_cost": [
        0.2068,
        0.2068,
        0.2068,
        0.2068,
        0.2068,
        0.2068,
        0.2068,
        0.2068,
        0.2068,
        0.2068,
        0.2068,
        0.2068,
        0.2068,
        0.2068,
        0.2516,
        0.2516,
        0.2516,
        0.2516,
        0.2516,
        0.2516,
        0.2516,
        0.2516,
        0.2516,
        0.2516,
        0.2516,
        0.2516,
        0.2516,
        0.2516,
        0.2516,
        0.2516,
        0.2516,
        0.2516,
        0.2516,
        0.2516,
        0.2516,
        0.2516,
        0.2516,
        0.2516,
        0.2516,
        0.2516,
        0.2516,
        0.2516,
        0.2516,
        0.2516,
        0.2516,
        0.2516,
        0.2068,
        0.2068
    ]
}