{
    "name": "tcl22",
    "input_path": "tcl/input/tcl22",
    "output_path": "tcl/output/tcl22",
    "working_dir": "tcl/input/tcl22",
    "initial_temperature": 19.109319936551135,
    "coefDeltaTemp": 0.05625,
    "coefConso": 1,
    "puissanceMin": 0,
    "puissanceMax": 4,
    "temperature_max": 21.9034210193656,
    "temperature_min": 15.900546980272724,
    "chroniqueTempExt": [
        0.1581708864381316,
        1.7643970338485437,
        0.17346297367003827,
        -0.28858894284889525,
        4.007674935107715,
        -0.21894959698386685,
        2.4100463980468083,
        1.1286386281978458,
        -1.6645270565663575,
        1.8213003847289548,
        -0.03210047856554499,
        -0.7119807996790344,
        -0.05985000477746172,
        1.2183658554130892,
        1.3216441713704656,
        1.1460336529820698,
        0.8932374105671459,
        4.199894905079295,
        3.7680708375056686,
        5.30706508546183,
        5.076575594340619,
        2.873666039693996,
        6.108232998737256,
        6.962367984193744,
        6.310502624070222,
        5.086806376320321,
        4.208442635861038,
        4.522597022414205,
        5.291385306637573,
        7.182516737993363,
        5.199833359641948,
        6.388282130060505,
        6.7797893887529135,
        5.387218757269533,
        7.004586799140267,
        4.723722314886892,
        7.3446918083248205,
        5.075805912953299,
        4.74796479063864,
        4.393638591399993,
        4.248452010639834,
        4.157007448750327,
        0.562791809847007,
        2.4659089502108715,
        3.6554641901136726,
        3.0852661897706293,
        2.0631264316947115,
        1.5964793633787198
    ],
    "electricity_cost": [
        0.2068,
        0.2068,
        0.2068,
        0.2068,
        0.2068,
        0.2068,
        0.2068,
        0.2068,
        0.2068,
        0.2068,
        0.2068,
        0.2068,
        0.2068,
        0.2068,
        0.2516,
        0.2516,
        0.2516,
        0.2516,
        0.2516,
        0.2516,
        0.2516,
        0.2516,
        0.2516,
        0.2516,
        0.2516,
        0.2516,
        0.2516,
        0.2516,
        0.2516,
        0.2516,
        0.2516,
        0.2516,
        0.2516,
        0.2516,
        0.2516,
        0.2516,
        0.2516,
        0.2516,
        0.2516,
        0.2516,
        0.2516,
        0.2516,
        0.2516,
        0.2516,
        0.2516,
        0.2516,
        0.2068,
        0.2068
    ]
}