{
    "name": "tcl36",
    "input_path": "tcl/input/tcl36",
    "output_path": "tcl/output/tcl36",
    "working_dir": "tcl/input/tcl36",
    "initial_temperature": 19.74447691282657,
    "coefDeltaTemp": 0.05625,
    "coefConso": 1,
    "puissanceMin": 0,
    "puissanceMax": 4,
    "temperature_max": 20.341779655046913,
    "temperature_min": 15.498786679424493,
    "chroniqueTempExt": [
        5.882146828529036,
        6.185923529024046,
        5.928382038172204,
        5.200167653566909,
        6.57190170711805,
        4.618730751257759,
        4.1254632562834,
        7.0011020786829565,
        4.203137282166828,
        5.46539676967601,
        6.230283430612873,
        5.3405307104498405,
        7.273000857956236,
        6.578555415756323,
        7.004749665129825,
        9.662747851921049,
        6.844467149588568,
        9.274144315923857,
        8.681362766076802,
        10.027287248436924,
        10.136269417988778,
        10.016514756659594,
        11.230427581421436,
        12.226127124192844,
        12.623129499696384,
        12.623514001019045,
        11.687088070750917,
        11.711218287738413,
        11.84614031562223,
        13.22725466389358,
        10.74425603749595,
        12.39650705825826,
        10.445141389876856,
        12.285164029722182,
        11.826698054847139,
        11.147051640055302,
        10.281914315676149,
        13.15421755708719,
        11.28146338366605,
        11.054129473503213,
        8.474310445747873,
        7.335830909277854,
        9.570737046981327,
        7.819481465633478,
        6.897219237419299,
        6.176394535228107,
        6.920767227445411,
        6.266742932772839
    ],
    "electricity_cost": [
        0.2068,
        0.2068,
        0.2068,
        0.2068,
        0.2068,
        0.2068,
        0.2068,
        0.2068,
        0.2068,
        0.2068,
        0.2068,
        0.2068,
        0.2068,
        0.2068,
        0.2516,
        0.2516,
        0.2516,
        0.2516,
        0.2516,
        0.2516,
        0.2516,
        0.2516,
        0.2516,
        0.2516,
        0.2516,
        0.2516,
        0.2516,
        0.2516,
        0.2516,
        0.2516,
        0.2516,
        0.2516,
        0.2516,
        0.2516,
        0.2516,
        0.2516,
        0.2516,
        0.2516,
        0.2516,
        0.2516,
        0.2516,
        0.2516,
        0.2516,
        0.2516,
        0.2516,
        0.2516,
        0.2068,
        0.2068
    ]
}