{
    "name": "tcl133",
    "input_path": "tcl/input/tcl133",
    "output_path": "tcl/output/tcl133",
    "working_dir": "tcl/input/tcl133",
    "initial_temperature": 17.75309224959452,
    "coefDeltaTemp": 0.05625,
    "coefConso": 1.0,
    "puissanceMin": 0,
    "puissanceMax": 4,
    "temperature_max": 21.52433009605289,
    "temperature_min": 15.473587927610323,
    "chroniqueTempExt": [
        8.70663641384576,
        10.40423367023805,
        10.134826815962542,
        11.451872299454454,
        10.22744175073606,
        11.615774031170623,
        9.22016281260226,
        11.864667495962564,
        12.208220739589944,
        10.197387157401764,
        8.721446313512477,
        10.822149574002179,
        9.951430867586947,
        10.93956034218506,
        9.647901262955957,
        11.02416170693718,
        15.389244736218268,
        12.226516768596603,
        14.111164759882723,
        15.545880755054288,
        13.545594637570764,
        14.892319588148561,
        17.133750641951934,
        16.514580687243942,
        15.537072152379768,
        16.32619704509563,
        14.50871116168509,
        16.942833217353968,
        15.902963509376631,
        16.20308895133481,
        16.889460672202237,
        14.655173039246547,
        15.059873781506642,
        16.103321478282584,
        16.378438298352336,
        15.893421945473948,
        15.594832473116766,
        14.103013278510149,
        15.262138766649032,
        13.503332976534455,
        14.846806212370055,
        13.156717196582466,
        14.451516775715273,
        13.842262455714787,
        12.72078138002382,
        12.254248797823752,
        11.257632648576616,
        9.13980208295796
    ],
    "electricity_cost": [
        0.2068,
        0.2068,
        0.2068,
        0.2068,
        0.2068,
        0.2068,
        0.2068,
        0.2068,
        0.2068,
        0.2068,
        0.2068,
        0.2068,
        0.2068,
        0.2068,
        0.2516,
        0.2516,
        0.2516,
        0.2516,
        0.2516,
        0.2516,
        0.2516,
        0.2516,
        0.2516,
        0.2516,
        0.2516,
        0.2516,
        0.2516,
        0.2516,
        0.2516,
        0.2516,
        0.2516,
        0.2516,
        0.2516,
        0.2516,
        0.2516,
        0.2516,
        0.2516,
        0.2516,
        0.2516,
        0.2516,
        0.2516,
        0.2516,
        0.2516,
        0.2516,
        0.2516,
        0.2516,
        0.2068,
        0.2068
    ]
}