{
    "name": "tcl30",
    "input_path": "tcl/input/tcl30",
    "output_path": "tcl/output/tcl30",
    "working_dir": "tcl/input/tcl30",
    "initial_temperature": 19.14087134894362,
    "coefDeltaTemp": 0.05625,
    "coefConso": 1.0,
    "puissanceMin": 0,
    "puissanceMax": 4,
    "temperature_max": 20.383855343244527,
    "temperature_min": 16.697822020171326,
    "chroniqueTempExt": [
        9.053807337813371,
        6.973825284249617,
        6.979593106440367,
        9.836276872728078,
        8.451509397951005,
        7.2417644617089865,
        6.104680494672352,
        9.153133417180067,
        6.746868182741852,
        7.750085225468551,
        8.704680333359315,
        6.043638571381205,
        7.577510323730983,
        9.701113148511748,
        7.715735893166424,
        9.005040285265045,
        9.625919383871395,
        9.106879143424282,
        12.080965379514891,
        11.779350390025602,
        13.439669722065888,
        12.66549988111788,
        14.596905342051562,
        15.127190343151534,
        12.772155274309057,
        14.086749348721261,
        13.473422431507677,
        13.28603634264479,
        13.721223505043088,
        13.141327423163146,
        15.683981877284875,
        14.309368161199364,
        14.007187548093562,
        14.828174748979903,
        14.769775657221148,
        15.278106747842365,
        13.658220061025332,
        13.294754082091028,
        12.67173955260298,
        13.612022302135587,
        11.830084182658307,
        11.829988075151388,
        10.622388140262427,
        9.886110674343007,
        8.851370040530295,
        8.635140001366079,
        8.569484621094697,
        10.741998271938082
    ],
    "electricity_cost": [
        0.2068,
        0.2068,
        0.2068,
        0.2068,
        0.2068,
        0.2068,
        0.2068,
        0.2068,
        0.2068,
        0.2068,
        0.2068,
        0.2068,
        0.2068,
        0.2068,
        0.2516,
        0.2516,
        0.2516,
        0.2516,
        0.2516,
        0.2516,
        0.2516,
        0.2516,
        0.2516,
        0.2516,
        0.2516,
        0.2516,
        0.2516,
        0.2516,
        0.2516,
        0.2516,
        0.2516,
        0.2516,
        0.2516,
        0.2516,
        0.2516,
        0.2516,
        0.2516,
        0.2516,
        0.2516,
        0.2516,
        0.2516,
        0.2516,
        0.2516,
        0.2516,
        0.2516,
        0.2516,
        0.2068,
        0.2068
    ]
}