{
    "name": "tcl37",
    "input_path": "tcl/input/tcl37",
    "output_path": "tcl/output/tcl37",
    "working_dir": "tcl/input/tcl37",
    "initial_temperature": 17.783131009016326,
    "coefDeltaTemp": 0.05625,
    "coefConso": 1.0,
    "puissanceMin": 0,
    "puissanceMax": 4,
    "temperature_max": 20.30523024305438,
    "temperature_min": 15.72432187911745,
    "chroniqueTempExt": [
        3.8570084787597354,
        2.7875989462933344,
        6.032578578064964,
        2.6584151693299347,
        4.925011494046772,
        1.6631437393093034,
        3.0240538548852207,
        3.5225555564810236,
        2.711694843427244,
        1.9511413085754579,
        4.242239592680944,
        3.0455968360366725,
        3.1703719388945935,
        4.604206117414165,
        3.971346610032955,
        5.6095969925537155,
        6.615511120569009,
        6.852383884240517,
        5.4094081116285775,
        7.503300856704653,
        9.223073084399832,
        8.233318265078095,
        8.36525454066347,
        9.95823966234123,
        9.310019228804453,
        7.355959490755596,
        8.649498375664663,
        8.596622882282327,
        8.136530633135365,
        7.978250860788232,
        8.370621998698317,
        9.380812479193015,
        7.925969855756691,
        10.033357827081478,
        8.364200114370032,
        9.371381594448618,
        7.960373337865384,
        8.015550841490262,
        7.9070059830976716,
        8.226341541942341,
        6.850544328944127,
        5.580678656704078,
        6.139679865179945,
        4.43067722614554,
        6.681961083454697,
        3.4869731716972394,
        3.4003511975718435,
        2.1225138426132752
    ],
    "electricity_cost": [
        0.2068,
        0.2068,
        0.2068,
        0.2068,
        0.2068,
        0.2068,
        0.2068,
        0.2068,
        0.2068,
        0.2068,
        0.2068,
        0.2068,
        0.2068,
        0.2068,
        0.2516,
        0.2516,
        0.2516,
        0.2516,
        0.2516,
        0.2516,
        0.2516,
        0.2516,
        0.2516,
        0.2516,
        0.2516,
        0.2516,
        0.2516,
        0.2516,
        0.2516,
        0.2516,
        0.2516,
        0.2516,
        0.2516,
        0.2516,
        0.2516,
        0.2516,
        0.2516,
        0.2516,
        0.2516,
        0.2516,
        0.2516,
        0.2516,
        0.2516,
        0.2516,
        0.2516,
        0.2516,
        0.2068,
        0.2068
    ]
}