{
    "name": "tcl149",
    "input_path": "tcl/input/tcl149",
    "output_path": "tcl/output/tcl149",
    "working_dir": "tcl/input/tcl149",
    "initial_temperature": 17.872344502404268,
    "coefDeltaTemp": 0.05625,
    "coefConso": 1.0,
    "puissanceMin": 0,
    "puissanceMax": 4,
    "temperature_max": 20.96475668659783,
    "temperature_min": 15.560975041058509,
    "chroniqueTempExt": [
        8.59087722209882,
        5.208581858019661,
        8.306747397337856,
        8.738727050949212,
        7.472278691626073,
        8.756998271677668,
        8.40172187572513,
        7.97914512770398,
        8.61683602905977,
        8.288238204692394,
        8.161341409237856,
        6.861630692528628,
        7.144969998378192,
        9.353888126587771,
        8.98229406215821,
        8.814347491031043,
        10.99854249701809,
        10.786753016061493,
        13.450714792458502,
        11.61395870004123,
        12.097792981839644,
        14.093294973332643,
        14.366736786521257,
        15.434995155560303,
        14.936597190263031,
        13.643881093952055,
        13.691205799569675,
        15.232758472162203,
        13.527909076839034,
        12.960216372397163,
        12.818353462642344,
        13.428272324882812,
        15.140419766587938,
        14.147919340565918,
        13.233371672184058,
        14.572744038435356,
        12.566472782167091,
        14.330460000382278,
        12.107797929956323,
        12.123077689944136,
        12.34362148016996,
        11.732066118277483,
        10.294590799099176,
        10.323819362261826,
        8.240667410536798,
        9.3262119791547,
        8.637828863838136,
        7.176005345646486
    ],
    "electricity_cost": [
        0.2068,
        0.2068,
        0.2068,
        0.2068,
        0.2068,
        0.2068,
        0.2068,
        0.2068,
        0.2068,
        0.2068,
        0.2068,
        0.2068,
        0.2068,
        0.2068,
        0.2516,
        0.2516,
        0.2516,
        0.2516,
        0.2516,
        0.2516,
        0.2516,
        0.2516,
        0.2516,
        0.2516,
        0.2516,
        0.2516,
        0.2516,
        0.2516,
        0.2516,
        0.2516,
        0.2516,
        0.2516,
        0.2516,
        0.2516,
        0.2516,
        0.2516,
        0.2516,
        0.2516,
        0.2516,
        0.2516,
        0.2516,
        0.2516,
        0.2516,
        0.2516,
        0.2516,
        0.2516,
        0.2068,
        0.2068
    ]
}