{
    "name": "tcl49",
    "input_path": "tcl/input/tcl49",
    "output_path": "tcl/output/tcl49",
    "working_dir": "tcl/input/tcl49",
    "initial_temperature": 18.446630382126987,
    "coefDeltaTemp": 0.05625,
    "coefConso": 1.0,
    "puissanceMin": 0,
    "puissanceMax": 4,
    "temperature_max": 21.98805763002825,
    "temperature_min": 15.28721882027716,
    "chroniqueTempExt": [
        7.5307105163069945,
        6.232951851269421,
        7.742924485852304,
        7.1575396943858305,
        8.036477242008262,
        6.229711798579161,
        7.171655912851831,
        6.751367694808922,
        7.507705739779169,
        8.249569854085106,
        6.260894262559608,
        7.990696159320018,
        7.146083174715296,
        9.507797264454448,
        8.98924670549899,
        9.149098765074243,
        11.314466696224814,
        9.740650372559124,
        11.816378501418221,
        11.684878166309586,
        12.437489222206587,
        14.103886991922344,
        11.404086340537674,
        13.820935333461323,
        13.78018137639963,
        13.300036669078786,
        14.367823816828588,
        13.29211676853675,
        14.052242620370414,
        13.119386107182615,
        14.401948148507318,
        15.500725471851506,
        14.256159662856613,
        14.802545164795934,
        15.314937632639504,
        12.26161083993673,
        14.779139473574242,
        13.525970805182824,
        13.644901788111818,
        11.749967923624013,
        12.17821217416237,
        11.23465924241343,
        10.481721360966846,
        9.929582247881942,
        9.720692756454332,
        8.167329948188026,
        9.019315440202973,
        8.65287045006396
    ],
    "electricity_cost": [
        0.2068,
        0.2068,
        0.2068,
        0.2068,
        0.2068,
        0.2068,
        0.2068,
        0.2068,
        0.2068,
        0.2068,
        0.2068,
        0.2068,
        0.2068,
        0.2068,
        0.2516,
        0.2516,
        0.2516,
        0.2516,
        0.2516,
        0.2516,
        0.2516,
        0.2516,
        0.2516,
        0.2516,
        0.2516,
        0.2516,
        0.2516,
        0.2516,
        0.2516,
        0.2516,
        0.2516,
        0.2516,
        0.2516,
        0.2516,
        0.2516,
        0.2516,
        0.2516,
        0.2516,
        0.2516,
        0.2516,
        0.2516,
        0.2516,
        0.2516,
        0.2516,
        0.2516,
        0.2516,
        0.2068,
        0.2068
    ]
}