{
    "load": [
        0.0,
        0.0,
        0.0,
        0.0,
        0.0,
        0.0,
        0.0,
        0.0,
        0.11824129620373114,
        0.8421027379650246,
        0.7708480845574246,
        0.9194070341590246,
        1.473659037679294,
        4.0,
        0.0,
        0.0,
        0.0,
        0.0,
        0.0,
        0.6415538904246245,
        0.6610380611846245,
        0.5182232493806245,
        0.5608405359786246,
        0.5966633160686245,
        0.44997603254662455,
        0.5283610637286245,
        0.5338835332366245,
        0.5468785041806246,
        0.5722881338306245,
        0.5651424770206246,
        0.5792179959446245,
        0.5498340989926245,
        0.47686428304862455,
        0.41114638163662454,
        0.4999534883766245,
        0.47407851856662453,
        4.0,
        4.0,
        0.0,
        0.0,
        4.0,
        4.0,
        0.0,
        0.0,
        0.0,
        0.0,
        0.0,
        0.0
    ],
    "cost": -115.99407077258348
}