{
    "load": [
        0.0,
        0.0,
        0.0,
        0.0,
        0.0,
        0.0,
        0.0,
        0.0,
        0.11824129620373114,
        0.8421027379650248,
        0.770848084557425,
        0.9194070341590255,
        1.4736590376792869,
        4.0,
        0.0,
        0.0,
        0.0,
        0.0,
        0.0,
        0.6415538904246247,
        0.6610380611846232,
        0.5182232493806254,
        0.5608405359786239,
        0.596663316068625,
        0.4499760325466262,
        0.5283610637286245,
        0.5338835332366259,
        0.5468785041806257,
        0.5722881338306252,
        0.5651424770206255,
        0.5792179959446244,
        0.5498340989926263,
        0.4768642830486236,
        0.4111463816366232,
        0.4999534883766259,
        0.47407851856662475,
        4.0,
        4.0,
        0.0,
        0.0,
        4.0,
        4.0,
        0.0,
        0.0,
        0.0,
        0.0,
        0.0,
        0.0
    ],
    "cost": -115.99398848246864
}