{
    "name": "tcl142",
    "input_path": "tcl/input/tcl142",
    "output_path": "tcl/output/tcl142",
    "working_dir": "tcl/input/tcl142",
    "initial_temperature": 19.316661305148745,
    "coefDeltaTemp": 0.05625,
    "coefConso": 1.0,
    "puissanceMin": 0,
    "puissanceMax": 4,
    "temperature_max": 20.690665546225706,
    "temperature_min": 15.13780948841374,
    "chroniqueTempExt": [
        15.813333760631037,
        14.747297139581983,
        14.211670241797218,
        15.343051057897151,
        14.582038334633726,
        14.132979864754548,
        13.949917505438036,
        14.66876440682803,
        15.202237564785756,
        15.950250099208581,
        14.403005374431505,
        14.759252407375872,
        14.697811498141126,
        15.898727541147775,
        17.907604768312893,
        17.50929943777319,
        18.873735626970873,
        19.759966570752233,
        18.179896123252856,
        18.91161422635239,
        20.878013226882196,
        20.616927366003317,
        21.078939120223826,
        20.515610768649463,
        21.698953498975484,
        21.04067352841766,
        22.27380368325842,
        22.2943215225903,
        22.07538077758797,
        22.051574192865672,
        21.9664703285672,
        21.702805161651543,
        22.653436407317933,
        22.13290686721496,
        20.948001985253693,
        23.65675004799517,
        21.87383503276172,
        21.51702921853231,
        20.220032997543594,
        18.99364742291863,
        18.593619432716842,
        16.97246223832241,
        18.288144935184217,
        18.89390931582312,
        16.00502520990906,
        15.211402875224412,
        17.277118589142447,
        14.102626328452612
    ],
    "electricity_cost": [
        0.2068,
        0.2068,
        0.2068,
        0.2068,
        0.2068,
        0.2068,
        0.2068,
        0.2068,
        0.2068,
        0.2068,
        0.2068,
        0.2068,
        0.2068,
        0.2068,
        0.2516,
        0.2516,
        0.2516,
        0.2516,
        0.2516,
        0.2516,
        0.2516,
        0.2516,
        0.2516,
        0.2516,
        0.2516,
        0.2516,
        0.2516,
        0.2516,
        0.2516,
        0.2516,
        0.2516,
        0.2516,
        0.2516,
        0.2516,
        0.2516,
        0.2516,
        0.2516,
        0.2516,
        0.2516,
        0.2516,
        0.2516,
        0.2516,
        0.2516,
        0.2516,
        0.2516,
        0.2516,
        0.2068,
        0.2068
    ]
}