{
    "load": [
        0.0,
        0.0,
        0.0,
        0.0,
        0.0,
        0.0,
        0.22678992566889988,
        0.8906508451259479,
        0.949356678513648,
        0.9832664627854479,
        0.936098855215448,
        0.871780227815848,
        2.728142438862747,
        4.0,
        0.0,
        0.0,
        0.0,
        0.0,
        0.0,
        0.8137209511282479,
        0.667623520215248,
        0.7273134720036479,
        0.695073143494848,
        0.510583877627248,
        0.654919246645248,
        0.6073547984532479,
        0.648522871183248,
        0.662834673861248,
        0.5064476649612479,
        0.6815504923932479,
        0.6016513321952479,
        0.556769557021248,
        0.692616230299248,
        0.606809094455248,
        0.563776419973248,
        0.556640408341248,
        4.0,
        1.7892469473773502,
        0.0,
        0.0,
        4.0,
        4.0,
        0.0,
        0.0,
        0.0,
        0.0,
        0.0,
        0.0
    ],
    "cost": -100.0630049050163
}