{
    "load": [
        0.0,
        0.0,
        0.0,
        0.0,
        0.0,
        0.0,
        0.22678992566889988,
        0.8906508451259469,
        0.9493566785136487,
        0.9832664627854477,
        0.9360988552154481,
        0.8717802278158473,
        2.728142438862747,
        4.0,
        0.0,
        0.0,
        0.0,
        0.0,
        0.0,
        0.8137209511282464,
        0.6676235202152476,
        0.7273134720036474,
        0.6950731434948487,
        0.5105838776272478,
        0.6549192466452496,
        0.6073547984532475,
        0.6485228711832463,
        0.6628346738612478,
        0.5064476649612466,
        0.6815504923932494,
        0.6016513321952495,
        0.5567695570212479,
        0.6926162302992473,
        0.6068090944552473,
        0.563776419973248,
        0.5566404083412486,
        4.0,
        1.7892469473773431,
        0.0,
        0.0,
        4.0,
        4.0,
        0.0,
        0.0,
        0.0,
        0.0,
        0.0,
        0.0
    ],
    "cost": -100.06289722104279
}