{
    "name": "tcl153",
    "input_path": "tcl/input/tcl153",
    "output_path": "tcl/output/tcl153",
    "working_dir": "tcl/input/tcl153",
    "initial_temperature": 17.78212503219249,
    "coefDeltaTemp": 0.05625,
    "coefConso": 1.0,
    "puissanceMin": 0,
    "puissanceMax": 4,
    "temperature_max": 21.6109814059799,
    "temperature_min": 15.714971222993775,
    "chroniqueTempExt": [
        14.925827221848104,
        13.807882416020982,
        13.071546567884209,
        14.897608539754568,
        15.46577622352049,
        15.26130436591191,
        14.151095693798359,
        13.571446728284393,
        14.841229009090084,
        14.817934879276155,
        13.816889399647604,
        14.518368868064163,
        14.860651978946434,
        15.529866263763235,
        18.21186374866851,
        15.947140458604622,
        17.394234887067253,
        20.567767275885075,
        18.867587736910142,
        19.980825371513898,
        21.274663631891638,
        20.103759614864913,
        21.30762393242526,
        22.226920728518138,
        20.384189233543108,
        23.281755327097894,
        21.333220039078924,
        22.87321248383353,
        20.41247985280917,
        22.701794915044115,
        20.4893351240896,
        20.47185168803625,
        22.135694110541138,
        21.6358858280789,
        21.716643697315273,
        22.3263545024892,
        19.591967245792347,
        19.44798079427007,
        21.442026384345247,
        19.614790001662577,
        19.517758093048432,
        18.475488328207103,
        18.503692290936854,
        15.874149926968267,
        16.93775521609413,
        16.431665901631053,
        15.136852621320608,
        15.21739277906163
    ],
    "electricity_cost": [
        0.2068,
        0.2068,
        0.2068,
        0.2068,
        0.2068,
        0.2068,
        0.2068,
        0.2068,
        0.2068,
        0.2068,
        0.2068,
        0.2068,
        0.2068,
        0.2068,
        0.2516,
        0.2516,
        0.2516,
        0.2516,
        0.2516,
        0.2516,
        0.2516,
        0.2516,
        0.2516,
        0.2516,
        0.2516,
        0.2516,
        0.2516,
        0.2516,
        0.2516,
        0.2516,
        0.2516,
        0.2516,
        0.2516,
        0.2516,
        0.2516,
        0.2516,
        0.2516,
        0.2516,
        0.2516,
        0.2516,
        0.2516,
        0.2516,
        0.2516,
        0.2516,
        0.2516,
        0.2516,
        0.2068,
        0.2068
    ]
}