{
    "name": "tcl243",
    "input_path": "tcl/input/tcl243",
    "output_path": "tcl/output/tcl243",
    "working_dir": "tcl/input/tcl243",
    "initial_temperature": 19.323901777759552,
    "coefDeltaTemp": 0.05625,
    "coefConso": 1.0,
    "puissanceMin": 0,
    "puissanceMax": 4,
    "temperature_max": 20.03574056243119,
    "temperature_min": 15.196453943480488,
    "chroniqueTempExt": [
        0.5848270158621801,
        -0.9949396907133107,
        0.6744761414226587,
        0.7197325554291139,
        0.5115641919055636,
        0.17428544448270558,
        0.7360538954747465,
        -0.6028489885213469,
        0.13753526772318114,
        -0.5427380841165981,
        -1.02823692488278,
        -1.4106598305350935,
        -0.583079374489304,
        -0.1709295150152012,
        1.1756237238873128,
        1.1766943849421987,
        1.0365918542412875,
        2.2205628570605036,
        3.018028107815006,
        4.22673189553597,
        3.818028893271479,
        2.411047609729889,
        5.102598301282493,
        5.026964840784018,
        4.702982597409818,
        6.505814178557253,
        6.039410896799381,
        4.954814252514605,
        6.179954562035556,
        4.9105057463513555,
        4.924958012894722,
        6.18600378901141,
        3.795294279578986,
        5.193176687408682,
        3.570490807593802,
        3.988095897858508,
        5.773716209918462,
        2.941505108829209,
        3.3526110127419644,
        4.220688678330641,
        4.218528275268924,
        3.030679841542878,
        2.6370102022513735,
        0.8375854263577133,
        1.5735716674230193,
        0.6365422683770913,
        0.5150254652721142,
        0.034232723374745144
    ],
    "electricity_cost": [
        0.2068,
        0.2068,
        0.2068,
        0.2068,
        0.2068,
        0.2068,
        0.2068,
        0.2068,
        0.2068,
        0.2068,
        0.2068,
        0.2068,
        0.2068,
        0.2068,
        0.2516,
        0.2516,
        0.2516,
        0.2516,
        0.2516,
        0.2516,
        0.2516,
        0.2516,
        0.2516,
        0.2516,
        0.2516,
        0.2516,
        0.2516,
        0.2516,
        0.2516,
        0.2516,
        0.2516,
        0.2516,
        0.2516,
        0.2516,
        0.2516,
        0.2516,
        0.2516,
        0.2516,
        0.2516,
        0.2516,
        0.2516,
        0.2516,
        0.2516,
        0.2516,
        0.2516,
        0.2516,
        0.2068,
        0.2068
    ]
}