{
    "name": "tcl96",
    "input_path": "tcl/input/tcl96",
    "output_path": "tcl/output/tcl96",
    "working_dir": "tcl/input/tcl96",
    "initial_temperature": 17.923080811235415,
    "coefDeltaTemp": 0.05625,
    "coefConso": 1.0,
    "puissanceMin": 0,
    "puissanceMax": 4,
    "temperature_max": 20.127111282154218,
    "temperature_min": 16.598959016675778,
    "chroniqueTempExt": [
        12.434844333617466,
        11.017898188712426,
        13.79699460125625,
        10.946742208460767,
        11.846165459404123,
        12.65448274422863,
        12.171332879554557,
        13.347909843933456,
        11.140252104770212,
        12.149505245958418,
        12.934069465581368,
        12.24138270297538,
        12.535497992677854,
        12.838343142991404,
        14.068015317997986,
        13.45764952348287,
        15.423079902446442,
        13.879011187736758,
        17.28467490282318,
        16.35415966865266,
        14.885658769873729,
        18.495513923822557,
        18.74282386740721,
        20.065214373385015,
        19.335143995507753,
        17.215961044983274,
        19.814371615596418,
        18.336549500622397,
        18.932330814934087,
        18.328251296664288,
        20.55857579243033,
        18.93219126262878,
        17.761509051029332,
        18.724019989058604,
        20.60535591225389,
        19.067996329857888,
        19.167575642529496,
        17.67527831027119,
        17.222144542234282,
        18.688660519322557,
        15.752065534059119,
        15.144394535827688,
        14.628348412711002,
        14.559155948888547,
        13.907752013095262,
        13.226259499962813,
        12.75674904399355,
        12.572051812541408
    ],
    "electricity_cost": [
        0.2068,
        0.2068,
        0.2068,
        0.2068,
        0.2068,
        0.2068,
        0.2068,
        0.2068,
        0.2068,
        0.2068,
        0.2068,
        0.2068,
        0.2068,
        0.2068,
        0.2516,
        0.2516,
        0.2516,
        0.2516,
        0.2516,
        0.2516,
        0.2516,
        0.2516,
        0.2516,
        0.2516,
        0.2516,
        0.2516,
        0.2516,
        0.2516,
        0.2516,
        0.2516,
        0.2516,
        0.2516,
        0.2516,
        0.2516,
        0.2516,
        0.2516,
        0.2516,
        0.2516,
        0.2516,
        0.2516,
        0.2516,
        0.2516,
        0.2516,
        0.2516,
        0.2516,
        0.2516,
        0.2068,
        0.2068
    ]
}