{
    "name": "tcl112",
    "input_path": "tcl/input/tcl112",
    "output_path": "tcl/output/tcl112",
    "working_dir": "tcl/input/tcl112",
    "initial_temperature": 18.01942187632262,
    "coefDeltaTemp": 0.05625,
    "coefConso": 1.0,
    "puissanceMin": 0,
    "puissanceMax": 4,
    "temperature_max": 21.077359970438767,
    "temperature_min": 16.96375798161553,
    "chroniqueTempExt": [
        10.695868022832602,
        13.062514498952462,
        11.96619873066939,
        11.352196854571138,
        9.869317899443526,
        12.48259565068694,
        12.637162258889596,
        12.91076637750943,
        11.65003873227862,
        11.773412998447435,
        13.257178244996382,
        11.96666170571666,
        10.794397861120707,
        14.211075490098143,
        10.76073480784389,
        14.298612024534913,
        14.24158463311576,
        16.811672480966813,
        18.139520705134263,
        15.699135194515323,
        18.9197141961896,
        16.966463572786264,
        17.09489564049528,
        17.65909566026871,
        19.269441727867147,
        19.89444673753129,
        19.426812400239374,
        18.76065078537035,
        19.31584121399603,
        18.75766298890366,
        19.076291726576443,
        18.98861111631198,
        20.51577398829175,
        19.040275500264624,
        18.630237918296647,
        18.773358860957472,
        20.27302335882556,
        19.58582153935579,
        16.97641168708607,
        15.765300460214274,
        15.794883354277701,
        14.822338093466978,
        16.804632772715603,
        12.153691008169254,
        14.61473841178437,
        12.940730915497717,
        13.811357220566673,
        13.136445870201353
    ],
    "electricity_cost": [
        0.2068,
        0.2068,
        0.2068,
        0.2068,
        0.2068,
        0.2068,
        0.2068,
        0.2068,
        0.2068,
        0.2068,
        0.2068,
        0.2068,
        0.2068,
        0.2068,
        0.2516,
        0.2516,
        0.2516,
        0.2516,
        0.2516,
        0.2516,
        0.2516,
        0.2516,
        0.2516,
        0.2516,
        0.2516,
        0.2516,
        0.2516,
        0.2516,
        0.2516,
        0.2516,
        0.2516,
        0.2516,
        0.2516,
        0.2516,
        0.2516,
        0.2516,
        0.2516,
        0.2516,
        0.2516,
        0.2516,
        0.2516,
        0.2516,
        0.2516,
        0.2516,
        0.2516,
        0.2516,
        0.2068,
        0.2068
    ]
}