{
    "name": "tcl117",
    "input_path": "tcl/input/tcl117",
    "output_path": "tcl/output/tcl117",
    "working_dir": "tcl/input/tcl117",
    "initial_temperature": 18.327923132491716,
    "coefDeltaTemp": 0.05625,
    "coefConso": 1.0,
    "puissanceMin": 0,
    "puissanceMax": 4,
    "temperature_max": 20.959673610431604,
    "temperature_min": 15.802039162715941,
    "chroniqueTempExt": [
        1.7981108076476864,
        1.530038596328604,
        0.9145681166311886,
        2.120622455905449,
        2.491767093095235,
        0.4074707588289238,
        2.148130789848457,
        1.6432591935016259,
        0.31822772681914246,
        0.7662262158369069,
        -0.5681502816595851,
        1.2846214751098766,
        0.4894543971055382,
        2.1462660423037243,
        2.1533096766924436,
        2.996570677784043,
        3.301858829001619,
        3.2437864033252146,
        2.9520809505795835,
        5.065784458476573,
        5.538404026196798,
        7.036583568548616,
        4.627394352528481,
        5.21330355990962,
        5.121058557625837,
        5.375683703346396,
        5.588529166796062,
        4.649302445178347,
        4.862510671181984,
        5.789291504443947,
        6.256042178446657,
        5.342908981550972,
        6.110286646476152,
        6.428259213359662,
        5.165372301843564,
        5.7392742722082755,
        7.59150709768972,
        4.702219021970967,
        5.512447712413981,
        3.1775297506990183,
        4.909189291582224,
        3.1256829660636445,
        4.65861740012092,
        2.0816105452124885,
        1.7080064224903444,
        2.500062321490509,
        2.1220576342377186,
        1.1416800324595546
    ],
    "electricity_cost": [
        0.2068,
        0.2068,
        0.2068,
        0.2068,
        0.2068,
        0.2068,
        0.2068,
        0.2068,
        0.2068,
        0.2068,
        0.2068,
        0.2068,
        0.2068,
        0.2068,
        0.2516,
        0.2516,
        0.2516,
        0.2516,
        0.2516,
        0.2516,
        0.2516,
        0.2516,
        0.2516,
        0.2516,
        0.2516,
        0.2516,
        0.2516,
        0.2516,
        0.2516,
        0.2516,
        0.2516,
        0.2516,
        0.2516,
        0.2516,
        0.2516,
        0.2516,
        0.2516,
        0.2516,
        0.2516,
        0.2516,
        0.2516,
        0.2516,
        0.2516,
        0.2516,
        0.2516,
        0.2516,
        0.2068,
        0.2068
    ]
}