{
    "name": "tcl152",
    "input_path": "tcl/input/tcl152",
    "output_path": "tcl/output/tcl152",
    "working_dir": "tcl/input/tcl152",
    "initial_temperature": 17.803689458990316,
    "coefDeltaTemp": 0.05625,
    "coefConso": 1.0,
    "puissanceMin": 0,
    "puissanceMax": 4,
    "temperature_max": 20.359538921947422,
    "temperature_min": 16.184923199394273,
    "chroniqueTempExt": [
        16.34969881318296,
        12.987988040854155,
        15.699522424879909,
        14.931524632231776,
        15.273193034962437,
        14.229442584399436,
        12.24472208218746,
        16.13579163099822,
        14.678938477957004,
        13.240720215620584,
        14.52294841625867,
        13.922456710640589,
        15.29669562057885,
        15.109349933162239,
        17.061164727560065,
        16.175837205784386,
        16.9435662487181,
        16.164262831670484,
        19.593658004037593,
        20.542896266295894,
        21.194425246957575,
        22.16281667058326,
        21.39780084390972,
        20.409603535512584,
        21.427480558379067,
        22.597174571792518,
        22.409896253049354,
        21.423334916317017,
        22.60251686244824,
        23.33625204485824,
        22.84472670321564,
        21.65319487396986,
        23.5848707899736,
        21.10487174398331,
        22.507131799758316,
        22.82453665572182,
        22.398981666343996,
        19.13734556434774,
        20.592529033642954,
        20.207391763812144,
        19.626186733990306,
        18.17658305281792,
        19.374371848577887,
        17.378442883376284,
        18.255377061586834,
        17.672534429230836,
        16.54284676802607,
        15.601371933704426
    ],
    "electricity_cost": [
        0.2068,
        0.2068,
        0.2068,
        0.2068,
        0.2068,
        0.2068,
        0.2068,
        0.2068,
        0.2068,
        0.2068,
        0.2068,
        0.2068,
        0.2068,
        0.2068,
        0.2516,
        0.2516,
        0.2516,
        0.2516,
        0.2516,
        0.2516,
        0.2516,
        0.2516,
        0.2516,
        0.2516,
        0.2516,
        0.2516,
        0.2516,
        0.2516,
        0.2516,
        0.2516,
        0.2516,
        0.2516,
        0.2516,
        0.2516,
        0.2516,
        0.2516,
        0.2516,
        0.2516,
        0.2516,
        0.2516,
        0.2516,
        0.2516,
        0.2516,
        0.2516,
        0.2516,
        0.2516,
        0.2068,
        0.2068
    ]
}