{
    "name": "tcl238",
    "input_path": "tcl/input/tcl238",
    "output_path": "tcl/output/tcl238",
    "working_dir": "tcl/input/tcl238",
    "initial_temperature": 17.772592689124387,
    "coefDeltaTemp": 0.05625,
    "coefConso": 1.0,
    "puissanceMin": 0,
    "puissanceMax": 4,
    "temperature_max": 21.466653215862106,
    "temperature_min": 16.72123496188778,
    "chroniqueTempExt": [
        1.6480143104070126,
        0.17864008895369615,
        -1.6725693361542135,
        0.09197442770068932,
        0.4400747232274287,
        0.05248966429604599,
        -0.060733252570912846,
        -1.7117725698797124,
        -0.09160255680714549,
        2.291029035319508,
        1.3890010685475997,
        -0.5393172200096221,
        -2.233108274746652,
        0.8899346631215983,
        0.8354457994231949,
        1.542060596912799,
        1.3401706440686054,
        1.8494677615214914,
        3.2259517038739345,
        2.9976226478433703,
        2.551154818054092,
        2.96704689754335,
        4.714411261426993,
        5.550949253640701,
        3.4218628042428305,
        3.969285778627502,
        6.063658721536421,
        5.773141201751418,
        5.65888591558588,
        5.440282544831394,
        3.2439254973338496,
        3.9272030030442435,
        3.9033022023943387,
        4.784787075283547,
        4.361374093163981,
        4.188338097548414,
        4.264554311512444,
        6.379620321900697,
        1.9401822879957562,
        4.065733204669282,
        4.043054510113594,
        2.974802147930075,
        1.7704938013541653,
        2.6157715329733526,
        2.57706978238902,
        1.34310755204109,
        1.1940865630904347,
        0.7419339487850339
    ],
    "electricity_cost": [
        0.2068,
        0.2068,
        0.2068,
        0.2068,
        0.2068,
        0.2068,
        0.2068,
        0.2068,
        0.2068,
        0.2068,
        0.2068,
        0.2068,
        0.2068,
        0.2068,
        0.2516,
        0.2516,
        0.2516,
        0.2516,
        0.2516,
        0.2516,
        0.2516,
        0.2516,
        0.2516,
        0.2516,
        0.2516,
        0.2516,
        0.2516,
        0.2516,
        0.2516,
        0.2516,
        0.2516,
        0.2516,
        0.2516,
        0.2516,
        0.2516,
        0.2516,
        0.2516,
        0.2516,
        0.2516,
        0.2516,
        0.2516,
        0.2516,
        0.2516,
        0.2516,
        0.2516,
        0.2516,
        0.2068,
        0.2068
    ]
}