{
    "name": "tcl20",
    "input_path": "tcl/input/tcl20",
    "output_path": "tcl/output/tcl20",
    "working_dir": "tcl/input/tcl20",
    "initial_temperature": 18.889000457583936,
    "coefDeltaTemp": 0.05625,
    "coefConso": 1.0,
    "puissanceMin": 0,
    "puissanceMax": 4,
    "temperature_max": 21.137907519150616,
    "temperature_min": 16.359102968758283,
    "chroniqueTempExt": [
        10.998601537848906,
        8.866111085665151,
        9.576746284656585,
        8.060677977361609,
        10.08892815499991,
        9.392608244812473,
        7.839952731336214,
        10.448721491862772,
        9.726047010963342,
        10.013047761237772,
        10.424421764993141,
        9.23054499687536,
        10.041672778167518,
        11.652400541295005,
        12.65023748118949,
        10.017490605821855,
        13.128459577423953,
        12.555748953577053,
        14.063187522961085,
        15.880144520347041,
        14.740098059599102,
        15.240105348964097,
        15.900280090962967,
        15.632914679231785,
        16.585286936650796,
        17.352211147336718,
        16.08517672874732,
        16.269754707613284,
        14.722149370236037,
        17.156353231102205,
        15.416031380297364,
        16.833840071306795,
        16.294589979872672,
        16.06511324381,
        16.403766498119534,
        16.71913188615665,
        17.542884913360876,
        14.324067926456516,
        13.673461444187549,
        13.294735999018684,
        12.978754998363318,
        14.256134917224415,
        12.840283094214435,
        10.68529757777882,
        11.774849923196536,
        11.45073377336533,
        8.784311022111696,
        9.068757821128953
    ],
    "electricity_cost": [
        0.2068,
        0.2068,
        0.2068,
        0.2068,
        0.2068,
        0.2068,
        0.2068,
        0.2068,
        0.2068,
        0.2068,
        0.2068,
        0.2068,
        0.2068,
        0.2068,
        0.2516,
        0.2516,
        0.2516,
        0.2516,
        0.2516,
        0.2516,
        0.2516,
        0.2516,
        0.2516,
        0.2516,
        0.2516,
        0.2516,
        0.2516,
        0.2516,
        0.2516,
        0.2516,
        0.2516,
        0.2516,
        0.2516,
        0.2516,
        0.2516,
        0.2516,
        0.2516,
        0.2516,
        0.2516,
        0.2516,
        0.2516,
        0.2516,
        0.2516,
        0.2516,
        0.2516,
        0.2516,
        0.2068,
        0.2068
    ]
}