{
    "name": "tcl203",
    "input_path": "tcl/input/tcl203",
    "output_path": "tcl/output/tcl203",
    "working_dir": "tcl/input/tcl203",
    "initial_temperature": 18.107353174171145,
    "coefDeltaTemp": 0.05625,
    "coefConso": 1.0,
    "puissanceMin": 0,
    "puissanceMax": 4,
    "temperature_max": 20.504744226384346,
    "temperature_min": 16.662191493505148,
    "chroniqueTempExt": [
        12.949422417403925,
        10.965105542201055,
        10.6198381820618,
        12.445301200399927,
        10.093358902156918,
        10.564675182510623,
        12.987948347633424,
        11.107478187078701,
        10.033083918719495,
        14.182420878821855,
        13.078213317280746,
        12.488163920382926,
        10.677257335885557,
        13.052676659338651,
        14.602433588064544,
        14.061710452780916,
        12.935891240069274,
        15.909315655308545,
        15.953118425037289,
        16.371654083748382,
        16.411763381489052,
        18.235645590383633,
        17.244108055362698,
        17.339381138768225,
        18.5238617888105,
        18.085258588531772,
        19.18058919927749,
        19.112019467705768,
        18.087113864064857,
        18.8491200884568,
        18.950646236165003,
        17.914602729893158,
        18.063903831412603,
        19.325046035154003,
        19.339891580555868,
        21.131871504915296,
        20.30931077639205,
        19.41969468124093,
        17.32958031802225,
        16.714222507431018,
        18.59428185426816,
        16.89458432096049,
        14.046605655326601,
        16.900996409918545,
        14.421530618407255,
        13.87529092652743,
        12.475452247371583,
        13.167539409691944
    ],
    "electricity_cost": [
        0.2068,
        0.2068,
        0.2068,
        0.2068,
        0.2068,
        0.2068,
        0.2068,
        0.2068,
        0.2068,
        0.2068,
        0.2068,
        0.2068,
        0.2068,
        0.2068,
        0.2516,
        0.2516,
        0.2516,
        0.2516,
        0.2516,
        0.2516,
        0.2516,
        0.2516,
        0.2516,
        0.2516,
        0.2516,
        0.2516,
        0.2516,
        0.2516,
        0.2516,
        0.2516,
        0.2516,
        0.2516,
        0.2516,
        0.2516,
        0.2516,
        0.2516,
        0.2516,
        0.2516,
        0.2516,
        0.2516,
        0.2516,
        0.2516,
        0.2516,
        0.2516,
        0.2516,
        0.2516,
        0.2068,
        0.2068
    ]
}