{
    "name": "tcl249",
    "input_path": "tcl/input/tcl249",
    "output_path": "tcl/output/tcl249",
    "working_dir": "tcl/input/tcl249",
    "initial_temperature": 18.635396622514772,
    "coefDeltaTemp": 0.05625,
    "coefConso": 1.0,
    "puissanceMin": 0,
    "puissanceMax": 4,
    "temperature_max": 20.650755677137763,
    "temperature_min": 16.82077281091869,
    "chroniqueTempExt": [
        3.2987634146671265,
        2.5124492296125407,
        4.24810576826972,
        3.9220997225035847,
        4.794823548825352,
        5.920298953233398,
        2.8522582033901296,
        2.296748474933949,
        1.3331384071130943,
        4.426025671641227,
        2.845617778790019,
        4.8599539765927515,
        4.64213383720456,
        4.1129849560045875,
        5.828283669550213,
        6.361506018937282,
        5.825345826394164,
        4.851114212235756,
        7.000478567698407,
        8.012609283458016,
        7.622177262746961,
        8.004802792205433,
        7.90356824903416,
        10.984456738151612,
        8.001469087685274,
        9.192124553502717,
        10.705274136061012,
        8.724331385255706,
        9.762619726722491,
        9.020254695711348,
        8.99538310264567,
        8.345971245719756,
        10.119404831577402,
        9.674587104427737,
        8.030703613215373,
        8.144341387588405,
        9.528529600428252,
        9.10299606695749,
        7.202310346915446,
        6.2867603276258235,
        6.649371807708051,
        9.53774104259314,
        5.993087238921411,
        5.393954235459397,
        6.181568487260308,
        4.8731592759708455,
        5.360806405080005,
        5.348118207772914
    ],
    "electricity_cost": [
        0.2068,
        0.2068,
        0.2068,
        0.2068,
        0.2068,
        0.2068,
        0.2068,
        0.2068,
        0.2068,
        0.2068,
        0.2068,
        0.2068,
        0.2068,
        0.2068,
        0.2516,
        0.2516,
        0.2516,
        0.2516,
        0.2516,
        0.2516,
        0.2516,
        0.2516,
        0.2516,
        0.2516,
        0.2516,
        0.2516,
        0.2516,
        0.2516,
        0.2516,
        0.2516,
        0.2516,
        0.2516,
        0.2516,
        0.2516,
        0.2516,
        0.2516,
        0.2516,
        0.2516,
        0.2516,
        0.2516,
        0.2516,
        0.2516,
        0.2516,
        0.2516,
        0.2516,
        0.2516,
        0.2068,
        0.2068
    ]
}