{
    "name": "tcl55",
    "input_path": "tcl/input/tcl55",
    "output_path": "tcl/output/tcl55",
    "working_dir": "tcl/input/tcl55",
    "initial_temperature": 19.194305654366296,
    "coefDeltaTemp": 0.05625,
    "coefConso": 1.0,
    "puissanceMin": 0,
    "puissanceMax": 4,
    "temperature_max": 20.242071228136815,
    "temperature_min": 16.235766326129774,
    "chroniqueTempExt": [
        1.1592696045277735,
        0.349139458964992,
        0.5702906534422691,
        0.1395442663530745,
        1.9477716412920867,
        1.6498249566293648,
        0.5954541524834385,
        0.1902491017511896,
        3.207214749157444,
        2.5807500653650175,
        1.3187927308867224,
        1.5676133641406786,
        2.947292930367074,
        1.0459553256365446,
        1.105614969452878,
        3.191997115671275,
        2.8729180408634543,
        4.300930219385685,
        4.087867865995088,
        2.0672979900806494,
        3.2961932902914235,
        5.286848067049869,
        4.7736963000801325,
        4.011820645880627,
        5.770941018908248,
        5.662205244965695,
        5.516321650439051,
        5.607497236239501,
        6.9678944075331275,
        4.9763304310811005,
        6.306044140329412,
        7.54333950426411,
        6.786308511880808,
        6.741432437157126,
        5.778453617271848,
        6.844904410021462,
        6.037124163390426,
        4.452526567492898,
        5.0379194860258325,
        6.063680046066036,
        3.5616853845965406,
        2.5250916800229435,
        2.716317616175737,
        1.9295427467419706,
        2.955523629617784,
        0.6003302283044678,
        3.160670298084101,
        1.7580016909533085
    ],
    "electricity_cost": [
        0.2068,
        0.2068,
        0.2068,
        0.2068,
        0.2068,
        0.2068,
        0.2068,
        0.2068,
        0.2068,
        0.2068,
        0.2068,
        0.2068,
        0.2068,
        0.2068,
        0.2516,
        0.2516,
        0.2516,
        0.2516,
        0.2516,
        0.2516,
        0.2516,
        0.2516,
        0.2516,
        0.2516,
        0.2516,
        0.2516,
        0.2516,
        0.2516,
        0.2516,
        0.2516,
        0.2516,
        0.2516,
        0.2516,
        0.2516,
        0.2516,
        0.2516,
        0.2516,
        0.2516,
        0.2516,
        0.2516,
        0.2516,
        0.2516,
        0.2516,
        0.2516,
        0.2516,
        0.2516,
        0.2068,
        0.2068
    ]
}