{
    "name": "tcl56",
    "input_path": "tcl/input/tcl56",
    "output_path": "tcl/output/tcl56",
    "working_dir": "tcl/input/tcl56",
    "initial_temperature": 18.890561064681872,
    "coefDeltaTemp": 0.05625,
    "coefConso": 1.0,
    "puissanceMin": 0,
    "puissanceMax": 4,
    "temperature_max": 20.826122935647778,
    "temperature_min": 15.341735946834179,
    "chroniqueTempExt": [
        5.34006398737855,
        6.418369012687832,
        6.988559981288117,
        7.304813556689975,
        5.819050887667696,
        4.838052305499331,
        5.9909555257003015,
        7.059171772797406,
        6.103988856826718,
        4.843660029065984,
        4.871500714009754,
        6.885040812812601,
        7.268609066873992,
        6.033119618540001,
        5.563722449527132,
        7.525231183782526,
        7.208850538241161,
        7.022254708638444,
        9.413146483243159,
        10.242240433161642,
        10.893481549630458,
        11.054044346114223,
        10.31742338592493,
        11.68027733653778,
        11.827619190989186,
        11.198518078771395,
        11.624971606858155,
        10.836506098493158,
        10.738286605604724,
        9.873389788311785,
        12.04091642337705,
        14.336644304610992,
        12.273752006638835,
        11.009412520797706,
        12.86445246474834,
        12.182355563606125,
        12.307256121465185,
        11.716818665801355,
        10.821144746652587,
        10.148243245875284,
        10.12018946494951,
        9.21602260357495,
        7.460233257178823,
        10.328099554590075,
        8.296167179211157,
        7.736892651481065,
        6.247944074226282,
        7.582256728197835
    ],
    "electricity_cost": [
        0.2068,
        0.2068,
        0.2068,
        0.2068,
        0.2068,
        0.2068,
        0.2068,
        0.2068,
        0.2068,
        0.2068,
        0.2068,
        0.2068,
        0.2068,
        0.2068,
        0.2516,
        0.2516,
        0.2516,
        0.2516,
        0.2516,
        0.2516,
        0.2516,
        0.2516,
        0.2516,
        0.2516,
        0.2516,
        0.2516,
        0.2516,
        0.2516,
        0.2516,
        0.2516,
        0.2516,
        0.2516,
        0.2516,
        0.2516,
        0.2516,
        0.2516,
        0.2516,
        0.2516,
        0.2516,
        0.2516,
        0.2516,
        0.2516,
        0.2516,
        0.2516,
        0.2516,
        0.2516,
        0.2068,
        0.2068
    ]
}