{
    "name": "tcl38",
    "input_path": "tcl/input/tcl38",
    "output_path": "tcl/output/tcl38",
    "working_dir": "tcl/input/tcl38",
    "initial_temperature": 17.87125699310156,
    "coefDeltaTemp": 0.05625,
    "coefConso": 1,
    "puissanceMin": 0,
    "puissanceMax": 4,
    "temperature_max": 20.71129172369009,
    "temperature_min": 15.445177683475295,
    "chroniqueTempExt": [
        0.22629031302062197,
        -0.22005661304899118,
        -1.5331617315682846,
        0.3607639046452881,
        1.2925729969732542,
        -0.7634981937894656,
        -0.7225385988649582,
        1.0680216069991166,
        1.1785522907142627,
        1.7355740175834133,
        -0.20258372449585482,
        0.0686945709431043,
        -1.1390417853451569,
        0.004008341919772784,
        1.2688338066690494,
        0.7721596772145585,
        0.636705399123219,
        0.9275803325074168,
        1.8703272197891194,
        4.223668618827999,
        4.225658961439791,
        4.618739437325621,
        4.690208180660545,
        4.15523580999954,
        5.917559936550532,
        4.246826311522366,
        4.023090380018909,
        5.02993419881145,
        4.122737654228928,
        6.224050988869182,
        6.025851992043109,
        5.596408842418603,
        5.420936827511264,
        6.864445719190238,
        4.677200323886009,
        5.851121767384847,
        3.2841796397700396,
        4.995233786012989,
        3.971235465392714,
        3.3446461923206696,
        1.7215428974700717,
        1.6669302508910762,
        2.4531533488088746,
        3.3102532429203637,
        1.0833634236799121,
        -0.25773906883141495,
        -0.910499708353891,
        0.5717578551764111
    ],
    "electricity_cost": [
        0.2068,
        0.2068,
        0.2068,
        0.2068,
        0.2068,
        0.2068,
        0.2068,
        0.2068,
        0.2068,
        0.2068,
        0.2068,
        0.2068,
        0.2068,
        0.2068,
        0.2516,
        0.2516,
        0.2516,
        0.2516,
        0.2516,
        0.2516,
        0.2516,
        0.2516,
        0.2516,
        0.2516,
        0.2516,
        0.2516,
        0.2516,
        0.2516,
        0.2516,
        0.2516,
        0.2516,
        0.2516,
        0.2516,
        0.2516,
        0.2516,
        0.2516,
        0.2516,
        0.2516,
        0.2516,
        0.2516,
        0.2516,
        0.2516,
        0.2516,
        0.2516,
        0.2516,
        0.2516,
        0.2068,
        0.2068
    ]
}