{
    "name": "tcl178",
    "input_path": "tcl/input/tcl178",
    "output_path": "tcl/output/tcl178",
    "working_dir": "tcl/input/tcl178",
    "initial_temperature": 17.74243061770331,
    "coefDeltaTemp": 0.05625,
    "coefConso": 1.0,
    "puissanceMin": 0,
    "puissanceMax": 4,
    "temperature_max": 21.27845184375308,
    "temperature_min": 16.23299092530735,
    "chroniqueTempExt": [
        11.067029151988685,
        13.190397488549388,
        11.678504226135807,
        10.867615079852657,
        13.588078559273157,
        11.237311913756676,
        11.684080465933075,
        11.423011811616448,
        11.89522296069941,
        12.054725553499365,
        11.56165146810878,
        11.219570918643601,
        12.077971628599483,
        13.471879343690851,
        13.843522178972803,
        14.192244495218583,
        13.42129458994838,
        14.42028080926554,
        16.748665256843402,
        15.738860166729731,
        15.81705503352779,
        18.600088914057007,
        17.857840545358822,
        19.205356947620988,
        20.164659317343162,
        21.160077592155833,
        18.427435808614604,
        18.446805053106306,
        17.176262388993983,
        17.80650414229732,
        17.546431498011692,
        18.585513919807873,
        18.268599445296356,
        20.159762725424645,
        18.574233711992964,
        18.892109594127817,
        18.849363653230437,
        19.160274432926084,
        18.145009506009774,
        17.369930177718505,
        15.128979495988816,
        17.069666671571596,
        15.415920520282835,
        14.375668014115858,
        13.717130991343398,
        12.765054762359776,
        13.009885967418127,
        10.719885246516519
    ],
    "electricity_cost": [
        0.2068,
        0.2068,
        0.2068,
        0.2068,
        0.2068,
        0.2068,
        0.2068,
        0.2068,
        0.2068,
        0.2068,
        0.2068,
        0.2068,
        0.2068,
        0.2068,
        0.2516,
        0.2516,
        0.2516,
        0.2516,
        0.2516,
        0.2516,
        0.2516,
        0.2516,
        0.2516,
        0.2516,
        0.2516,
        0.2516,
        0.2516,
        0.2516,
        0.2516,
        0.2516,
        0.2516,
        0.2516,
        0.2516,
        0.2516,
        0.2516,
        0.2516,
        0.2516,
        0.2516,
        0.2516,
        0.2516,
        0.2516,
        0.2516,
        0.2516,
        0.2516,
        0.2516,
        0.2516,
        0.2068,
        0.2068
    ]
}