{
    "name": "tcl101",
    "input_path": "tcl/input/tcl101",
    "output_path": "tcl/output/tcl101",
    "working_dir": "tcl/input/tcl101",
    "initial_temperature": 17.72587786831003,
    "coefDeltaTemp": 0.05625,
    "coefConso": 1.0,
    "puissanceMin": 0,
    "puissanceMax": 4,
    "temperature_max": 21.005097925680435,
    "temperature_min": 15.119901519959733,
    "chroniqueTempExt": [
        13.597043518160762,
        12.682408349659282,
        13.546200937105043,
        13.075282016382584,
        12.696043076989353,
        13.406751715335885,
        13.627852301975466,
        11.420332994419375,
        13.656478486648801,
        11.308242651099203,
        15.48126636085612,
        12.3826070946904,
        12.36240749928197,
        13.07251378363376,
        15.203833839721163,
        14.762305261799659,
        16.23481788967501,
        16.494508815216033,
        15.561516199637508,
        16.21452745653808,
        17.56010579214394,
        17.338806372714153,
        18.134442412459585,
        21.839428411421252,
        18.11283759887842,
        19.303686058676487,
        20.704961924847197,
        18.365443425312968,
        18.09499895845526,
        19.512163795192986,
        19.871139777850654,
        20.378018839745877,
        18.40369851833233,
        18.349659610742968,
        20.091677354643206,
        19.103935703078136,
        18.426669421502336,
        17.651566169290568,
        17.162256751603053,
        16.2409734873659,
        16.44054936457877,
        16.94569364529098,
        16.150391172702445,
        16.6606726118787,
        14.899088691999836,
        13.349603961919472,
        13.648771334736027,
        13.666268740818023
    ],
    "electricity_cost": [
        0.2068,
        0.2068,
        0.2068,
        0.2068,
        0.2068,
        0.2068,
        0.2068,
        0.2068,
        0.2068,
        0.2068,
        0.2068,
        0.2068,
        0.2068,
        0.2068,
        0.2516,
        0.2516,
        0.2516,
        0.2516,
        0.2516,
        0.2516,
        0.2516,
        0.2516,
        0.2516,
        0.2516,
        0.2516,
        0.2516,
        0.2516,
        0.2516,
        0.2516,
        0.2516,
        0.2516,
        0.2516,
        0.2516,
        0.2516,
        0.2516,
        0.2516,
        0.2516,
        0.2516,
        0.2516,
        0.2516,
        0.2516,
        0.2516,
        0.2516,
        0.2516,
        0.2516,
        0.2516,
        0.2068,
        0.2068
    ]
}