{
    "load": [
        0.0,
        0.0,
        0.0,
        0.0,
        0.0,
        0.0,
        0.0,
        0.0,
        0.0,
        0.0,
        0.0,
        0.0,
        0.0,
        0.7551102182639582,
        0.0,
        0.0,
        0.0,
        0.0,
        0.0,
        0.0,
        0.026651785016497342,
        0.0,
        0.0,
        0.0,
        0.0,
        0.0,
        0.0,
        0.0,
        0.0,
        0.0,
        0.0,
        0.0,
        0.0,
        0.0,
        0.0,
        0.0,
        1.9907563034790954,
        0.0,
        0.0,
        0.0,
        4.0,
        0.2211262691864988,
        0.0,
        0.0,
        0.0,
        0.0,
        0.0,
        0.0
    ],
    "cost": -46.66365135287247
}