{
    "load": [
        0.0,
        0.0,
        0.0,
        0.0,
        0.0,
        0.0,
        0.0,
        0.0,
        0.0,
        0.0,
        0.0,
        0.0,
        0.0,
        0.7551102182639511,
        0.0,
        0.0,
        0.0,
        0.0,
        0.0,
        0.0,
        0.026651785016500118,
        0.0,
        0.0,
        0.0,
        0.0,
        0.0,
        0.0,
        0.0,
        0.0,
        0.0,
        0.0,
        0.0,
        0.0,
        0.0,
        0.0,
        0.0,
        1.9907563034790883,
        0.0,
        0.0,
        0.0,
        4.0,
        0.22112626918649847,
        0.0,
        0.0,
        0.0,
        0.0,
        0.0,
        0.0
    ],
    "cost": -46.66370351114083
}