{
    "name": "tcl8",
    "input_path": "tcl/input/tcl8",
    "output_path": "tcl/output/tcl8",
    "working_dir": "tcl/input/tcl8",
    "initial_temperature": 18.82202964582639,
    "coefDeltaTemp": 0.05625,
    "coefConso": 1.0,
    "puissanceMin": 0,
    "puissanceMax": 4,
    "temperature_max": 21.27442300454559,
    "temperature_min": 16.046377234388288,
    "chroniqueTempExt": [
        12.666738653886174,
        13.072876160698128,
        12.109259725256763,
        11.956324542626515,
        12.082364763781602,
        11.495988278233439,
        13.122774950820848,
        10.579028952222666,
        11.126876246063759,
        10.950998410496254,
        13.632750995225084,
        10.183691039657447,
        10.786992787847488,
        12.282131872714913,
        12.59221915585257,
        13.569221220606916,
        15.069277146423975,
        14.81153875764641,
        13.246639713635862,
        17.37048643330136,
        17.723405190343055,
        16.722143481024958,
        18.28432831189688,
        20.90747017112219,
        19.79046063601006,
        17.284960593576354,
        19.792762262173817,
        18.90245119051714,
        16.452476099814756,
        19.94456976179927,
        19.408654385002503,
        18.59818767564697,
        17.15643220380157,
        18.193844325713826,
        18.475893278670224,
        18.141592165421837,
        17.761657710182327,
        19.04927143978307,
        18.46207696646546,
        17.570490373511007,
        18.252509342862375,
        17.730906516013157,
        15.307469015766928,
        15.852288532144751,
        13.26040795659785,
        12.94759817193636,
        12.350420941981476,
        11.056429471420708
    ],
    "electricity_cost": [
        0.2068,
        0.2068,
        0.2068,
        0.2068,
        0.2068,
        0.2068,
        0.2068,
        0.2068,
        0.2068,
        0.2068,
        0.2068,
        0.2068,
        0.2068,
        0.2068,
        0.2516,
        0.2516,
        0.2516,
        0.2516,
        0.2516,
        0.2516,
        0.2516,
        0.2516,
        0.2516,
        0.2516,
        0.2516,
        0.2516,
        0.2516,
        0.2516,
        0.2516,
        0.2516,
        0.2516,
        0.2516,
        0.2516,
        0.2516,
        0.2516,
        0.2516,
        0.2516,
        0.2516,
        0.2516,
        0.2516,
        0.2516,
        0.2516,
        0.2516,
        0.2516,
        0.2516,
        0.2516,
        0.2068,
        0.2068
    ]
}