{
    "name": "tcl73",
    "input_path": "tcl/input/tcl73",
    "output_path": "tcl/output/tcl73",
    "working_dir": "tcl/input/tcl73",
    "initial_temperature": 19.327370764277205,
    "coefDeltaTemp": 0.05625,
    "coefConso": 1.0,
    "puissanceMin": 0,
    "puissanceMax": 4,
    "temperature_max": 21.347716462498568,
    "temperature_min": 16.25443254417111,
    "chroniqueTempExt": [
        1.6328807089600925,
        0.33700532915160886,
        -0.8915128712671037,
        1.7845548101121222,
        0.12908445912361877,
        0.28117019202977567,
        2.0428633715886195,
        -0.15438722206820277,
        0.7088419501857299,
        0.4067888723788079,
        0.6946992301067414,
        3.958550529716086,
        1.0346286017515405,
        0.9783782405931938,
        2.182854119691588,
        3.6997906615372402,
        2.4692814992870993,
        2.5130219137116203,
        5.283536472770563,
        3.1308341176146053,
        5.191142972314321,
        5.645898276714573,
        6.762323335417435,
        4.659943887540727,
        4.981537352939712,
        7.4548908475696845,
        4.919008382933103,
        6.055591581988431,
        7.253622055266762,
        5.501415684434986,
        5.67283307967873,
        5.817717779207548,
        4.4672415372394765,
        6.223257457816828,
        6.957878126818124,
        6.199581838931172,
        5.479816975762384,
        5.167399692771181,
        5.831544120580146,
        5.270858263571464,
        4.493154180391128,
        3.1584123144336242,
        3.5076936115783157,
        2.669823065227417,
        3.2035851894451364,
        1.9366719285958613,
        0.37671495464305926,
        1.6100439973085319
    ],
    "electricity_cost": [
        0.2068,
        0.2068,
        0.2068,
        0.2068,
        0.2068,
        0.2068,
        0.2068,
        0.2068,
        0.2068,
        0.2068,
        0.2068,
        0.2068,
        0.2068,
        0.2068,
        0.2516,
        0.2516,
        0.2516,
        0.2516,
        0.2516,
        0.2516,
        0.2516,
        0.2516,
        0.2516,
        0.2516,
        0.2516,
        0.2516,
        0.2516,
        0.2516,
        0.2516,
        0.2516,
        0.2516,
        0.2516,
        0.2516,
        0.2516,
        0.2516,
        0.2516,
        0.2516,
        0.2516,
        0.2516,
        0.2516,
        0.2516,
        0.2516,
        0.2516,
        0.2516,
        0.2516,
        0.2516,
        0.2068,
        0.2068
    ]
}