{
    "name": "tcl195",
    "input_path": "tcl/input/tcl195",
    "output_path": "tcl/output/tcl195",
    "working_dir": "tcl/input/tcl195",
    "initial_temperature": 18.144548642459057,
    "coefDeltaTemp": 0.05625,
    "coefConso": 1.0,
    "puissanceMin": 0,
    "puissanceMax": 4,
    "temperature_max": 21.61662305512262,
    "temperature_min": 15.31827014624626,
    "chroniqueTempExt": [
        11.783987248966087,
        13.797858146759458,
        13.432507339330801,
        12.907931272350279,
        13.208573271832396,
        12.760768698521955,
        14.068268781974012,
        13.699276919726088,
        15.337589286828692,
        11.815046107341901,
        12.024421918588574,
        14.312046442664977,
        11.841969377749674,
        15.226109218185808,
        14.229045062250487,
        15.34220889928508,
        14.277405128782366,
        14.490140466156669,
        16.753942496865818,
        16.21739931999403,
        17.169714339536682,
        18.745518763894328,
        18.89952341685623,
        19.892475782617744,
        17.832265879955823,
        18.05772112527766,
        18.96016827740283,
        18.01746026026755,
        18.71503184191049,
        18.2374053736847,
        19.605201237906865,
        19.10222511300433,
        18.94648538063381,
        19.26503396390637,
        18.068800507600965,
        19.200529057645465,
        19.774289054470348,
        18.34908917167713,
        19.219283756647286,
        16.12351798516782,
        15.906852726491405,
        16.622922196446908,
        14.442690870280234,
        14.541713212777477,
        16.687141320061983,
        14.599246030704135,
        12.703468422849198,
        11.982359924988037
    ],
    "electricity_cost": [
        0.2068,
        0.2068,
        0.2068,
        0.2068,
        0.2068,
        0.2068,
        0.2068,
        0.2068,
        0.2068,
        0.2068,
        0.2068,
        0.2068,
        0.2068,
        0.2068,
        0.2516,
        0.2516,
        0.2516,
        0.2516,
        0.2516,
        0.2516,
        0.2516,
        0.2516,
        0.2516,
        0.2516,
        0.2516,
        0.2516,
        0.2516,
        0.2516,
        0.2516,
        0.2516,
        0.2516,
        0.2516,
        0.2516,
        0.2516,
        0.2516,
        0.2516,
        0.2516,
        0.2516,
        0.2516,
        0.2516,
        0.2516,
        0.2516,
        0.2516,
        0.2516,
        0.2516,
        0.2516,
        0.2068,
        0.2068
    ]
}