{
    "name": "tcl173",
    "input_path": "tcl/input/tcl173",
    "output_path": "tcl/output/tcl173",
    "working_dir": "tcl/input/tcl173",
    "initial_temperature": 19.10610942865553,
    "coefDeltaTemp": 0.05625,
    "coefConso": 1.0,
    "puissanceMin": 0,
    "puissanceMax": 4,
    "temperature_max": 20.291770514153114,
    "temperature_min": 15.418590771251548,
    "chroniqueTempExt": [
        14.608178672099731,
        15.619075362222878,
        15.063377360230561,
        16.008794328953663,
        15.427377746553606,
        15.031711988055754,
        14.61807138314149,
        16.024259284472688,
        13.744078255894026,
        15.303796761870563,
        13.539423661655219,
        14.767442178285057,
        14.47718046871093,
        16.303020754188804,
        15.027456029935305,
        17.286176562962833,
        18.19787810287137,
        18.45436980037453,
        18.5425032415516,
        20.952240185942713,
        20.03272826051151,
        19.098376732467376,
        20.918743677831902,
        22.526454423291717,
        22.365452542289095,
        24.15475960883101,
        22.713916052509685,
        23.361484220997276,
        21.167092534354758,
        20.85089287258249,
        21.824481396245822,
        21.687466739387737,
        22.019121077868494,
        21.567352020073724,
        21.19565937245967,
        20.567189243963696,
        22.809197957587262,
        20.594201017212946,
        21.441253665925217,
        20.356410104087104,
        19.41168917203218,
        21.591664706485123,
        18.12775171834214,
        16.48155219934649,
        18.413693274189253,
        17.779788240779915,
        15.839247312218678,
        14.77530664747654
    ],
    "electricity_cost": [
        0.2068,
        0.2068,
        0.2068,
        0.2068,
        0.2068,
        0.2068,
        0.2068,
        0.2068,
        0.2068,
        0.2068,
        0.2068,
        0.2068,
        0.2068,
        0.2068,
        0.2516,
        0.2516,
        0.2516,
        0.2516,
        0.2516,
        0.2516,
        0.2516,
        0.2516,
        0.2516,
        0.2516,
        0.2516,
        0.2516,
        0.2516,
        0.2516,
        0.2516,
        0.2516,
        0.2516,
        0.2516,
        0.2516,
        0.2516,
        0.2516,
        0.2516,
        0.2516,
        0.2516,
        0.2516,
        0.2516,
        0.2516,
        0.2516,
        0.2516,
        0.2516,
        0.2516,
        0.2516,
        0.2068,
        0.2068
    ]
}