{
    "name": "tcl162",
    "input_path": "tcl/input/tcl162",
    "output_path": "tcl/output/tcl162",
    "working_dir": "tcl/input/tcl162",
    "initial_temperature": 17.901157979979,
    "coefDeltaTemp": 0.05625,
    "coefConso": 1.0,
    "puissanceMin": 0,
    "puissanceMax": 4,
    "temperature_max": 21.176752623317025,
    "temperature_min": 16.068166193754138,
    "chroniqueTempExt": [
        12.91879461985438,
        11.229144716261056,
        12.898225709473214,
        10.712685604101573,
        13.472329113682566,
        12.256863258818385,
        13.984349266618683,
        12.958200576573132,
        13.033083440122304,
        12.163890537782994,
        11.846037176675447,
        13.000757976189965,
        12.922638895419569,
        13.87138065597394,
        15.078243866836978,
        14.327757397368604,
        15.1688887987519,
        15.881018203334827,
        14.981032319793297,
        16.916824411823683,
        16.717536425914076,
        20.296343717023415,
        18.46749043568444,
        19.040833258112052,
        19.922765290710373,
        19.938511545690982,
        18.376230785724843,
        17.565794060763007,
        18.279650562664052,
        18.45886632559314,
        17.773590379809807,
        19.288967280695868,
        18.907236412823377,
        20.725161776879077,
        19.36260593766269,
        19.095348608898277,
        17.530127203384634,
        18.247194501529137,
        18.87265714355169,
        17.08715927722806,
        18.61632138203619,
        16.406554288951806,
        15.692529259653927,
        16.666239285726427,
        15.060518402214457,
        14.289091631703618,
        12.131751167273595,
        14.465054353754182
    ],
    "electricity_cost": [
        0.2068,
        0.2068,
        0.2068,
        0.2068,
        0.2068,
        0.2068,
        0.2068,
        0.2068,
        0.2068,
        0.2068,
        0.2068,
        0.2068,
        0.2068,
        0.2068,
        0.2516,
        0.2516,
        0.2516,
        0.2516,
        0.2516,
        0.2516,
        0.2516,
        0.2516,
        0.2516,
        0.2516,
        0.2516,
        0.2516,
        0.2516,
        0.2516,
        0.2516,
        0.2516,
        0.2516,
        0.2516,
        0.2516,
        0.2516,
        0.2516,
        0.2516,
        0.2516,
        0.2516,
        0.2516,
        0.2516,
        0.2516,
        0.2516,
        0.2516,
        0.2516,
        0.2516,
        0.2516,
        0.2068,
        0.2068
    ]
}