{
    "name": "tcl33",
    "input_path": "tcl/input/tcl33",
    "output_path": "tcl/output/tcl33",
    "working_dir": "tcl/input/tcl33",
    "initial_temperature": 19.035509951826928,
    "coefDeltaTemp": 0.05625,
    "coefConso": 1,
    "puissanceMin": 0,
    "puissanceMax": 4,
    "temperature_max": 20.37383969989048,
    "temperature_min": 15.445367979436037,
    "chroniqueTempExt": [
        16.368236866557215,
        15.14549344249678,
        14.704531928942924,
        15.80700152262953,
        14.238956779450952,
        15.780871466962656,
        13.940361714311539,
        14.994365575432848,
        15.41774081057058,
        15.563795278989579,
        15.136584305214601,
        15.075650820770045,
        14.408844307172616,
        14.679811587339115,
        16.68485989593052,
        17.740998253548568,
        16.644668231368595,
        18.22043731284367,
        18.30547097177988,
        19.361527834758977,
        21.76401186638469,
        20.118336914410527,
        19.72320024423061,
        21.218255187489056,
        23.729311428018985,
        21.219350126986377,
        23.566674981979517,
        24.01858730502785,
        22.117977360207778,
        21.766410331226,
        22.604248705938176,
        20.966125262567466,
        23.382924165222114,
        20.930959737104665,
        21.238313028100457,
        21.608028975942673,
        23.332538176142208,
        19.3541453867254,
        22.775954824468975,
        19.227415590500353,
        20.060015242821013,
        19.916710530913917,
        19.765252870430235,
        18.236743141909223,
        16.949847043396577,
        16.138023061689413,
        16.33124698922065,
        15.36444437876839
    ],
    "electricity_cost": [
        0.2068,
        0.2068,
        0.2068,
        0.2068,
        0.2068,
        0.2068,
        0.2068,
        0.2068,
        0.2068,
        0.2068,
        0.2068,
        0.2068,
        0.2068,
        0.2068,
        0.2516,
        0.2516,
        0.2516,
        0.2516,
        0.2516,
        0.2516,
        0.2516,
        0.2516,
        0.2516,
        0.2516,
        0.2516,
        0.2516,
        0.2516,
        0.2516,
        0.2516,
        0.2516,
        0.2516,
        0.2516,
        0.2516,
        0.2516,
        0.2516,
        0.2516,
        0.2516,
        0.2516,
        0.2516,
        0.2516,
        0.2516,
        0.2516,
        0.2516,
        0.2516,
        0.2516,
        0.2516,
        0.2068,
        0.2068
    ]
}