{
    "load": [
        0.0,
        0.0,
        0.0,
        0.0,
        0.0,
        0.0,
        0.0,
        0.0,
        0.0,
        0.0,
        0.0,
        0.0,
        0.0,
        0.7414359456298705,
        0.0,
        0.0,
        0.0,
        0.0,
        0.0,
        0.0,
        0.16557303719562322,
        0.16035265392562326,
        0.00968930984962324,
        0.15475571506162322,
        0.004228258199623247,
        0.015458447947623188,
        0.0,
        0.0,
        0.004926430037723861,
        0.029851983313623265,
        0.009411487727623236,
        0.0,
        0.018484828166116074,
        0.0,
        0.0,
        0.0,
        4.0,
        0.0,
        0.0,
        0.0,
        4.0,
        2.106745169572534,
        0.0,
        0.0,
        0.0,
        0.0,
        0.0,
        0.0
    ],
    "cost": -75.26596738581904
}