{
    "load": [
        0.0,
        0.0,
        0.0,
        0.0,
        0.0,
        0.0,
        0.0,
        0.0,
        0.0,
        0.0,
        0.0,
        0.0,
        0.0,
        0.7414359456298669,
        0.0,
        0.0,
        0.0,
        0.0,
        0.0,
        0.0,
        0.16557303719562455,
        0.16035265392562437,
        0.009689309849623129,
        0.1547557150616221,
        0.00422825819962469,
        0.015458447947622744,
        0.0,
        0.0,
        0.004926430037723861,
        0.029851983313623265,
        0.009411487727621903,
        0.0,
        0.018484828166116074,
        0.0,
        0.0,
        0.0,
        4.0,
        0.0,
        0.0,
        0.0,
        4.0,
        2.106745169572534,
        0.0,
        0.0,
        0.0,
        0.0,
        0.0,
        0.0
    ],
    "cost": -75.26587889871364
}