{
    "name": "tcl166",
    "input_path": "tcl/input/tcl166",
    "output_path": "tcl/output/tcl166",
    "working_dir": "tcl/input/tcl166",
    "initial_temperature": 18.77305223138336,
    "coefDeltaTemp": 0.05625,
    "coefConso": 1.0,
    "puissanceMin": 0,
    "puissanceMax": 4,
    "temperature_max": 20.699149096358354,
    "temperature_min": 15.242919360529987,
    "chroniqueTempExt": [
        4.092591374334836,
        5.179667379070869,
        4.933545695743086,
        5.295568508560393,
        3.11332772146865,
        3.785854876845472,
        3.9551650845630446,
        4.109298381375608,
        3.3202271954372433,
        3.824884097708567,
        3.6937201483962645,
        3.3491104576737687,
        3.5787007943499725,
        5.168007412610063,
        6.385056258998236,
        4.971469181749044,
        5.899938616427916,
        6.503169544940729,
        7.244627798823252,
        5.4675814832731096,
        7.248655502747394,
        7.851449483375233,
        6.980597252429657,
        8.263590909531857,
        9.060517091207021,
        10.12927196341289,
        8.559370112752962,
        8.702529721411633,
        7.970857739188924,
        9.966982868594727,
        10.569846452547417,
        8.955668964760793,
        8.635356002586082,
        9.324652637224718,
        8.756376263258511,
        9.647320429416446,
        10.33805903900128,
        9.195175468812183,
        9.05221536424126,
        7.105461117208191,
        7.111268424365289,
        7.522067124646381,
        5.759579225519226,
        5.01277924630809,
        6.312489022762056,
        5.987355601901191,
        5.398989247962763,
        4.482993417563889
    ],
    "electricity_cost": [
        0.2068,
        0.2068,
        0.2068,
        0.2068,
        0.2068,
        0.2068,
        0.2068,
        0.2068,
        0.2068,
        0.2068,
        0.2068,
        0.2068,
        0.2068,
        0.2068,
        0.2516,
        0.2516,
        0.2516,
        0.2516,
        0.2516,
        0.2516,
        0.2516,
        0.2516,
        0.2516,
        0.2516,
        0.2516,
        0.2516,
        0.2516,
        0.2516,
        0.2516,
        0.2516,
        0.2516,
        0.2516,
        0.2516,
        0.2516,
        0.2516,
        0.2516,
        0.2516,
        0.2516,
        0.2516,
        0.2516,
        0.2516,
        0.2516,
        0.2516,
        0.2516,
        0.2516,
        0.2516,
        0.2068,
        0.2068
    ]
}