{
    "name": "tcl34",
    "input_path": "tcl/input/tcl34",
    "output_path": "tcl/output/tcl34",
    "working_dir": "tcl/input/tcl34",
    "initial_temperature": 19.31107728522894,
    "coefDeltaTemp": 0.05625,
    "coefConso": 1,
    "puissanceMin": 0,
    "puissanceMax": 4,
    "temperature_max": 21.483780804549117,
    "temperature_min": 15.818442922027032,
    "chroniqueTempExt": [
        1.721291207131038,
        0.8322352533102384,
        1.4716882248623702,
        -0.5494114814895963,
        -0.03927971171471922,
        1.032670985353926,
        1.7446611481265322,
        -0.4495479977343797,
        -0.19783809676345787,
        0.7288911196557375,
        -0.10633293541934763,
        2.785757496196076,
        1.625748212399099,
        1.983470183803572,
        1.8992478507780952,
        4.56642182416987,
        4.214945711706088,
        3.553936604164995,
        4.057078203864561,
        4.91082372700571,
        4.969865629072809,
        4.423656827394195,
        5.103101029911333,
        6.447614757837248,
        5.526272852213903,
        5.484529728488512,
        5.528230813377842,
        5.665055407456167,
        5.644563073386682,
        7.093879770624601,
        6.5810502146721594,
        6.89348088803933,
        6.339260461196013,
        6.828251207330292,
        7.248826662483344,
        5.273608124506782,
        6.111592196047603,
        5.20952908004709,
        3.6893485777243296,
        4.069983384585762,
        4.43499366161515,
        5.371431473886284,
        3.6565823191565996,
        2.571204467559481,
        2.066000414234475,
        2.5578608104765275,
        0.814648344669235,
        2.9323405402161757
    ],
    "electricity_cost": [
        0.2068,
        0.2068,
        0.2068,
        0.2068,
        0.2068,
        0.2068,
        0.2068,
        0.2068,
        0.2068,
        0.2068,
        0.2068,
        0.2068,
        0.2068,
        0.2068,
        0.2516,
        0.2516,
        0.2516,
        0.2516,
        0.2516,
        0.2516,
        0.2516,
        0.2516,
        0.2516,
        0.2516,
        0.2516,
        0.2516,
        0.2516,
        0.2516,
        0.2516,
        0.2516,
        0.2516,
        0.2516,
        0.2516,
        0.2516,
        0.2516,
        0.2516,
        0.2516,
        0.2516,
        0.2516,
        0.2516,
        0.2516,
        0.2516,
        0.2516,
        0.2516,
        0.2516,
        0.2516,
        0.2068,
        0.2068
    ]
}