{
    "name": "tcl132",
    "input_path": "tcl/input/tcl132",
    "output_path": "tcl/output/tcl132",
    "working_dir": "tcl/input/tcl132",
    "initial_temperature": 19.22677772334349,
    "coefDeltaTemp": 0.05625,
    "coefConso": 1.0,
    "puissanceMin": 0,
    "puissanceMax": 4,
    "temperature_max": 21.80477461608795,
    "temperature_min": 16.23220928087275,
    "chroniqueTempExt": [
        0.8841825193334716,
        0.8720627562164309,
        1.4295726744342445,
        -0.19237395395862467,
        0.6338879573903347,
        -0.6099669458605133,
        0.28187168994915857,
        1.8157494889595927,
        1.8046099787536556,
        0.2869578780156209,
        1.8144222381107233,
        0.3719255518082386,
        1.048264617299784,
        2.999940154675543,
        1.9078980896703157,
        2.883815965907745,
        2.377845364721655,
        3.1124947835441943,
        3.536664501654611,
        2.8871741956765864,
        4.0909624241753235,
        5.476147233414779,
        4.888124641586572,
        5.145986081961315,
        6.340193727310316,
        4.215439548156311,
        8.222385622673146,
        6.189242661057184,
        5.540837039286772,
        4.200601577607812,
        4.85516899346549,
        6.4491168547223525,
        4.534533721871909,
        5.135885324642758,
        6.52978854075533,
        5.558300959087858,
        6.385835217625371,
        4.540968027630938,
        3.3566089564848287,
        4.66957902439713,
        6.208490074262622,
        4.087949080174754,
        2.7044390904960633,
        2.226723006385085,
        2.344735723988832,
        1.678274937936547,
        2.212381354370732,
        1.9730289512465797
    ],
    "electricity_cost": [
        0.2068,
        0.2068,
        0.2068,
        0.2068,
        0.2068,
        0.2068,
        0.2068,
        0.2068,
        0.2068,
        0.2068,
        0.2068,
        0.2068,
        0.2068,
        0.2068,
        0.2516,
        0.2516,
        0.2516,
        0.2516,
        0.2516,
        0.2516,
        0.2516,
        0.2516,
        0.2516,
        0.2516,
        0.2516,
        0.2516,
        0.2516,
        0.2516,
        0.2516,
        0.2516,
        0.2516,
        0.2516,
        0.2516,
        0.2516,
        0.2516,
        0.2516,
        0.2516,
        0.2516,
        0.2516,
        0.2516,
        0.2516,
        0.2516,
        0.2516,
        0.2516,
        0.2516,
        0.2516,
        0.2068,
        0.2068
    ]
}