{
    "name": "tcl1",
    "input_path": "tcl/input/tcl1",
    "output_path": "tcl/output/tcl1",
    "working_dir": "tcl/input/tcl1",
    "initial_temperature": 18.649594130900063,
    "coefDeltaTemp": 0.05625,
    "coefConso": 1.0,
    "puissanceMin": 0,
    "puissanceMax": 4,
    "temperature_max": 21.880486735282474,
    "temperature_min": 15.595178903834562,
    "chroniqueTempExt": [
        9.536617629521512,
        8.992397649653936,
        8.368599987978497,
        11.553583068923178,
        10.406486527441238,
        11.15780907923601,
        10.249645672976857,
        9.891023633008592,
        8.543939356834962,
        11.49735826647497,
        10.786934932833661,
        10.155715462914605,
        10.655343607886095,
        10.55630310034611,
        8.773633570157562,
        11.206424251785899,
        12.140339177987553,
        13.443314338343084,
        14.177321528407585,
        13.428992169613256,
        15.409578126852939,
        16.94140983868655,
        14.28026172297257,
        16.6367765435002,
        16.076181194259902,
        14.766537899788483,
        15.58305602398689,
        16.579892878029998,
        15.732606222506835,
        15.185906738916675,
        16.856070414193223,
        17.308230683364375,
        17.462314494720566,
        16.06103816796927,
        16.06136678724818,
        16.433691269501818,
        14.339976708142963,
        16.27723348018831,
        16.479638054262796,
        13.93050662945073,
        14.201503922126637,
        14.175146837142574,
        13.722360163468194,
        11.790626851623772,
        13.139634534029787,
        10.360077103044102,
        8.51349832714165,
        12.356023730578649
    ],
    "electricity_cost": [
        0.2068,
        0.2068,
        0.2068,
        0.2068,
        0.2068,
        0.2068,
        0.2068,
        0.2068,
        0.2068,
        0.2068,
        0.2068,
        0.2068,
        0.2068,
        0.2068,
        0.2516,
        0.2516,
        0.2516,
        0.2516,
        0.2516,
        0.2516,
        0.2516,
        0.2516,
        0.2516,
        0.2516,
        0.2516,
        0.2516,
        0.2516,
        0.2516,
        0.2516,
        0.2516,
        0.2516,
        0.2516,
        0.2516,
        0.2516,
        0.2516,
        0.2516,
        0.2516,
        0.2516,
        0.2516,
        0.2516,
        0.2516,
        0.2516,
        0.2516,
        0.2516,
        0.2516,
        0.2516,
        0.2068,
        0.2068
    ]
}