{
    "name": "tcl127",
    "input_path": "tcl/input/tcl127",
    "output_path": "tcl/output/tcl127",
    "working_dir": "tcl/input/tcl127",
    "initial_temperature": 18.64363021443727,
    "coefDeltaTemp": 0.05625,
    "coefConso": 1.0,
    "puissanceMin": 0,
    "puissanceMax": 4,
    "temperature_max": 21.507520256656516,
    "temperature_min": 15.196518809038812,
    "chroniqueTempExt": [
        15.69350697156645,
        14.300095619522741,
        15.106664904334282,
        14.742466129113213,
        15.66720223536632,
        15.319061466210275,
        13.215298992876736,
        14.268014634748251,
        14.972016778597187,
        15.31144697946037,
        14.269682526946134,
        16.23672989233111,
        15.03393278291819,
        16.175530253338227,
        16.14843924395159,
        16.914813149403194,
        18.594198856689292,
        18.897537784378166,
        20.407973435964326,
        19.36435526227961,
        19.066230947102525,
        20.96818090963307,
        21.381118821699737,
        22.683285913577116,
        23.81866358835382,
        21.481583479459385,
        20.348436635960482,
        22.074980462266495,
        21.93372691188476,
        23.832040376536536,
        22.72194026077645,
        22.609714052790437,
        22.040849026515186,
        22.936161420634775,
        22.929898202147946,
        22.491394480426894,
        22.135577758103828,
        19.978013438144796,
        21.14376497778546,
        20.740116561725888,
        18.7597700073239,
        20.89804378520061,
        18.4274950675703,
        15.894575275716543,
        15.43280435725502,
        17.295588629007106,
        16.47067323213722,
        14.47041920655005
    ],
    "electricity_cost": [
        0.2068,
        0.2068,
        0.2068,
        0.2068,
        0.2068,
        0.2068,
        0.2068,
        0.2068,
        0.2068,
        0.2068,
        0.2068,
        0.2068,
        0.2068,
        0.2068,
        0.2516,
        0.2516,
        0.2516,
        0.2516,
        0.2516,
        0.2516,
        0.2516,
        0.2516,
        0.2516,
        0.2516,
        0.2516,
        0.2516,
        0.2516,
        0.2516,
        0.2516,
        0.2516,
        0.2516,
        0.2516,
        0.2516,
        0.2516,
        0.2516,
        0.2516,
        0.2516,
        0.2516,
        0.2516,
        0.2516,
        0.2516,
        0.2516,
        0.2516,
        0.2516,
        0.2516,
        0.2516,
        0.2068,
        0.2068
    ]
}