{
    "name": "tcl229",
    "input_path": "tcl/input/tcl229",
    "output_path": "tcl/output/tcl229",
    "working_dir": "tcl/input/tcl229",
    "initial_temperature": 18.429169408664734,
    "coefDeltaTemp": 0.05625,
    "coefConso": 1.0,
    "puissanceMin": 0,
    "puissanceMax": 4,
    "temperature_max": 20.926545838814793,
    "temperature_min": 16.729870922989683,
    "chroniqueTempExt": [
        15.468725777754106,
        15.418451102878551,
        13.58709034939124,
        14.425167384823382,
        14.99677818321148,
        16.434190526062306,
        15.504353957466929,
        15.664146968126271,
        14.889119158622071,
        15.60866062284139,
        15.61567168339907,
        16.460179633454185,
        15.671812471052093,
        13.361760655160474,
        17.24988214877345,
        17.05898988358562,
        17.72793984791585,
        19.6839357702947,
        18.792336478701273,
        19.275317014710538,
        20.078021623678683,
        21.208768472145227,
        21.996814168008903,
        21.278149494329224,
        21.699288090801893,
        20.81691364840051,
        20.497577225789854,
        21.15536306553376,
        21.974385247401173,
        23.82968953559335,
        22.31258768980508,
        21.3640251176757,
        22.356797188355223,
        20.718929629755703,
        22.03480616056538,
        20.338681004906892,
        19.966820070930908,
        19.804228060264688,
        20.287700573635806,
        21.174697702204703,
        18.86755316312405,
        18.84107954635853,
        17.897458083940535,
        20.426385911246076,
        16.5053139711523,
        17.317371775898945,
        14.934088351326984,
        16.212922086035356
    ],
    "electricity_cost": [
        0.2068,
        0.2068,
        0.2068,
        0.2068,
        0.2068,
        0.2068,
        0.2068,
        0.2068,
        0.2068,
        0.2068,
        0.2068,
        0.2068,
        0.2068,
        0.2068,
        0.2516,
        0.2516,
        0.2516,
        0.2516,
        0.2516,
        0.2516,
        0.2516,
        0.2516,
        0.2516,
        0.2516,
        0.2516,
        0.2516,
        0.2516,
        0.2516,
        0.2516,
        0.2516,
        0.2516,
        0.2516,
        0.2516,
        0.2516,
        0.2516,
        0.2516,
        0.2516,
        0.2516,
        0.2516,
        0.2516,
        0.2516,
        0.2516,
        0.2516,
        0.2516,
        0.2516,
        0.2516,
        0.2068,
        0.2068
    ]
}