{
    "name": "tcl17",
    "input_path": "tcl/input/tcl17",
    "output_path": "tcl/output/tcl17",
    "working_dir": "tcl/input/tcl17",
    "initial_temperature": 17.570153971693067,
    "coefDeltaTemp": 0.05625,
    "coefConso": 1.0,
    "puissanceMin": 0,
    "puissanceMax": 4,
    "temperature_max": 21.005865007522804,
    "temperature_min": 16.692464107497656,
    "chroniqueTempExt": [
        2.525911513390816,
        0.6727425103177826,
        -0.02735528131703946,
        1.4214712274553964,
        1.555158042735885,
        -0.5399634266584512,
        1.8246245553388187,
        1.7743427559118339,
        2.898670671920793,
        -0.33728029331451825,
        1.868825455720783,
        1.1892636197285305,
        0.845421421593302,
        0.18251794019316403,
        1.532895027164519,
        1.718764722673584,
        3.3230628847856636,
        2.865384600747319,
        4.217835263645643,
        4.709100755065796,
        3.525923083921582,
        4.674685035659404,
        5.827166445963008,
        5.850547523458806,
        6.5274830424416965,
        5.999059691625213,
        5.813046990452038,
        5.4339427360457115,
        6.815250552744795,
        8.873728616687796,
        5.294075158026256,
        4.565281798937286,
        7.251795329866197,
        4.675616375747888,
        5.312652410724548,
        5.736536106429918,
        6.001578652500409,
        5.461484734071873,
        3.672639621114535,
        4.993077774986526,
        3.9584921995180684,
        4.347787341157933,
        4.091754941500655,
        0.8618407773479075,
        3.054320176899644,
        0.6993242256402408,
        2.155584999469478,
        0.7574334584719562
    ],
    "electricity_cost": [
        0.2068,
        0.2068,
        0.2068,
        0.2068,
        0.2068,
        0.2068,
        0.2068,
        0.2068,
        0.2068,
        0.2068,
        0.2068,
        0.2068,
        0.2068,
        0.2068,
        0.2516,
        0.2516,
        0.2516,
        0.2516,
        0.2516,
        0.2516,
        0.2516,
        0.2516,
        0.2516,
        0.2516,
        0.2516,
        0.2516,
        0.2516,
        0.2516,
        0.2516,
        0.2516,
        0.2516,
        0.2516,
        0.2516,
        0.2516,
        0.2516,
        0.2516,
        0.2516,
        0.2516,
        0.2516,
        0.2516,
        0.2516,
        0.2516,
        0.2516,
        0.2516,
        0.2516,
        0.2516,
        0.2068,
        0.2068
    ]
}