{
    "name": "tcl125",
    "input_path": "tcl/input/tcl125",
    "output_path": "tcl/output/tcl125",
    "working_dir": "tcl/input/tcl125",
    "initial_temperature": 17.754007584604395,
    "coefDeltaTemp": 0.05625,
    "coefConso": 1.0,
    "puissanceMin": 0,
    "puissanceMax": 4,
    "temperature_max": 21.219625452968565,
    "temperature_min": 15.358382166466475,
    "chroniqueTempExt": [
        12.289278243931761,
        11.193756765373852,
        13.976301877921202,
        12.76233619653702,
        12.46668552925621,
        12.481802573816447,
        13.332516128293939,
        12.076457913036942,
        11.440437837362028,
        14.66150864498234,
        12.143661868195045,
        12.462970614491272,
        13.694433647716409,
        12.994654504948373,
        14.498917871419838,
        14.581480577348119,
        15.148324133007725,
        15.299092465605712,
        16.631153376903022,
        17.101557207878205,
        17.740148879690917,
        18.762445002609073,
        17.639329010478303,
        17.780250451066657,
        18.446101955246665,
        18.576959372493683,
        20.910553101780053,
        19.56624393765015,
        19.484584382609576,
        18.789544318625925,
        19.393511033540666,
        18.22828738413171,
        18.321733089703837,
        18.69763636766456,
        18.714128852024665,
        18.942339448200027,
        16.658436634373253,
        18.65577465569653,
        17.72233513902485,
        18.07694114728949,
        15.797752593520562,
        16.40951249746222,
        13.14625136126639,
        16.817019448742613,
        16.08073050155,
        13.571785093472336,
        12.099464641584749,
        12.447264661718771
    ],
    "electricity_cost": [
        0.2068,
        0.2068,
        0.2068,
        0.2068,
        0.2068,
        0.2068,
        0.2068,
        0.2068,
        0.2068,
        0.2068,
        0.2068,
        0.2068,
        0.2068,
        0.2068,
        0.2516,
        0.2516,
        0.2516,
        0.2516,
        0.2516,
        0.2516,
        0.2516,
        0.2516,
        0.2516,
        0.2516,
        0.2516,
        0.2516,
        0.2516,
        0.2516,
        0.2516,
        0.2516,
        0.2516,
        0.2516,
        0.2516,
        0.2516,
        0.2516,
        0.2516,
        0.2516,
        0.2516,
        0.2516,
        0.2516,
        0.2516,
        0.2516,
        0.2516,
        0.2516,
        0.2516,
        0.2516,
        0.2068,
        0.2068
    ]
}