{
    "load": [
        0.0,
        0.0,
        0.0,
        0.0,
        0.0,
        0.0,
        0.0,
        0.07694274496365949,
        0.830919844805674,
        0.9880354145736732,
        0.7919576210008756,
        0.8962114195611868,
        2.1950357811349157,
        4.0,
        0.0,
        0.0,
        0.0,
        0.0,
        0.0,
        0.6824517830318761,
        0.5958833565838759,
        0.608848390459876,
        0.7327620529090737,
        0.5508176614638742,
        0.5027725685318742,
        0.5394399950378741,
        0.6082729089738734,
        0.6576808693738734,
        0.6400096851318757,
        0.5967653441438756,
        0.49038920112987583,
        0.6019151411618751,
        0.5350648978258761,
        0.5130426145238758,
        0.5913747125458748,
        0.5003977601898733,
        4.0,
        4.0,
        0.0,
        0.0,
        4.0,
        4.0,
        0.0,
        0.0,
        0.0,
        0.0,
        0.0,
        0.0
    ],
    "cost": -115.72450881849832
}