{
    "load": [
        0.0,
        0.0,
        0.0,
        0.0,
        0.0,
        0.0,
        0.0,
        0.07694274496365949,
        0.8309198448056744,
        0.9880354145736744,
        0.7919576210008744,
        0.8962114195611864,
        2.195035781134923,
        4.0,
        0.0,
        0.0,
        0.0,
        0.0,
        0.0,
        0.6824517830318744,
        0.5958833565838744,
        0.6088483904598744,
        0.7327620529090744,
        0.5508176614638745,
        0.5027725685318745,
        0.5394399950378744,
        0.6082729089738744,
        0.6576808693738744,
        0.6400096851318744,
        0.5967653441438744,
        0.4903892011298744,
        0.6019151411618744,
        0.5350648978258744,
        0.5130426145238745,
        0.5913747125458744,
        0.5003977601898744,
        4.0,
        4.0,
        0.0,
        0.0,
        4.0,
        4.0,
        0.0,
        0.0,
        0.0,
        0.0,
        0.0,
        0.0
    ],
    "cost": -115.72459110861317
}