{
    "name": "tcl240",
    "input_path": "tcl/input/tcl240",
    "output_path": "tcl/output/tcl240",
    "working_dir": "tcl/input/tcl240",
    "initial_temperature": 17.877446307616225,
    "coefDeltaTemp": 0.05625,
    "coefConso": 1.0,
    "puissanceMin": 0,
    "puissanceMax": 4,
    "temperature_max": 20.34374659883227,
    "temperature_min": 15.233111142078062,
    "chroniqueTempExt": [
        1.3517450645431697,
        -0.7647399888457092,
        -0.03559869036002694,
        -0.5954140002152186,
        1.978320753570606,
        -0.24726547875823335,
        1.8078405837307248,
        3.1121132587809215,
        2.151091487201872,
        0.8194898580339522,
        0.5752157241614582,
        1.3567714148930876,
        0.7134646672298853,
        0.7419681716242377,
        1.4520966480129558,
        2.1660144232878333,
        2.793358347072343,
        2.200255660722645,
        5.427859100034574,
        6.769974540234676,
        6.304765036574947,
        6.0713830719618,
        8.086486057292635,
        5.0455043889596105,
        6.471020467160642,
        6.850402535870597,
        6.675326232007832,
        7.434473694412109,
        7.126401679310019,
        6.212267610768927,
        6.5943172064902935,
        5.821816033878957,
        7.043029044779363,
        5.593989060194389,
        4.118735269614797,
        4.372518368655001,
        5.147177156761483,
        5.614616287161761,
        5.767385943044327,
        5.444847424244826,
        5.315599387580553,
        3.1615271497556225,
        3.1864544326298,
        1.9224816619065501,
        3.4061574771707788,
        3.9106303498699915,
        1.1075378364492314,
        1.4066813282577035
    ],
    "electricity_cost": [
        0.2068,
        0.2068,
        0.2068,
        0.2068,
        0.2068,
        0.2068,
        0.2068,
        0.2068,
        0.2068,
        0.2068,
        0.2068,
        0.2068,
        0.2068,
        0.2068,
        0.2516,
        0.2516,
        0.2516,
        0.2516,
        0.2516,
        0.2516,
        0.2516,
        0.2516,
        0.2516,
        0.2516,
        0.2516,
        0.2516,
        0.2516,
        0.2516,
        0.2516,
        0.2516,
        0.2516,
        0.2516,
        0.2516,
        0.2516,
        0.2516,
        0.2516,
        0.2516,
        0.2516,
        0.2516,
        0.2516,
        0.2516,
        0.2516,
        0.2516,
        0.2516,
        0.2516,
        0.2516,
        0.2068,
        0.2068
    ]
}