{
    "name": "tcl174",
    "input_path": "tcl/input/tcl174",
    "output_path": "tcl/output/tcl174",
    "working_dir": "tcl/input/tcl174",
    "initial_temperature": 18.849968723478533,
    "coefDeltaTemp": 0.05625,
    "coefConso": 1.0,
    "puissanceMin": 0,
    "puissanceMax": 4,
    "temperature_max": 20.9515944778657,
    "temperature_min": 16.549222509177536,
    "chroniqueTempExt": [
        16.83749754922742,
        15.442487465273537,
        15.145635241148158,
        14.701230426633378,
        14.832153855110148,
        13.820839011946761,
        13.820957940487563,
        14.84568937068325,
        15.861238190658858,
        14.651530813927426,
        13.08212447668381,
        15.004553221198957,
        14.6968187129525,
        15.003635217532757,
        16.149533330030977,
        17.07530715825561,
        16.340393528588994,
        18.85929507396257,
        17.30227933857726,
        19.090370457472645,
        19.760840031049675,
        21.020048688169773,
        21.258165737162976,
        21.434815547998607,
        20.521362446988114,
        22.64212937110892,
        21.89428666474986,
        21.740746950433863,
        24.77985750094391,
        21.171014602268016,
        21.656455896945353,
        22.13057791039529,
        23.81825592632142,
        21.946687935691394,
        22.38015878299641,
        22.8905220695523,
        22.392757775242913,
        21.339952299138208,
        20.345681193773068,
        20.406110328837734,
        18.225721384406416,
        18.457630087109344,
        17.12741152523382,
        16.575289227298676,
        15.465037028022255,
        16.443186553685173,
        14.93711501933852,
        12.874556574674036
    ],
    "electricity_cost": [
        0.2068,
        0.2068,
        0.2068,
        0.2068,
        0.2068,
        0.2068,
        0.2068,
        0.2068,
        0.2068,
        0.2068,
        0.2068,
        0.2068,
        0.2068,
        0.2068,
        0.2516,
        0.2516,
        0.2516,
        0.2516,
        0.2516,
        0.2516,
        0.2516,
        0.2516,
        0.2516,
        0.2516,
        0.2516,
        0.2516,
        0.2516,
        0.2516,
        0.2516,
        0.2516,
        0.2516,
        0.2516,
        0.2516,
        0.2516,
        0.2516,
        0.2516,
        0.2516,
        0.2516,
        0.2516,
        0.2516,
        0.2516,
        0.2516,
        0.2516,
        0.2516,
        0.2516,
        0.2516,
        0.2068,
        0.2068
    ]
}