{
    "name": "tcl54",
    "input_path": "tcl/input/tcl54",
    "output_path": "tcl/output/tcl54",
    "working_dir": "tcl/input/tcl54",
    "initial_temperature": 19.371458818545783,
    "coefDeltaTemp": 0.05625,
    "coefConso": 1.0,
    "puissanceMin": 0,
    "puissanceMax": 4,
    "temperature_max": 20.330247297065412,
    "temperature_min": 15.87626629471538,
    "chroniqueTempExt": [
        9.807592380303383,
        11.47020551306474,
        10.452418246591064,
        10.188922135197656,
        10.012378727938344,
        11.349578130481804,
        10.626981256315897,
        10.450603077100176,
        10.393692843646205,
        10.204944628997207,
        9.748140249753272,
        10.424005822877103,
        11.201018197375964,
        10.5923603413949,
        10.65392525271687,
        12.39380838339306,
        11.873035039319232,
        11.919328043081585,
        13.967374347457024,
        14.750936989705492,
        13.923920123381741,
        14.266423073629474,
        14.912568357394221,
        18.03809012192529,
        18.62127306434955,
        15.64251451765708,
        17.151632024186252,
        12.965814371961107,
        16.360031316849252,
        15.753593330825847,
        15.417418104070244,
        17.4019195371122,
        15.375038137992126,
        15.010437014442134,
        17.762041935176843,
        14.381813191399871,
        15.15919964588385,
        14.52628531099915,
        15.62134278350961,
        13.221938226618935,
        13.073902607985726,
        12.611232670310908,
        12.596160685122332,
        10.764711696501573,
        12.043191192423716,
        11.110234334410688,
        10.332393822139432,
        9.330612420490393
    ],
    "electricity_cost": [
        0.2068,
        0.2068,
        0.2068,
        0.2068,
        0.2068,
        0.2068,
        0.2068,
        0.2068,
        0.2068,
        0.2068,
        0.2068,
        0.2068,
        0.2068,
        0.2068,
        0.2516,
        0.2516,
        0.2516,
        0.2516,
        0.2516,
        0.2516,
        0.2516,
        0.2516,
        0.2516,
        0.2516,
        0.2516,
        0.2516,
        0.2516,
        0.2516,
        0.2516,
        0.2516,
        0.2516,
        0.2516,
        0.2516,
        0.2516,
        0.2516,
        0.2516,
        0.2516,
        0.2516,
        0.2516,
        0.2516,
        0.2516,
        0.2516,
        0.2516,
        0.2516,
        0.2516,
        0.2516,
        0.2068,
        0.2068
    ]
}