{
    "name": "tcl107",
    "input_path": "tcl/input/tcl107",
    "output_path": "tcl/output/tcl107",
    "working_dir": "tcl/input/tcl107",
    "initial_temperature": 18.35691170826116,
    "coefDeltaTemp": 0.05625,
    "coefConso": 1.0,
    "puissanceMin": 0,
    "puissanceMax": 4,
    "temperature_max": 21.17336945884119,
    "temperature_min": 16.548336942838564,
    "chroniqueTempExt": [
        5.479312848619561,
        6.255609025797934,
        5.484146384079163,
        4.245268899232993,
        6.411813511356985,
        7.198181673282083,
        5.827126507754645,
        7.549857491664118,
        5.685238250076985,
        5.853913278409485,
        6.5102252554340225,
        6.0723124573590415,
        7.379019355167773,
        6.668366479868588,
        5.524667303418743,
        8.542755109869397,
        9.284414726077397,
        9.747523581052558,
        9.989591746407145,
        9.329210821615181,
        9.963574704310286,
        10.97289393568631,
        10.041639748124032,
        10.868176980958495,
        11.281013631741505,
        12.691168513911347,
        11.989991770164195,
        11.648558701488971,
        12.002051002320805,
        12.111543862348556,
        12.833592258623696,
        11.064644605416174,
        11.543629541189821,
        10.38408308332652,
        11.85121133638558,
        12.66310670212969,
        11.756461894874088,
        12.121203592671717,
        8.962449635591465,
        9.757306555808983,
        10.675788734212006,
        10.638982366544619,
        8.867113954034371,
        7.977475040525141,
        7.373968406571575,
        8.941383206422529,
        5.81011437475194,
        6.332788464712988
    ],
    "electricity_cost": [
        0.2068,
        0.2068,
        0.2068,
        0.2068,
        0.2068,
        0.2068,
        0.2068,
        0.2068,
        0.2068,
        0.2068,
        0.2068,
        0.2068,
        0.2068,
        0.2068,
        0.2516,
        0.2516,
        0.2516,
        0.2516,
        0.2516,
        0.2516,
        0.2516,
        0.2516,
        0.2516,
        0.2516,
        0.2516,
        0.2516,
        0.2516,
        0.2516,
        0.2516,
        0.2516,
        0.2516,
        0.2516,
        0.2516,
        0.2516,
        0.2516,
        0.2516,
        0.2516,
        0.2516,
        0.2516,
        0.2516,
        0.2516,
        0.2516,
        0.2516,
        0.2516,
        0.2516,
        0.2516,
        0.2068,
        0.2068
    ]
}