{
    "name": "tcl221",
    "input_path": "tcl/input/tcl221",
    "output_path": "tcl/output/tcl221",
    "working_dir": "tcl/input/tcl221",
    "initial_temperature": 18.00073454009214,
    "coefDeltaTemp": 0.05625,
    "coefConso": 1.0,
    "puissanceMin": 0,
    "puissanceMax": 4,
    "temperature_max": 20.295375631380743,
    "temperature_min": 15.669255445835592,
    "chroniqueTempExt": [
        6.362629038977867,
        6.972892991222952,
        5.409106578731831,
        5.19369866494082,
        5.896154830535468,
        5.844745474167245,
        5.905502176841067,
        4.613760693715779,
        5.126319145233762,
        6.189740729131156,
        5.470350402731736,
        6.234771935722993,
        6.410670721904227,
        6.23054678087588,
        6.462822408743897,
        8.669119729235591,
        8.02401264455639,
        8.580205197003588,
        8.664776280446556,
        11.189298400855575,
        9.683630157575912,
        11.711055847286389,
        12.644813135641453,
        12.22670363674387,
        11.142937012093535,
        13.054035581901653,
        11.746522902407122,
        13.443591110375172,
        11.540770853950686,
        12.755685781627355,
        9.662683132708509,
        11.408156853845929,
        12.718801480392935,
        12.093787051432399,
        13.164837525010583,
        12.915779791252087,
        11.31065193847321,
        11.471290641223343,
        9.291082527746957,
        9.747752291486238,
        10.980788945764223,
        7.583273373970604,
        6.821151085167352,
        8.627358354444132,
        7.965729501873071,
        7.941485605891151,
        6.16825146965956,
        6.555755658491166
    ],
    "electricity_cost": [
        0.2068,
        0.2068,
        0.2068,
        0.2068,
        0.2068,
        0.2068,
        0.2068,
        0.2068,
        0.2068,
        0.2068,
        0.2068,
        0.2068,
        0.2068,
        0.2068,
        0.2516,
        0.2516,
        0.2516,
        0.2516,
        0.2516,
        0.2516,
        0.2516,
        0.2516,
        0.2516,
        0.2516,
        0.2516,
        0.2516,
        0.2516,
        0.2516,
        0.2516,
        0.2516,
        0.2516,
        0.2516,
        0.2516,
        0.2516,
        0.2516,
        0.2516,
        0.2516,
        0.2516,
        0.2516,
        0.2516,
        0.2516,
        0.2516,
        0.2516,
        0.2516,
        0.2516,
        0.2516,
        0.2068,
        0.2068
    ]
}