{
    "name": "tcl8",
    "input_path": "tcl/input/tcl8",
    "output_path": "tcl/output/tcl8",
    "working_dir": "tcl/input/tcl8",
    "initial_temperature": 19.152559730574158,
    "coefDeltaTemp": 0.05625,
    "coefConso": 1,
    "puissanceMin": 0,
    "puissanceMax": 4,
    "temperature_max": 20.453340216507655,
    "temperature_min": 16.04080176807184,
    "chroniqueTempExt": [
        1.3171063188770744,
        -0.43619205230158653,
        3.1314752177970613,
        0.4046552377435715,
        0.5467578315368959,
        0.5388887056872973,
        1.4051374300248534,
        0.9276791102708203,
        1.2528690696105151,
        1.1760073817864165,
        1.2181151504033436,
        0.126349701849664,
        1.2143418914073685,
        1.9380226307146267,
        2.27108909914515,
        2.2364488872052757,
        4.233432765843706,
        1.8332784222685483,
        5.883643371340568,
        4.24828154912974,
        5.812076129409028,
        6.172382772980376,
        5.455351292537782,
        7.264823160309382,
        4.771845986231764,
        7.013909548934725,
        6.447403208381198,
        6.526391922464655,
        4.43519105187057,
        5.503194847368252,
        6.290681346031452,
        6.30259656791099,
        5.9277879488260465,
        4.8918692403623965,
        6.028739649876649,
        6.128156535901717,
        5.308016826218703,
        6.185057714871636,
        6.2269937160530535,
        6.29995940700318,
        4.643291759385175,
        2.440789451209106,
        3.2906545484505996,
        1.7743750212631924,
        0.9462559416511394,
        1.7364908745306893,
        0.06057362864716964,
        0.4710195207433081
    ],
    "electricity_cost": [
        0.2068,
        0.2068,
        0.2068,
        0.2068,
        0.2068,
        0.2068,
        0.2068,
        0.2068,
        0.2068,
        0.2068,
        0.2068,
        0.2068,
        0.2068,
        0.2068,
        0.2516,
        0.2516,
        0.2516,
        0.2516,
        0.2516,
        0.2516,
        0.2516,
        0.2516,
        0.2516,
        0.2516,
        0.2516,
        0.2516,
        0.2516,
        0.2516,
        0.2516,
        0.2516,
        0.2516,
        0.2516,
        0.2516,
        0.2516,
        0.2516,
        0.2516,
        0.2516,
        0.2516,
        0.2516,
        0.2516,
        0.2516,
        0.2516,
        0.2516,
        0.2516,
        0.2516,
        0.2516,
        0.2068,
        0.2068
    ]
}