{
    "name": "tcl64",
    "input_path": "tcl/input/tcl64",
    "output_path": "tcl/output/tcl64",
    "working_dir": "tcl/input/tcl64",
    "initial_temperature": 18.494130069597222,
    "coefDeltaTemp": 0.05625,
    "coefConso": 1.0,
    "puissanceMin": 0,
    "puissanceMax": 4,
    "temperature_max": 21.212481288688007,
    "temperature_min": 16.44183152141434,
    "chroniqueTempExt": [
        14.102505226505425,
        14.736003777019967,
        14.192199777092236,
        14.099967438634833,
        13.752445555804213,
        13.88384538118163,
        13.664871034448575,
        14.364485871626854,
        14.529348311752814,
        15.121442184327936,
        13.128099082736219,
        14.317275464441659,
        14.142695235371175,
        15.888966762332412,
        15.86485439280853,
        18.06953382663223,
        18.492681565715287,
        18.088459191395057,
        20.704896063444668,
        19.519875537909346,
        19.802526793277472,
        21.995772607432166,
        22.037987806505974,
        23.282790915183806,
        21.129905560002047,
        22.61064602713959,
        23.094913743751015,
        22.42248487263433,
        21.495989218388797,
        21.338206729475846,
        22.19098893315266,
        22.64367067057491,
        23.07816408977462,
        22.14685804124358,
        21.50088897835987,
        22.642007757097925,
        21.228420473717453,
        22.656278521557198,
        18.742764079990152,
        19.36314466409765,
        18.839139971014458,
        18.28010091028352,
        18.55535867691898,
        19.153650957542,
        17.479530959431738,
        15.98785759855791,
        15.983427998661861,
        13.656040262700653
    ],
    "electricity_cost": [
        0.2068,
        0.2068,
        0.2068,
        0.2068,
        0.2068,
        0.2068,
        0.2068,
        0.2068,
        0.2068,
        0.2068,
        0.2068,
        0.2068,
        0.2068,
        0.2068,
        0.2516,
        0.2516,
        0.2516,
        0.2516,
        0.2516,
        0.2516,
        0.2516,
        0.2516,
        0.2516,
        0.2516,
        0.2516,
        0.2516,
        0.2516,
        0.2516,
        0.2516,
        0.2516,
        0.2516,
        0.2516,
        0.2516,
        0.2516,
        0.2516,
        0.2516,
        0.2516,
        0.2516,
        0.2516,
        0.2516,
        0.2516,
        0.2516,
        0.2516,
        0.2516,
        0.2516,
        0.2516,
        0.2068,
        0.2068
    ]
}