{
    "name": "tcl11",
    "input_path": "tcl/input/tcl11",
    "output_path": "tcl/output/tcl11",
    "working_dir": "tcl/input/tcl11",
    "initial_temperature": 17.5249789498002,
    "coefDeltaTemp": 0.05625,
    "coefConso": 1,
    "puissanceMin": 0,
    "puissanceMax": 4,
    "temperature_max": 21.433594727554556,
    "temperature_min": 16.64735173082699,
    "chroniqueTempExt": [
        13.312502109621285,
        13.110196568738207,
        14.483539820697594,
        12.96745667902326,
        14.635935418023873,
        13.37857914268158,
        11.536394723858706,
        13.993889978191211,
        13.552149836636627,
        11.820513990680752,
        13.450786858952561,
        16.0557533400574,
        12.690892096933194,
        13.861715943529443,
        14.494157990709482,
        16.282170386780027,
        14.99251324695917,
        16.051694335499217,
        17.56257210391089,
        15.013657459943387,
        17.179867245889024,
        18.144216184740344,
        18.079186117294476,
        19.468282211213648,
        20.009042352904448,
        17.714017531948365,
        18.587240468786067,
        18.232761216257924,
        20.175928795093277,
        20.258920101250546,
        18.082879561772266,
        20.267482315425994,
        17.823742210015507,
        19.590511455162417,
        18.540973053790893,
        19.006948913396023,
        18.839883269993148,
        18.617372584808223,
        16.97522755213886,
        18.048969489732308,
        16.985391690667946,
        18.419084504740372,
        16.706368475565995,
        16.58819766433484,
        14.490043451045201,
        12.843056632358495,
        13.103441876096824,
        12.341300856862643
    ],
    "electricity_cost": [
        0.2068,
        0.2068,
        0.2068,
        0.2068,
        0.2068,
        0.2068,
        0.2068,
        0.2068,
        0.2068,
        0.2068,
        0.2068,
        0.2068,
        0.2068,
        0.2068,
        0.2516,
        0.2516,
        0.2516,
        0.2516,
        0.2516,
        0.2516,
        0.2516,
        0.2516,
        0.2516,
        0.2516,
        0.2516,
        0.2516,
        0.2516,
        0.2516,
        0.2516,
        0.2516,
        0.2516,
        0.2516,
        0.2516,
        0.2516,
        0.2516,
        0.2516,
        0.2516,
        0.2516,
        0.2516,
        0.2516,
        0.2516,
        0.2516,
        0.2516,
        0.2516,
        0.2516,
        0.2516,
        0.2068,
        0.2068
    ]
}