{
    "name": "tcl26",
    "input_path": "tcl/input/tcl26",
    "output_path": "tcl/output/tcl26",
    "working_dir": "tcl/input/tcl26",
    "initial_temperature": 18.2399097363164,
    "coefDeltaTemp": 0.05625,
    "coefConso": 1.0,
    "puissanceMin": 0,
    "puissanceMax": 4,
    "temperature_max": 21.859821762022886,
    "temperature_min": 16.03797280749167,
    "chroniqueTempExt": [
        6.753074014049904,
        8.84037127203408,
        8.135526621742628,
        6.369926312649404,
        8.267190122510424,
        8.518821456652052,
        7.649548560158164,
        8.984984719503164,
        9.041191290309177,
        8.92664715857548,
        10.780362841150904,
        7.231408897388736,
        9.565193198226655,
        7.861901920263059,
        11.125833037716063,
        10.514024770102417,
        11.396157544931818,
        11.493831856901801,
        10.457085187072268,
        10.960106393621704,
        11.372821796684338,
        14.382114089941423,
        14.380456714102216,
        14.19234118661777,
        14.138681712912087,
        13.801256102513932,
        13.426292866764163,
        14.433373850374458,
        13.07315247199642,
        14.820369039000896,
        15.376708623466262,
        14.228248814618661,
        15.114863497263283,
        13.65949925439045,
        14.75749512200795,
        12.827479041966523,
        15.507166984939008,
        12.123312875754223,
        12.373725746459408,
        12.36593967406538,
        10.875492183943479,
        10.937437387423396,
        10.811459139349838,
        11.331577747112995,
        8.945723697467963,
        8.093731225835288,
        7.9236583963546785,
        8.807082004632296
    ],
    "electricity_cost": [
        0.2068,
        0.2068,
        0.2068,
        0.2068,
        0.2068,
        0.2068,
        0.2068,
        0.2068,
        0.2068,
        0.2068,
        0.2068,
        0.2068,
        0.2068,
        0.2068,
        0.2516,
        0.2516,
        0.2516,
        0.2516,
        0.2516,
        0.2516,
        0.2516,
        0.2516,
        0.2516,
        0.2516,
        0.2516,
        0.2516,
        0.2516,
        0.2516,
        0.2516,
        0.2516,
        0.2516,
        0.2516,
        0.2516,
        0.2516,
        0.2516,
        0.2516,
        0.2516,
        0.2516,
        0.2516,
        0.2516,
        0.2516,
        0.2516,
        0.2516,
        0.2516,
        0.2516,
        0.2516,
        0.2068,
        0.2068
    ]
}