{
    "name": "tcl81",
    "input_path": "tcl/input/tcl81",
    "output_path": "tcl/output/tcl81",
    "working_dir": "tcl/input/tcl81",
    "initial_temperature": 18.598205800069408,
    "coefDeltaTemp": 0.05625,
    "coefConso": 1.0,
    "puissanceMin": 0,
    "puissanceMax": 4,
    "temperature_max": 20.731914447509205,
    "temperature_min": 16.185537186180333,
    "chroniqueTempExt": [
        1.0298543161610394,
        1.1309595421938707,
        1.3268025009948634,
        2.4191985596479846,
        0.5363795050251783,
        1.728774445965509,
        0.7880730623080622,
        0.3719710945703113,
        0.43917513273864306,
        0.41905042573098283,
        1.9506227433037737,
        -0.6998381978280048,
        1.0708660111035841,
        1.1565945336852255,
        1.6085968325622206,
        1.2768864034099627,
        3.5078764536167775,
        2.6335818421636077,
        3.5210431769308435,
        3.5276483342978704,
        5.555726970749299,
        7.475688495367624,
        5.183997654872969,
        5.908221990785006,
        5.780347914339776,
        7.278271333984453,
        5.7523584735996875,
        5.92104221256971,
        5.121506463049233,
        5.890389730476197,
        6.347035753816244,
        3.6636185989944967,
        6.960767388903261,
        5.795620872484439,
        5.499791665813491,
        5.220437535704961,
        4.796092314928606,
        5.1072756973059255,
        2.8632014899060474,
        4.134052401869488,
        4.852792776625263,
        3.27409608198546,
        4.579939631594353,
        1.701825535530972,
        2.046942343984963,
        2.0145969501144574,
        1.9713921839496513,
        0.8772023507750566
    ],
    "electricity_cost": [
        0.2068,
        0.2068,
        0.2068,
        0.2068,
        0.2068,
        0.2068,
        0.2068,
        0.2068,
        0.2068,
        0.2068,
        0.2068,
        0.2068,
        0.2068,
        0.2068,
        0.2516,
        0.2516,
        0.2516,
        0.2516,
        0.2516,
        0.2516,
        0.2516,
        0.2516,
        0.2516,
        0.2516,
        0.2516,
        0.2516,
        0.2516,
        0.2516,
        0.2516,
        0.2516,
        0.2516,
        0.2516,
        0.2516,
        0.2516,
        0.2516,
        0.2516,
        0.2516,
        0.2516,
        0.2516,
        0.2516,
        0.2516,
        0.2516,
        0.2516,
        0.2516,
        0.2516,
        0.2516,
        0.2068,
        0.2068
    ]
}