{
    "name": "tcl165",
    "input_path": "tcl/input/tcl165",
    "output_path": "tcl/output/tcl165",
    "working_dir": "tcl/input/tcl165",
    "initial_temperature": 17.80303818715582,
    "coefDeltaTemp": 0.05625,
    "coefConso": 1.0,
    "puissanceMin": 0,
    "puissanceMax": 4,
    "temperature_max": 21.557920825748507,
    "temperature_min": 16.107234439401687,
    "chroniqueTempExt": [
        0.31068019719074647,
        0.7295382217720503,
        0.2303881939334581,
        1.0275678440390392,
        1.5668609336057542,
        2.790299596990729,
        1.163205861978298,
        1.743153405490818,
        1.4003923462193664,
        0.1602243060165176,
        1.2207970483355495,
        1.5660788320366708,
        -0.1568066261209955,
        1.5421391401352942,
        3.2894725970579968,
        2.4743870297466044,
        2.6389207294931847,
        3.251858606578962,
        2.663230157837769,
        3.5062645271874175,
        5.968527038881888,
        5.875885113585438,
        5.709802409705446,
        5.982646408770235,
        7.318599811161969,
        7.619883151889298,
        5.999267425224604,
        6.397691649414775,
        4.6397840191498005,
        6.9031201156549375,
        5.159470333096436,
        5.770697781109857,
        4.058496360540459,
        6.08138813704103,
        6.687843458771178,
        5.441844207223908,
        6.371142466755241,
        4.215299366154833,
        4.919627799494235,
        5.330445318327016,
        5.528240281279512,
        4.001865851419186,
        3.9203298281792334,
        3.289584645162002,
        0.920624767907116,
        0.04615056165206344,
        1.8083279048141985,
        2.63524251642772
    ],
    "electricity_cost": [
        0.2068,
        0.2068,
        0.2068,
        0.2068,
        0.2068,
        0.2068,
        0.2068,
        0.2068,
        0.2068,
        0.2068,
        0.2068,
        0.2068,
        0.2068,
        0.2068,
        0.2516,
        0.2516,
        0.2516,
        0.2516,
        0.2516,
        0.2516,
        0.2516,
        0.2516,
        0.2516,
        0.2516,
        0.2516,
        0.2516,
        0.2516,
        0.2516,
        0.2516,
        0.2516,
        0.2516,
        0.2516,
        0.2516,
        0.2516,
        0.2516,
        0.2516,
        0.2516,
        0.2516,
        0.2516,
        0.2516,
        0.2516,
        0.2516,
        0.2516,
        0.2516,
        0.2516,
        0.2516,
        0.2068,
        0.2068
    ]
}