{
    "name": "tcl198",
    "input_path": "tcl/input/tcl198",
    "output_path": "tcl/output/tcl198",
    "working_dir": "tcl/input/tcl198",
    "initial_temperature": 19.19505631516031,
    "coefDeltaTemp": 0.05625,
    "coefConso": 1.0,
    "puissanceMin": 0,
    "puissanceMax": 4,
    "temperature_max": 20.790597106645166,
    "temperature_min": 15.27336977019705,
    "chroniqueTempExt": [
        1.8299657815709718,
        3.2787460251568343,
        4.753426449148183,
        2.5732530263581075,
        2.004946811969587,
        2.356831811007075,
        3.261326218377201,
        2.321069623072635,
        3.7433973595529095,
        3.230239273975606,
        3.0217585052569125,
        2.3673917176296113,
        4.040833300622276,
        4.5482211028399275,
        3.0964368014594337,
        3.2528770432832648,
        4.780691917779979,
        6.738769759791184,
        6.561009619270423,
        6.848751683184689,
        7.493214811069851,
        6.505571396102715,
        7.162609903809717,
        7.511180771622057,
        10.229665756073748,
        9.40499477529295,
        10.00691153674957,
        7.740584335725478,
        7.899242066098984,
        8.177860189678258,
        8.382818076527613,
        9.70144367595751,
        9.503951394365414,
        9.695452003981934,
        10.14011986163307,
        8.759879289504335,
        8.64228361132268,
        9.056409337584137,
        8.11028646872962,
        9.235044592148347,
        8.78240648430649,
        6.526243809772623,
        4.756890091724162,
        6.282105832276066,
        4.199414043545769,
        3.799660428592742,
        4.348356568013468,
        4.9040172015871715
    ],
    "electricity_cost": [
        0.2068,
        0.2068,
        0.2068,
        0.2068,
        0.2068,
        0.2068,
        0.2068,
        0.2068,
        0.2068,
        0.2068,
        0.2068,
        0.2068,
        0.2068,
        0.2068,
        0.2516,
        0.2516,
        0.2516,
        0.2516,
        0.2516,
        0.2516,
        0.2516,
        0.2516,
        0.2516,
        0.2516,
        0.2516,
        0.2516,
        0.2516,
        0.2516,
        0.2516,
        0.2516,
        0.2516,
        0.2516,
        0.2516,
        0.2516,
        0.2516,
        0.2516,
        0.2516,
        0.2516,
        0.2516,
        0.2516,
        0.2516,
        0.2516,
        0.2516,
        0.2516,
        0.2516,
        0.2516,
        0.2068,
        0.2068
    ]
}