{
    "name": "tcl161",
    "input_path": "tcl/input/tcl161",
    "output_path": "tcl/output/tcl161",
    "working_dir": "tcl/input/tcl161",
    "initial_temperature": 17.98650641858958,
    "coefDeltaTemp": 0.05625,
    "coefConso": 1.0,
    "puissanceMin": 0,
    "puissanceMax": 4,
    "temperature_max": 21.03552308968623,
    "temperature_min": 15.481144955344481,
    "chroniqueTempExt": [
        9.245318930974905,
        8.862403386673073,
        7.8131102402952095,
        7.696564485846368,
        8.100615910851438,
        8.888134167710964,
        8.57621902011293,
        8.014690250912997,
        7.238397709057188,
        9.745068979094798,
        6.980271988184236,
        8.40180281461721,
        10.075878609911278,
        9.196930069155336,
        9.86903414042445,
        10.777800246971939,
        9.776660648711633,
        8.46123143499754,
        12.927457463596365,
        12.006948003339296,
        12.932242973423104,
        10.88395977743679,
        12.195638385655148,
        14.442346338503315,
        14.390395572812333,
        14.370951593559365,
        13.513842312994504,
        14.423757016580229,
        13.133471956560024,
        14.060013884794468,
        14.377367398572588,
        15.726812541194658,
        14.07223551724492,
        13.416469092807688,
        13.447558706813043,
        15.263298221094699,
        13.274319618812918,
        14.910176575821659,
        14.260582317475514,
        12.342954349400932,
        11.578569176911554,
        11.923392565176872,
        11.56092396134515,
        9.358704110829759,
        8.683337468795212,
        9.461428772967757,
        7.079809189184154,
        7.231424611155448
    ],
    "electricity_cost": [
        0.2068,
        0.2068,
        0.2068,
        0.2068,
        0.2068,
        0.2068,
        0.2068,
        0.2068,
        0.2068,
        0.2068,
        0.2068,
        0.2068,
        0.2068,
        0.2068,
        0.2516,
        0.2516,
        0.2516,
        0.2516,
        0.2516,
        0.2516,
        0.2516,
        0.2516,
        0.2516,
        0.2516,
        0.2516,
        0.2516,
        0.2516,
        0.2516,
        0.2516,
        0.2516,
        0.2516,
        0.2516,
        0.2516,
        0.2516,
        0.2516,
        0.2516,
        0.2516,
        0.2516,
        0.2516,
        0.2516,
        0.2516,
        0.2516,
        0.2516,
        0.2516,
        0.2516,
        0.2516,
        0.2068,
        0.2068
    ]
}