{
    "name": "tcl43",
    "input_path": "tcl/input/tcl43",
    "output_path": "tcl/output/tcl43",
    "working_dir": "tcl/input/tcl43",
    "initial_temperature": 17.51027866617314,
    "coefDeltaTemp": 0.05625,
    "coefConso": 1.0,
    "puissanceMin": 0,
    "puissanceMax": 4,
    "temperature_max": 21.68684173298811,
    "temperature_min": 16.14982725845631,
    "chroniqueTempExt": [
        15.195379695127425,
        14.356543786933312,
        14.323477725074497,
        14.53569067440487,
        16.11943506924078,
        15.465964877186687,
        15.462373758906203,
        14.107345461900623,
        12.820497148175441,
        16.04860123690891,
        13.835232536772645,
        13.698539044435716,
        15.449444446583598,
        17.59581025132798,
        16.695135224862533,
        18.549629434296474,
        18.562048308814447,
        18.757380222223368,
        18.443227721258285,
        17.466279341691784,
        19.048476627141646,
        20.86978660349799,
        21.797590651354994,
        20.842574312325624,
        23.526056610129007,
        22.321902672302972,
        22.2718170714216,
        21.34091744273696,
        22.232075140428076,
        22.762061924076946,
        20.725377527896676,
        22.505659543051856,
        23.460100528307283,
        20.14178678412289,
        22.95108665510889,
        22.537044532995843,
        21.733331964359763,
        20.630637943639346,
        19.400862942281428,
        18.34359542939292,
        18.95595598395975,
        18.739903992042112,
        17.404472535284697,
        18.40432150963531,
        16.57235131843844,
        16.381598884425287,
        17.091814774752493,
        15.280410837506116
    ],
    "electricity_cost": [
        0.2068,
        0.2068,
        0.2068,
        0.2068,
        0.2068,
        0.2068,
        0.2068,
        0.2068,
        0.2068,
        0.2068,
        0.2068,
        0.2068,
        0.2068,
        0.2068,
        0.2516,
        0.2516,
        0.2516,
        0.2516,
        0.2516,
        0.2516,
        0.2516,
        0.2516,
        0.2516,
        0.2516,
        0.2516,
        0.2516,
        0.2516,
        0.2516,
        0.2516,
        0.2516,
        0.2516,
        0.2516,
        0.2516,
        0.2516,
        0.2516,
        0.2516,
        0.2516,
        0.2516,
        0.2516,
        0.2516,
        0.2516,
        0.2516,
        0.2516,
        0.2516,
        0.2516,
        0.2516,
        0.2068,
        0.2068
    ]
}