{
    "name": "tcl223",
    "input_path": "tcl/input/tcl223",
    "output_path": "tcl/output/tcl223",
    "working_dir": "tcl/input/tcl223",
    "initial_temperature": 18.05807963635337,
    "coefDeltaTemp": 0.05625,
    "coefConso": 1.0,
    "puissanceMin": 0,
    "puissanceMax": 4,
    "temperature_max": 20.560537207146716,
    "temperature_min": 15.544106034418231,
    "chroniqueTempExt": [
        9.607100571206985,
        10.803303989498767,
        10.681696834269417,
        10.111658371102369,
        8.70415843514219,
        9.40094029792791,
        9.554870052911015,
        10.17884565291535,
        11.369440163265208,
        6.569883197386718,
        10.654829277176496,
        10.011421294737918,
        11.120306234484293,
        11.584378347052382,
        11.778271012510757,
        11.226938676790358,
        11.957356080999176,
        13.562027371892944,
        13.993517731030634,
        14.983627556094268,
        14.91017918834755,
        13.090319982483429,
        15.546007791392864,
        13.979199438593938,
        17.230966764925146,
        17.641321879176182,
        16.785571628524057,
        17.81679291783798,
        16.84092940340284,
        15.277126189254044,
        17.141321989584426,
        15.054468271755916,
        14.543767443424949,
        16.42705877490952,
        14.893549507501119,
        16.59645325263954,
        17.22137181427982,
        15.781064159405128,
        16.45899085216648,
        15.674500961807162,
        14.797029065220936,
        12.073701984278458,
        12.350104171797446,
        11.973587569454052,
        12.17938818607015,
        12.476735070325681,
        10.28286134465281,
        11.341750651751422
    ],
    "electricity_cost": [
        0.2068,
        0.2068,
        0.2068,
        0.2068,
        0.2068,
        0.2068,
        0.2068,
        0.2068,
        0.2068,
        0.2068,
        0.2068,
        0.2068,
        0.2068,
        0.2068,
        0.2516,
        0.2516,
        0.2516,
        0.2516,
        0.2516,
        0.2516,
        0.2516,
        0.2516,
        0.2516,
        0.2516,
        0.2516,
        0.2516,
        0.2516,
        0.2516,
        0.2516,
        0.2516,
        0.2516,
        0.2516,
        0.2516,
        0.2516,
        0.2516,
        0.2516,
        0.2516,
        0.2516,
        0.2516,
        0.2516,
        0.2516,
        0.2516,
        0.2516,
        0.2516,
        0.2516,
        0.2516,
        0.2068,
        0.2068
    ]
}