{
    "name": "tcl16",
    "input_path": "tcl/input/tcl16",
    "output_path": "tcl/output/tcl16",
    "working_dir": "tcl/input/tcl16",
    "initial_temperature": 18.258589558284008,
    "coefDeltaTemp": 0.05625,
    "coefConso": 1,
    "puissanceMin": 0,
    "puissanceMax": 4,
    "temperature_max": 20.968539241346814,
    "temperature_min": 16.925256042103495,
    "chroniqueTempExt": [
        3.2614682429541495,
        2.1703333943116085,
        2.8110581520576843,
        2.6747556036172506,
        1.4932471205738294,
        2.27776173952202,
        3.430787719476196,
        3.5964966420191864,
        3.158468172387833,
        3.6367726608243287,
        -0.3964045864602266,
        3.112836813148349,
        2.7913192171599346,
        2.477762828565239,
        3.65703765386071,
        6.486736432261625,
        5.078349169491229,
        5.599768586687663,
        7.335504544722223,
        6.318272614161996,
        7.267105255556134,
        9.150536249872797,
        8.492513992892555,
        8.877913966403023,
        8.935424170714793,
        8.500378872178661,
        10.131051672623279,
        8.355169419051865,
        8.386461659434064,
        10.039271579883113,
        7.564914601948017,
        7.995156917144687,
        9.18505927855069,
        9.444764361197073,
        9.185513535429854,
        8.995708028131803,
        9.789577789878232,
        10.075531271923785,
        6.847361161912836,
        6.687851706869317,
        6.507443206257755,
        5.916588100409592,
        4.348231915619622,
        7.180825411274968,
        4.179869556066165,
        4.706301960937261,
        2.783011028638266,
        1.309412828032096
    ],
    "electricity_cost": [
        0.2068,
        0.2068,
        0.2068,
        0.2068,
        0.2068,
        0.2068,
        0.2068,
        0.2068,
        0.2068,
        0.2068,
        0.2068,
        0.2068,
        0.2068,
        0.2068,
        0.2516,
        0.2516,
        0.2516,
        0.2516,
        0.2516,
        0.2516,
        0.2516,
        0.2516,
        0.2516,
        0.2516,
        0.2516,
        0.2516,
        0.2516,
        0.2516,
        0.2516,
        0.2516,
        0.2516,
        0.2516,
        0.2516,
        0.2516,
        0.2516,
        0.2516,
        0.2516,
        0.2516,
        0.2516,
        0.2516,
        0.2516,
        0.2516,
        0.2516,
        0.2516,
        0.2516,
        0.2516,
        0.2068,
        0.2068
    ]
}