{
    "name": "tcl15",
    "input_path": "tcl/input/tcl15",
    "output_path": "tcl/output/tcl15",
    "working_dir": "tcl/input/tcl15",
    "initial_temperature": 19.027765617906987,
    "coefDeltaTemp": 0.05625,
    "coefConso": 1.0,
    "puissanceMin": 0,
    "puissanceMax": 4,
    "temperature_max": 20.6288210792209,
    "temperature_min": 15.59566615723884,
    "chroniqueTempExt": [
        12.620294767112831,
        12.752697613691115,
        11.56547675431707,
        11.496577579630314,
        13.218073106823836,
        11.101879342016792,
        11.374119342975726,
        13.041207436052684,
        11.786736327798545,
        13.149663811496287,
        11.265854323539786,
        13.288759350742376,
        10.865395312315565,
        13.502614186244706,
        13.858725808230567,
        14.83788111255884,
        14.242635865932222,
        16.207506983620103,
        17.12734964828091,
        15.317133658966151,
        17.900482003129092,
        17.96147006510005,
        17.52395710625224,
        16.354747737929284,
        19.11306493759578,
        19.994234573677804,
        19.5681240801236,
        17.616030176654057,
        18.128298071787825,
        18.38921484995521,
        18.904699509430163,
        19.451987826338783,
        20.249700347648393,
        21.230248745467872,
        18.780430449181896,
        19.480731380674342,
        18.8833844795089,
        19.43464708291601,
        16.98121646004172,
        18.310910836828082,
        15.822221131444334,
        16.174802891800205,
        15.688409679222588,
        14.133310177192149,
        15.172750661452042,
        12.404293927418419,
        11.122658593011412,
        12.157412942977937
    ],
    "electricity_cost": [
        0.2068,
        0.2068,
        0.2068,
        0.2068,
        0.2068,
        0.2068,
        0.2068,
        0.2068,
        0.2068,
        0.2068,
        0.2068,
        0.2068,
        0.2068,
        0.2068,
        0.2516,
        0.2516,
        0.2516,
        0.2516,
        0.2516,
        0.2516,
        0.2516,
        0.2516,
        0.2516,
        0.2516,
        0.2516,
        0.2516,
        0.2516,
        0.2516,
        0.2516,
        0.2516,
        0.2516,
        0.2516,
        0.2516,
        0.2516,
        0.2516,
        0.2516,
        0.2516,
        0.2516,
        0.2516,
        0.2516,
        0.2516,
        0.2516,
        0.2516,
        0.2516,
        0.2516,
        0.2516,
        0.2068,
        0.2068
    ]
}