{
    "name": "tcl248",
    "input_path": "tcl/input/tcl248",
    "output_path": "tcl/output/tcl248",
    "working_dir": "tcl/input/tcl248",
    "initial_temperature": 18.408857346308853,
    "coefDeltaTemp": 0.05625,
    "coefConso": 1.0,
    "puissanceMin": 0,
    "puissanceMax": 4,
    "temperature_max": 20.807831819407156,
    "temperature_min": 15.47706173889655,
    "chroniqueTempExt": [
        10.58912953301575,
        10.473901207693787,
        10.457697181401835,
        9.019921801459986,
        8.995575298698387,
        10.771866518438838,
        8.9752317893198,
        9.345833726420066,
        10.01224209084481,
        11.464498477471668,
        9.802773730763926,
        9.963810697066696,
        9.886426738354013,
        10.908329300125597,
        11.193095628730958,
        13.384065301356829,
        11.168610488338942,
        13.554898558395696,
        14.325520332445587,
        13.502599758919532,
        14.361801883205597,
        16.422249883475157,
        14.066516811010676,
        17.548133098753986,
        15.344304147688526,
        17.271785085440218,
        16.131978619196293,
        17.36995445242173,
        18.375724856723505,
        14.763698962328146,
        16.634727677201408,
        13.885115941794822,
        14.338823041728109,
        14.66459160454473,
        15.618362508760336,
        16.66195260919323,
        16.58793721913924,
        14.126531220775977,
        15.430471974223902,
        14.389925550527053,
        12.400463527016019,
        13.296585404022704,
        12.862196617240162,
        11.712091778561941,
        11.215971247678135,
        12.075234594871107,
        9.275327058000126,
        9.291995458037908
    ],
    "electricity_cost": [
        0.2068,
        0.2068,
        0.2068,
        0.2068,
        0.2068,
        0.2068,
        0.2068,
        0.2068,
        0.2068,
        0.2068,
        0.2068,
        0.2068,
        0.2068,
        0.2068,
        0.2516,
        0.2516,
        0.2516,
        0.2516,
        0.2516,
        0.2516,
        0.2516,
        0.2516,
        0.2516,
        0.2516,
        0.2516,
        0.2516,
        0.2516,
        0.2516,
        0.2516,
        0.2516,
        0.2516,
        0.2516,
        0.2516,
        0.2516,
        0.2516,
        0.2516,
        0.2516,
        0.2516,
        0.2516,
        0.2516,
        0.2516,
        0.2516,
        0.2516,
        0.2516,
        0.2516,
        0.2516,
        0.2068,
        0.2068
    ]
}