{
    "load": [
        0.0,
        0.0,
        0.0,
        0.0,
        0.0,
        0.0,
        0.0,
        0.0,
        0.0,
        0.0,
        0.11383530022280652,
        0.3980054147004989,
        0.33017302421249894,
        1.9817561333937235,
        0.0,
        0.0,
        0.0,
        0.0,
        0.0,
        0.0,
        0.24339538244649894,
        0.150511879066499,
        0.12602353391449894,
        0.0174117214884989,
        0.014122690164498963,
        0.0,
        0.0,
        0.0,
        0.0,
        0.0,
        0.0,
        0.04649182384516948,
        0.03185392835449896,
        0.0,
        0.0,
        0.029766328356224392,
        4.0,
        0.0,
        0.0,
        0.0,
        4.0,
        2.8107197008021316,
        0.0,
        0.0,
        0.0,
        0.0,
        0.0,
        0.0
    ],
    "cost": -80.5268667161562
}