{
    "load": [
        0.0,
        0.0,
        0.0,
        0.0,
        0.0,
        0.0,
        0.0,
        0.0,
        0.0,
        0.0,
        0.11383530022280652,
        0.3980054147004992,
        0.33017302421249894,
        1.9817561333937306,
        0.0,
        0.0,
        0.0,
        0.0,
        0.0,
        0.0,
        0.24339538244650072,
        0.15051187906649943,
        0.1260235339144984,
        0.01741172148850012,
        0.014122690164498408,
        0.0,
        0.0,
        0.0,
        0.0,
        0.0,
        0.0,
        0.04649182384516948,
        0.03185392835450074,
        0.0,
        0.0,
        0.029766328356224392,
        4.0,
        0.0,
        0.0,
        0.0,
        4.0,
        2.8107197008021316,
        0.0,
        0.0,
        0.0,
        0.0,
        0.0,
        0.0
    ],
    "cost": -80.52676344902991
}