{
    "name": "tcl92",
    "input_path": "tcl/input/tcl92",
    "output_path": "tcl/output/tcl92",
    "working_dir": "tcl/input/tcl92",
    "initial_temperature": 18.46474579738125,
    "coefDeltaTemp": 0.05625,
    "coefConso": 1.0,
    "puissanceMin": 0,
    "puissanceMax": 4,
    "temperature_max": 21.77623624170369,
    "temperature_min": 16.71816534194172,
    "chroniqueTempExt": [
        8.542451724558413,
        8.227963857221992,
        8.303854836430384,
        7.501791683369173,
        7.248690900432601,
        9.604048470897858,
        6.430303999176876,
        7.9331438297865375,
        9.504108714607195,
        6.6828486229139195,
        7.630027656106765,
        9.667637902393126,
        6.791794841779117,
        9.041987324055567,
        8.77718606368793,
        9.965734328929784,
        9.656521972035524,
        9.54250031534463,
        11.622648117009707,
        12.15547444909153,
        12.31271522468551,
        10.508428027561795,
        13.9393265615524,
        14.302172744961986,
        14.578528558716071,
        15.123797240327253,
        13.137125797568087,
        16.08278000676503,
        12.106121977173073,
        13.889186506299941,
        15.18392103917513,
        15.260733554310098,
        13.120807040927371,
        14.320414928946983,
        14.261393702522025,
        13.918402405156218,
        14.414611560124065,
        11.988311730172951,
        13.700383264231306,
        11.617744562647852,
        13.121199434522373,
        13.142559747116605,
        11.442044364113825,
        10.954598823586148,
        9.878931184283891,
        9.647982602126318,
        8.830653880266395,
        7.560051284583631
    ],
    "electricity_cost": [
        0.2068,
        0.2068,
        0.2068,
        0.2068,
        0.2068,
        0.2068,
        0.2068,
        0.2068,
        0.2068,
        0.2068,
        0.2068,
        0.2068,
        0.2068,
        0.2068,
        0.2516,
        0.2516,
        0.2516,
        0.2516,
        0.2516,
        0.2516,
        0.2516,
        0.2516,
        0.2516,
        0.2516,
        0.2516,
        0.2516,
        0.2516,
        0.2516,
        0.2516,
        0.2516,
        0.2516,
        0.2516,
        0.2516,
        0.2516,
        0.2516,
        0.2516,
        0.2516,
        0.2516,
        0.2516,
        0.2516,
        0.2516,
        0.2516,
        0.2516,
        0.2516,
        0.2516,
        0.2516,
        0.2068,
        0.2068
    ]
}