;iteration;cost;upper_bound;rho
0;0;3172166.8312;0.0;5
1;1;669440.45831111;2125333.333333334;5
2;2;147280.8719111111;689111.1111111105;5
