{
    "name": "tcl50",
    "input_path": "tcl/input/tcl50",
    "output_path": "tcl/output/tcl50",
    "working_dir": "tcl/input/tcl50",
    "initial_temperature": 17.99537046971823,
    "coefDeltaTemp": 0.05625,
    "coefConso": 1.0,
    "puissanceMin": 0,
    "puissanceMax": 4,
    "temperature_max": 21.487524324708936,
    "temperature_min": 15.517713062199283,
    "chroniqueTempExt": [
        0.2821081063996183,
        -0.6415155120420246,
        1.2229470482869402,
        0.21798844865158115,
        0.2007554291146181,
        1.1893954882830806,
        0.6743735396974564,
        -1.3212228819678917,
        2.4573228857766733,
        0.7603880191794026,
        -1.1878159615155195,
        0.5720377156198451,
        1.6271133198877357,
        -2.11535225944188,
        0.26135202253751755,
        1.1603990878699104,
        1.7594466722367865,
        0.9603424307344981,
        3.2802089766115374,
        3.29130890120888,
        3.385874934749482,
        4.973999842224005,
        4.022690136099493,
        5.374722951745662,
        4.6340130829493615,
        5.354585753247146,
        4.705707859886272,
        4.780268788558928,
        5.2665435791511,
        5.554496884884458,
        5.1465656914449776,
        5.921045387674857,
        3.7154281100337174,
        5.461820543649098,
        3.2053801137760796,
        3.513824422219935,
        5.635070131143813,
        4.0374931290548615,
        4.283823486492545,
        3.4901760827934925,
        2.189702642411496,
        1.575481127137342,
        0.9973650120746753,
        1.1014036764744473,
        1.5497817635740094,
        0.6589579400445464,
        -1.2029586661256484,
        -1.030527524102007
    ],
    "electricity_cost": [
        0.2068,
        0.2068,
        0.2068,
        0.2068,
        0.2068,
        0.2068,
        0.2068,
        0.2068,
        0.2068,
        0.2068,
        0.2068,
        0.2068,
        0.2068,
        0.2068,
        0.2516,
        0.2516,
        0.2516,
        0.2516,
        0.2516,
        0.2516,
        0.2516,
        0.2516,
        0.2516,
        0.2516,
        0.2516,
        0.2516,
        0.2516,
        0.2516,
        0.2516,
        0.2516,
        0.2516,
        0.2516,
        0.2516,
        0.2516,
        0.2516,
        0.2516,
        0.2516,
        0.2516,
        0.2516,
        0.2516,
        0.2516,
        0.2516,
        0.2516,
        0.2516,
        0.2516,
        0.2516,
        0.2068,
        0.2068
    ]
}