{
    "name": "tcl74",
    "input_path": "tcl/input/tcl74",
    "output_path": "tcl/output/tcl74",
    "working_dir": "tcl/input/tcl74",
    "initial_temperature": 19.170154721339365,
    "coefDeltaTemp": 0.05625,
    "coefConso": 1.0,
    "puissanceMin": 0,
    "puissanceMax": 4,
    "temperature_max": 21.40966659339594,
    "temperature_min": 15.889837536646326,
    "chroniqueTempExt": [
        15.69294150378426,
        16.01078204238231,
        13.038361135801628,
        15.142198045934379,
        14.50271521059705,
        14.371741591550139,
        14.761366989400573,
        16.613067805222123,
        14.61948458644929,
        14.733744647391086,
        13.667416231255853,
        17.85999908360649,
        13.847875417978157,
        17.39498256461156,
        15.621131907460756,
        17.40064869487766,
        18.407714211240535,
        16.583558779271364,
        18.551368156833995,
        18.64678579066061,
        17.71958363878874,
        20.48332132338925,
        20.584446806241463,
        23.399395461360303,
        22.721593761703954,
        22.11491660395342,
        20.63937289567056,
        22.6318242145118,
        20.27720394816952,
        21.495330865328864,
        20.135093900039532,
        22.05770926420324,
        23.071033270132077,
        23.76292003836393,
        22.714398243770745,
        21.36022511030126,
        24.02273448664154,
        22.261488873459093,
        21.220900532532106,
        20.882379067287935,
        18.86049327681732,
        19.032705978123822,
        18.599699609144267,
        19.895722782347153,
        18.453838031224382,
        15.817236923821536,
        15.254013442412543,
        16.03594800300428
    ],
    "electricity_cost": [
        0.2068,
        0.2068,
        0.2068,
        0.2068,
        0.2068,
        0.2068,
        0.2068,
        0.2068,
        0.2068,
        0.2068,
        0.2068,
        0.2068,
        0.2068,
        0.2068,
        0.2516,
        0.2516,
        0.2516,
        0.2516,
        0.2516,
        0.2516,
        0.2516,
        0.2516,
        0.2516,
        0.2516,
        0.2516,
        0.2516,
        0.2516,
        0.2516,
        0.2516,
        0.2516,
        0.2516,
        0.2516,
        0.2516,
        0.2516,
        0.2516,
        0.2516,
        0.2516,
        0.2516,
        0.2516,
        0.2516,
        0.2516,
        0.2516,
        0.2516,
        0.2516,
        0.2516,
        0.2516,
        0.2068,
        0.2068
    ]
}