{
    "name": "tcl147",
    "input_path": "tcl/input/tcl147",
    "output_path": "tcl/output/tcl147",
    "working_dir": "tcl/input/tcl147",
    "initial_temperature": 18.705767597299115,
    "coefDeltaTemp": 0.05625,
    "coefConso": 1.0,
    "puissanceMin": 0,
    "puissanceMax": 4,
    "temperature_max": 20.30359572955846,
    "temperature_min": 15.585956189510515,
    "chroniqueTempExt": [
        4.852621078058851,
        4.497212910577027,
        3.355468092060676,
        5.038418640987349,
        4.7564833833996945,
        3.9035011151932806,
        4.211352850789624,
        3.4921579978699575,
        5.619932932165204,
        5.7475165883883506,
        3.2801467570514804,
        2.485434908285469,
        2.104431674280683,
        4.124491329570755,
        5.780088944133645,
        4.738619300899036,
        7.1723207591881,
        6.153958664855181,
        5.62770158308665,
        6.741234357844909,
        7.42201565901764,
        7.2095452585488715,
        7.77102453961919,
        8.259192802937093,
        9.54785489645528,
        9.562963937961873,
        8.167594444711584,
        8.72942241324743,
        10.379244379543396,
        8.70887234081669,
        8.741342688774774,
        9.903382218421267,
        8.587404601033812,
        11.429410114253265,
        7.313617075851445,
        9.085327810439367,
        10.388735293375078,
        8.991334072500601,
        8.854559748970432,
        7.499443526585494,
        7.835635526192963,
        5.793739386453557,
        6.304036583986413,
        5.746972049816079,
        5.3221710113968825,
        3.939402989217878,
        4.550794173145,
        3.5636772513456094
    ],
    "electricity_cost": [
        0.2068,
        0.2068,
        0.2068,
        0.2068,
        0.2068,
        0.2068,
        0.2068,
        0.2068,
        0.2068,
        0.2068,
        0.2068,
        0.2068,
        0.2068,
        0.2068,
        0.2516,
        0.2516,
        0.2516,
        0.2516,
        0.2516,
        0.2516,
        0.2516,
        0.2516,
        0.2516,
        0.2516,
        0.2516,
        0.2516,
        0.2516,
        0.2516,
        0.2516,
        0.2516,
        0.2516,
        0.2516,
        0.2516,
        0.2516,
        0.2516,
        0.2516,
        0.2516,
        0.2516,
        0.2516,
        0.2516,
        0.2516,
        0.2516,
        0.2516,
        0.2516,
        0.2516,
        0.2516,
        0.2068,
        0.2068
    ]
}