{
    "name": "tcl216",
    "input_path": "tcl/input/tcl216",
    "output_path": "tcl/output/tcl216",
    "working_dir": "tcl/input/tcl216",
    "initial_temperature": 19.03334243463495,
    "coefDeltaTemp": 0.05625,
    "coefConso": 1.0,
    "puissanceMin": 0,
    "puissanceMax": 4,
    "temperature_max": 21.05576898915962,
    "temperature_min": 15.665505376038713,
    "chroniqueTempExt": [
        4.304885399396354,
        3.1926908887705174,
        1.0619693290876269,
        2.93953946227676,
        0.46177416359032497,
        2.6812777804742733,
        3.9347416371180546,
        1.9969123427846551,
        3.192400300468279,
        2.4076687401537615,
        4.6214893837411655,
        1.358365338890006,
        2.7531467504273555,
        5.810843887571366,
        4.055725140152559,
        5.529321715187594,
        4.919913299480516,
        6.355454706658522,
        6.355528279143166,
        10.069180328897836,
        6.837734476287071,
        8.193628557365756,
        8.202262988894619,
        11.110169275862434,
        8.1962811689527,
        8.883334204023653,
        8.708690163215845,
        7.80365487836081,
        9.685888275969377,
        8.133908764292563,
        9.537900885154501,
        8.83000257827239,
        9.606869639968297,
        8.038804990410197,
        9.321697590245378,
        9.183428685216395,
        8.695989441047727,
        10.483256841998198,
        7.127838974215038,
        6.73966201395676,
        5.853980655341717,
        5.671942523395817,
        5.756074053488993,
        5.989017007134597,
        4.508449892787743,
        3.2383170292823404,
        3.3566489799085444,
        3.203012822298507
    ],
    "electricity_cost": [
        0.2068,
        0.2068,
        0.2068,
        0.2068,
        0.2068,
        0.2068,
        0.2068,
        0.2068,
        0.2068,
        0.2068,
        0.2068,
        0.2068,
        0.2068,
        0.2068,
        0.2516,
        0.2516,
        0.2516,
        0.2516,
        0.2516,
        0.2516,
        0.2516,
        0.2516,
        0.2516,
        0.2516,
        0.2516,
        0.2516,
        0.2516,
        0.2516,
        0.2516,
        0.2516,
        0.2516,
        0.2516,
        0.2516,
        0.2516,
        0.2516,
        0.2516,
        0.2516,
        0.2516,
        0.2516,
        0.2516,
        0.2516,
        0.2516,
        0.2516,
        0.2516,
        0.2516,
        0.2516,
        0.2068,
        0.2068
    ]
}