{
    "name": "tcl88",
    "input_path": "tcl/input/tcl88",
    "output_path": "tcl/output/tcl88",
    "working_dir": "tcl/input/tcl88",
    "initial_temperature": 17.595510143656156,
    "coefDeltaTemp": 0.05625,
    "coefConso": 1.0,
    "puissanceMin": 0,
    "puissanceMax": 4,
    "temperature_max": 21.37609816055654,
    "temperature_min": 15.53756549900903,
    "chroniqueTempExt": [
        -1.3987598430611345,
        -1.6651756134677933,
        1.2239300983633308,
        -0.7479625141171397,
        0.9253045897379436,
        0.15175643749006862,
        -0.5077015384666298,
        -1.1427499582687932,
        -0.36312115810015627,
        -2.394089549311439,
        -0.2433505563657615,
        -0.7418608431870776,
        0.05458849119421142,
        -0.44635177678649923,
        2.597456924623012,
        1.8261887477838314,
        0.39630773130514885,
        1.6135181647975372,
        2.232429150415435,
        3.449415108145016,
        2.629406553555941,
        3.8094849672655435,
        4.98379242134283,
        6.890133835115662,
        5.5391137350947615,
        5.250331052025559,
        4.022506463516338,
        4.827654426452446,
        4.670704081415382,
        5.144492103605676,
        4.484508893641621,
        5.363023631676303,
        5.9911206821910215,
        5.902402568801056,
        4.99681953548175,
        4.853976767398692,
        4.343820740420035,
        5.902572608994126,
        5.966092980871355,
        5.384186291940036,
        5.3638968982140725,
        2.1510698649606845,
        2.5139651463582684,
        1.4450736350056894,
        1.7675415696053656,
        -1.2793422247626611,
        0.21600242844277004,
        -1.8353823796220046
    ],
    "electricity_cost": [
        0.2068,
        0.2068,
        0.2068,
        0.2068,
        0.2068,
        0.2068,
        0.2068,
        0.2068,
        0.2068,
        0.2068,
        0.2068,
        0.2068,
        0.2068,
        0.2068,
        0.2516,
        0.2516,
        0.2516,
        0.2516,
        0.2516,
        0.2516,
        0.2516,
        0.2516,
        0.2516,
        0.2516,
        0.2516,
        0.2516,
        0.2516,
        0.2516,
        0.2516,
        0.2516,
        0.2516,
        0.2516,
        0.2516,
        0.2516,
        0.2516,
        0.2516,
        0.2516,
        0.2516,
        0.2516,
        0.2516,
        0.2516,
        0.2516,
        0.2516,
        0.2516,
        0.2516,
        0.2516,
        0.2068,
        0.2068
    ]
}