{
    "load": [
        0.0,
        0.0,
        0.1421463643603431,
        0.8478358169346502,
        0.9021421574254501,
        0.8493333567054501,
        0.8584828894902501,
        0.9544799717428901,
        0.9415573899151701,
        0.8078634704682501,
        0.9206354609750501,
        0.8364537634760502,
        2.1406816398957957,
        4.0,
        0.0,
        0.0,
        0.0,
        0.0,
        0.0,
        0.7325742858322501,
        0.8142104384066501,
        0.6174977508842501,
        0.6625223625602501,
        0.6513660314062502,
        0.6403422793862501,
        0.6302096746582502,
        0.5776615848122502,
        0.6936348795422501,
        0.6885526247702501,
        0.6038935162322501,
        0.5370683664362501,
        0.6484223153922501,
        0.5882669781682501,
        0.6180242895102501,
        0.5471967953302501,
        0.6258435594762501,
        4.0,
        0.0,
        0.0,
        0.0,
        4.0,
        3.8507302413092646,
        0.0,
        0.0,
        0.0,
        0.0,
        0.0,
        0.0
    ],
    "cost": -86.17138424642177
}