{
    "load": [
        0.0,
        0.0,
        0.1421463643603431,
        0.8478358169346478,
        0.9021421574254518,
        0.8493333567054506,
        0.8584828894902472,
        0.9544799717428916,
        0.9415573899151681,
        0.8078634704682486,
        0.9206354609750491,
        0.8364537634760509,
        2.1406816398957744,
        4.0,
        0.0,
        0.0,
        0.0,
        0.0,
        0.0,
        0.7325742858322499,
        0.8142104384066471,
        0.6174977508842474,
        0.662522362560253,
        0.6513660314062477,
        0.6403422793862532,
        0.6302096746582535,
        0.5776615848122475,
        0.6936348795422518,
        0.6885526247702529,
        0.6038935162322474,
        0.5370683664362517,
        0.6484223153922528,
        0.5882669781682495,
        0.6180242895102523,
        0.547196795330251,
        0.6258435594762517,
        4.0,
        0.0,
        0.0,
        0.0,
        4.0,
        3.8507302413092646,
        0.0,
        0.0,
        0.0,
        0.0,
        0.0,
        0.0
    ],
    "cost": -86.17125914416252
}