{
    "name": "tcl148",
    "input_path": "tcl/input/tcl148",
    "output_path": "tcl/output/tcl148",
    "working_dir": "tcl/input/tcl148",
    "initial_temperature": 18.681899253839383,
    "coefDeltaTemp": 0.05625,
    "coefConso": 1.0,
    "puissanceMin": 0,
    "puissanceMax": 4,
    "temperature_max": 21.817842501148036,
    "temperature_min": 16.43032822695971,
    "chroniqueTempExt": [
        1.8558791876905254,
        1.8703742999175728,
        0.5782325406386707,
        -0.5776203181546236,
        0.434739009148975,
        0.8186573802289243,
        0.04730349893441976,
        1.573771643438648,
        1.6330675845715041,
        2.156402323178672,
        2.6847419443001073,
        2.2855918131819823,
        1.4562059330035717,
        2.7165456660817657,
        1.0953765429718518,
        0.5393308578971319,
        2.141308569599536,
        2.609340377074408,
        4.2108960605462205,
        3.956355400830785,
        4.850990847062983,
        3.8203142545069104,
        5.427332027234441,
        6.113536658259076,
        4.9872113309362875,
        6.375192771181047,
        6.465598854753602,
        6.358435617437321,
        5.284709203965818,
        6.221344319534109,
        4.55100054631829,
        5.95760100434964,
        7.518036752891177,
        7.790941430850283,
        7.256284731060317,
        6.007801148422355,
        6.8441361394929014,
        4.958672516825273,
        5.972524640689754,
        6.427300450867788,
        1.1752396594086902,
        2.8383490717535222,
        4.7663295369046565,
        3.330661581074642,
        1.046640478787521,
        -0.10126095887318431,
        0.11675682675656907,
        1.64566047108638
    ],
    "electricity_cost": [
        0.2068,
        0.2068,
        0.2068,
        0.2068,
        0.2068,
        0.2068,
        0.2068,
        0.2068,
        0.2068,
        0.2068,
        0.2068,
        0.2068,
        0.2068,
        0.2068,
        0.2516,
        0.2516,
        0.2516,
        0.2516,
        0.2516,
        0.2516,
        0.2516,
        0.2516,
        0.2516,
        0.2516,
        0.2516,
        0.2516,
        0.2516,
        0.2516,
        0.2516,
        0.2516,
        0.2516,
        0.2516,
        0.2516,
        0.2516,
        0.2516,
        0.2516,
        0.2516,
        0.2516,
        0.2516,
        0.2516,
        0.2516,
        0.2516,
        0.2516,
        0.2516,
        0.2516,
        0.2516,
        0.2068,
        0.2068
    ]
}