{
    "load": [
        0.0,
        0.0,
        0.0,
        0.25200772448102526,
        0.8622744188541978,
        0.8464340802679977,
        0.7834508641095977,
        0.8032408014741977,
        0.8109343003291978,
        0.8719094596993977,
        0.8949203172929777,
        0.8745120794567978,
        1.924896902285063,
        4.0,
        0.0,
        0.0,
        0.0,
        0.0,
        0.0,
        0.7615251359281978,
        0.5953684815649978,
        0.7363435615157978,
        0.5587897129929977,
        0.6452647155749978,
        0.5861256317469978,
        0.5865323359229977,
        0.5423460196869978,
        0.6079905327309978,
        0.6056654223709977,
        0.4917103897789978,
        0.5864616817669978,
        0.5867403965509977,
        0.7068133113809978,
        0.5146026704969977,
        0.6069170719109978,
        0.6516967769629978,
        4.0,
        3.4062707731779938,
        0.0,
        0.0,
        4.0,
        4.0,
        0.0,
        0.0,
        0.0,
        0.0,
        0.0,
        0.0
    ],
    "cost": -111.21741343309435
}