{
    "load": [
        0.0,
        0.0,
        0.0,
        0.25200772448102526,
        0.8622744188541986,
        0.846434080267997,
        0.7834508641095965,
        0.8032408014741961,
        0.8109343003291976,
        0.871909459699399,
        0.8949203172929785,
        0.874512079456796,
        1.9248969022850773,
        4.0,
        0.0,
        0.0,
        0.0,
        0.0,
        0.0,
        0.7615251359281991,
        0.5953684815649964,
        0.7363435615157989,
        0.5587897129929971,
        0.6452647155749993,
        0.5861256317469987,
        0.5865323359229961,
        0.5423460196869989,
        0.607990532730998,
        0.605665422370997,
        0.49171038977899784,
        0.5864616817669983,
        0.5867403965509972,
        0.7068133113809978,
        0.5146026704969984,
        0.6069170719109991,
        0.6516967769629964,
        4.0,
        3.4062707731779724,
        0.0,
        0.0,
        4.0,
        4.0,
        0.0,
        0.0,
        0.0,
        0.0,
        0.0,
        0.0
    ],
    "cost": -111.21732432309688
}