{
    "name": "tcl83",
    "input_path": "tcl/input/tcl83",
    "output_path": "tcl/output/tcl83",
    "working_dir": "tcl/input/tcl83",
    "initial_temperature": 18.97418437468628,
    "coefDeltaTemp": 0.05625,
    "coefConso": 1.0,
    "puissanceMin": 0,
    "puissanceMax": 4,
    "temperature_max": 21.241324562748897,
    "temperature_min": 15.51256402930953,
    "chroniqueTempExt": [
        4.984234610895758,
        4.169326261897805,
        5.415797924596145,
        4.505540379607954,
        5.1581076173902005,
        3.685612810513667,
        3.444957794690202,
        2.771182220961296,
        5.022137967760789,
        4.020030039236542,
        3.5042751512796775,
        5.421847774303776,
        4.78418673968673,
        4.240572234962717,
        4.800982866106311,
        5.943314578917273,
        5.10460054963824,
        6.095763572200782,
        7.955521691437605,
        7.677640639707966,
        6.749397070321986,
        9.167991004219132,
        8.606944016321108,
        10.336147899745733,
        7.150730717857591,
        8.680262687566323,
        8.756354049678865,
        9.630747319250013,
        10.422508994696551,
        9.309774568377346,
        8.61654299197051,
        9.929119776907127,
        8.374456039064825,
        9.709112138421919,
        9.399447411814025,
        8.381738434284438,
        8.519851752507773,
        7.809278730441405,
        7.217707137590349,
        7.209183400296943,
        8.632179885213624,
        6.624892737341002,
        4.47108574283529,
        6.866377167991843,
        3.986560207780188,
        3.5459169693939705,
        4.626815773704888,
        3.0425381970431964
    ],
    "electricity_cost": [
        0.2068,
        0.2068,
        0.2068,
        0.2068,
        0.2068,
        0.2068,
        0.2068,
        0.2068,
        0.2068,
        0.2068,
        0.2068,
        0.2068,
        0.2068,
        0.2068,
        0.2516,
        0.2516,
        0.2516,
        0.2516,
        0.2516,
        0.2516,
        0.2516,
        0.2516,
        0.2516,
        0.2516,
        0.2516,
        0.2516,
        0.2516,
        0.2516,
        0.2516,
        0.2516,
        0.2516,
        0.2516,
        0.2516,
        0.2516,
        0.2516,
        0.2516,
        0.2516,
        0.2516,
        0.2516,
        0.2516,
        0.2516,
        0.2516,
        0.2516,
        0.2516,
        0.2516,
        0.2516,
        0.2068,
        0.2068
    ]
}