{
    "name": "tcl247",
    "input_path": "tcl/input/tcl247",
    "output_path": "tcl/output/tcl247",
    "working_dir": "tcl/input/tcl247",
    "initial_temperature": 19.26305947516692,
    "coefDeltaTemp": 0.05625,
    "coefConso": 1.0,
    "puissanceMin": 0,
    "puissanceMax": 4,
    "temperature_max": 21.94604165073102,
    "temperature_min": 16.505596818222003,
    "chroniqueTempExt": [
        15.74957498228699,
        16.15049499061173,
        14.772433573530304,
        16.228767898835837,
        15.733790496489247,
        14.829351014123148,
        12.24449860250482,
        15.30818898865998,
        14.142823932397299,
        15.727090552076017,
        13.138257473387961,
        15.71426443822869,
        16.026841100269635,
        16.474353813416666,
        16.89014570959293,
        17.696683862866518,
        19.317617654851794,
        19.05074260835912,
        18.853911912403667,
        19.81668872949693,
        19.863152011641883,
        21.97158559901158,
        20.13678444614963,
        21.157251119679774,
        22.682888980676,
        21.267464026187017,
        20.981571685514165,
        24.01292103125054,
        21.22140139178197,
        23.167099592101838,
        21.59331952926886,
        20.523984167820355,
        22.965172300258164,
        23.444010184306805,
        22.47704118235502,
        23.77316311464385,
        22.463699976144987,
        20.72678306140568,
        20.62162045052275,
        20.90623248625088,
        20.155033201481036,
        18.293835367705093,
        19.23511504995558,
        16.203894963057024,
        16.526237846227424,
        15.31719571930569,
        16.332176554438952,
        15.091951718214496
    ],
    "electricity_cost": [
        0.2068,
        0.2068,
        0.2068,
        0.2068,
        0.2068,
        0.2068,
        0.2068,
        0.2068,
        0.2068,
        0.2068,
        0.2068,
        0.2068,
        0.2068,
        0.2068,
        0.2516,
        0.2516,
        0.2516,
        0.2516,
        0.2516,
        0.2516,
        0.2516,
        0.2516,
        0.2516,
        0.2516,
        0.2516,
        0.2516,
        0.2516,
        0.2516,
        0.2516,
        0.2516,
        0.2516,
        0.2516,
        0.2516,
        0.2516,
        0.2516,
        0.2516,
        0.2516,
        0.2516,
        0.2516,
        0.2516,
        0.2516,
        0.2516,
        0.2516,
        0.2516,
        0.2516,
        0.2516,
        0.2068,
        0.2068
    ]
}