{
    "name": "tcl119",
    "input_path": "tcl/input/tcl119",
    "output_path": "tcl/output/tcl119",
    "working_dir": "tcl/input/tcl119",
    "initial_temperature": 17.969596531418464,
    "coefDeltaTemp": 0.05625,
    "coefConso": 1.0,
    "puissanceMin": 0,
    "puissanceMax": 4,
    "temperature_max": 20.06920741201113,
    "temperature_min": 15.46304926739867,
    "chroniqueTempExt": [
        7.795524503455709,
        7.641736925614799,
        6.844861470464464,
        9.451192759095054,
        7.509301375194727,
        6.780004188373294,
        6.857255265842692,
        6.607656681261858,
        8.703762459116193,
        9.844297677702638,
        8.407249747320044,
        9.698645090981993,
        7.872028602219778,
        8.393271100243906,
        7.26553473267123,
        10.398864857895848,
        10.888454347729768,
        10.101266629704222,
        11.257031005691571,
        13.068296901957652,
        11.15824086042236,
        14.300683012293744,
        13.413992610811258,
        15.405265111093742,
        13.401638627094517,
        13.331205494236164,
        12.981524910274212,
        13.678557742480452,
        13.66891104586306,
        13.99257732303505,
        14.263943501793017,
        13.856572133955284,
        14.86357969514841,
        13.564335150231166,
        12.576416521607435,
        13.025446229336792,
        14.754059048408973,
        12.509163181923244,
        14.707891489979398,
        12.237980622529845,
        10.94253063289227,
        12.20559487109853,
        11.073891681735837,
        8.213397682997732,
        9.156271236799943,
        9.260673068900948,
        10.147152567082912,
        6.235171479268192
    ],
    "electricity_cost": [
        0.2068,
        0.2068,
        0.2068,
        0.2068,
        0.2068,
        0.2068,
        0.2068,
        0.2068,
        0.2068,
        0.2068,
        0.2068,
        0.2068,
        0.2068,
        0.2068,
        0.2516,
        0.2516,
        0.2516,
        0.2516,
        0.2516,
        0.2516,
        0.2516,
        0.2516,
        0.2516,
        0.2516,
        0.2516,
        0.2516,
        0.2516,
        0.2516,
        0.2516,
        0.2516,
        0.2516,
        0.2516,
        0.2516,
        0.2516,
        0.2516,
        0.2516,
        0.2516,
        0.2516,
        0.2516,
        0.2516,
        0.2516,
        0.2516,
        0.2516,
        0.2516,
        0.2516,
        0.2516,
        0.2068,
        0.2068
    ]
}