{
    "name": "tcl213",
    "input_path": "tcl/input/tcl213",
    "output_path": "tcl/output/tcl213",
    "working_dir": "tcl/input/tcl213",
    "initial_temperature": 17.952427991551016,
    "coefDeltaTemp": 0.05625,
    "coefConso": 1.0,
    "puissanceMin": 0,
    "puissanceMax": 4,
    "temperature_max": 20.566237667709096,
    "temperature_min": 16.39534082118081,
    "chroniqueTempExt": [
        3.283778436054819,
        4.698321942950867,
        4.999808840496018,
        3.595846712299449,
        3.21127806147027,
        2.615289645944766,
        5.401131734683467,
        3.3150830362272776,
        3.300108231086818,
        2.760638789242053,
        4.0904905196946695,
        5.109749322667001,
        2.9478349269489224,
        6.3282948256116445,
        5.155736784826781,
        4.9417624687087125,
        5.384167062585864,
        7.289604986447336,
        5.706983035916355,
        8.614701124750523,
        9.401843331770028,
        7.948102953348948,
        8.272909262348815,
        7.367999983323431,
        8.98889691610509,
        8.216649554916742,
        9.276234505998131,
        9.583497844690767,
        9.382969397896531,
        8.629121723416189,
        8.48127608459624,
        8.924651703344846,
        7.976010434472829,
        9.34639261485128,
        6.358598567878257,
        8.086129004894495,
        7.819554610622021,
        8.509331085790198,
        8.010608979606978,
        8.673934370611846,
        5.4808249106862785,
        7.918631380183177,
        5.48341557459105,
        7.790161639706644,
        5.109498295799576,
        4.882857857521653,
        4.3882637178434205,
        5.549983233767231
    ],
    "electricity_cost": [
        0.2068,
        0.2068,
        0.2068,
        0.2068,
        0.2068,
        0.2068,
        0.2068,
        0.2068,
        0.2068,
        0.2068,
        0.2068,
        0.2068,
        0.2068,
        0.2068,
        0.2516,
        0.2516,
        0.2516,
        0.2516,
        0.2516,
        0.2516,
        0.2516,
        0.2516,
        0.2516,
        0.2516,
        0.2516,
        0.2516,
        0.2516,
        0.2516,
        0.2516,
        0.2516,
        0.2516,
        0.2516,
        0.2516,
        0.2516,
        0.2516,
        0.2516,
        0.2516,
        0.2516,
        0.2516,
        0.2516,
        0.2516,
        0.2516,
        0.2516,
        0.2516,
        0.2516,
        0.2516,
        0.2068,
        0.2068
    ]
}