{
    "load": [
        0.0,
        0.0,
        0.0,
        0.0,
        0.0,
        0.0,
        0.00033321346214165715,
        0.45775125686237317,
        0.3326343720703733,
        0.3933717529223699,
        0.4332521088843748,
        0.4512287080703743,
        0.41312621759637125,
        2.462218897064112,
        0.0,
        0.0,
        0.0,
        0.0,
        0.0,
        0.0,
        0.1373127762763744,
        0.1198961253623736,
        0.02709040935636864,
        0.08072164077437094,
        0.0959530673123723,
        0.0,
        0.05529213481619166,
        0.10363721865237352,
        0.0,
        0.0,
        0.08492731509453222,
        0.04039457639036925,
        0.09445273875036975,
        0.08116360387037247,
        0.021705017210372546,
        0.06988341121437003,
        4.0,
        0.0,
        0.0,
        0.0,
        4.0,
        1.8552928533566373,
        0.0,
        0.0,
        0.0,
        0.0,
        0.0,
        0.0
    ],
    "cost": -72.81608565124941
}