{
    "load": [
        0.0,
        0.0,
        0.0,
        0.0,
        0.0,
        0.0,
        0.00033321346214165715,
        0.45775125686237167,
        0.3326343720703716,
        0.3933717529223717,
        0.4332521088843716,
        0.45122870807037163,
        0.4131262175963717,
        2.4622188970640977,
        0.0,
        0.0,
        0.0,
        0.0,
        0.0,
        0.0,
        0.13731277627637162,
        0.1198961253623716,
        0.027090409356371636,
        0.0807216407743716,
        0.09595306731237163,
        0.0,
        0.05529213481619166,
        0.10363721865237163,
        0.0,
        0.0,
        0.08492731509453222,
        0.040394576390371695,
        0.09445273875037163,
        0.08116360387037169,
        0.021705017210371658,
        0.0698834112143717,
        4.0,
        0.0,
        0.0,
        0.0,
        4.0,
        1.8552928533566373,
        0.0,
        0.0,
        0.0,
        0.0,
        0.0,
        0.0
    ],
    "cost": -72.81616885908643
}