{
    "name": "tcl241",
    "input_path": "tcl/input/tcl241",
    "output_path": "tcl/output/tcl241",
    "working_dir": "tcl/input/tcl241",
    "initial_temperature": 19.045008834189193,
    "coefDeltaTemp": 0.05625,
    "coefConso": 1.0,
    "puissanceMin": 0,
    "puissanceMax": 4,
    "temperature_max": 20.909332636943862,
    "temperature_min": 16.94722107273011,
    "chroniqueTempExt": [
        3.94518131711144,
        2.7489982417099643,
        2.581934090702702,
        3.1279456083460366,
        2.3318763082532494,
        1.6214910895262427,
        2.1915302886150902,
        3.585061256954306,
        3.3187423284722497,
        1.9102898435566142,
        2.2083378890336327,
        2.7832292651207737,
        3.4925667771341566,
        2.9640115100180617,
        4.369362210340463,
        5.166733475561837,
        4.025514305689937,
        4.658640492860875,
        6.134096616195955,
        7.908831389184505,
        6.5915237138543485,
        6.198709547851705,
        10.438897152689567,
        9.41204825491443,
        8.016346110944099,
        9.748606978746597,
        7.762000805140111,
        8.407934655053106,
        10.58982352967571,
        8.106399864657956,
        7.757672569264707,
        8.341526887455927,
        9.829380345311206,
        8.059989996075014,
        9.700349280278958,
        9.423815570950342,
        9.709778556760757,
        8.189425683560666,
        7.010898960641752,
        5.003893739750251,
        9.077063650907789,
        7.052425051641185,
        5.1813925736513236,
        6.7838767698098135,
        4.220539660745028,
        5.024423871133517,
        4.1859763766322295,
        2.7314363715159296
    ],
    "electricity_cost": [
        0.2068,
        0.2068,
        0.2068,
        0.2068,
        0.2068,
        0.2068,
        0.2068,
        0.2068,
        0.2068,
        0.2068,
        0.2068,
        0.2068,
        0.2068,
        0.2068,
        0.2516,
        0.2516,
        0.2516,
        0.2516,
        0.2516,
        0.2516,
        0.2516,
        0.2516,
        0.2516,
        0.2516,
        0.2516,
        0.2516,
        0.2516,
        0.2516,
        0.2516,
        0.2516,
        0.2516,
        0.2516,
        0.2516,
        0.2516,
        0.2516,
        0.2516,
        0.2516,
        0.2516,
        0.2516,
        0.2516,
        0.2516,
        0.2516,
        0.2516,
        0.2516,
        0.2516,
        0.2516,
        0.2068,
        0.2068
    ]
}