{
    "name": "tcl20",
    "input_path": "tcl/input/tcl20",
    "output_path": "tcl/output/tcl20",
    "working_dir": "tcl/input/tcl20",
    "initial_temperature": 18.028418265767577,
    "coefDeltaTemp": 0.05625,
    "coefConso": 1,
    "puissanceMin": 0,
    "puissanceMax": 4,
    "temperature_max": 21.14644487804229,
    "temperature_min": 15.719665121626731,
    "chroniqueTempExt": [
        11.45033538979172,
        13.060411388175355,
        12.492016871966971,
        13.110224888591418,
        11.904522092937878,
        12.531391107981168,
        12.182746719230002,
        11.808860955204675,
        12.267670163789788,
        12.926410972200207,
        12.955635843196701,
        14.160762228204854,
        11.36265297471133,
        12.858008600792212,
        13.681576604952213,
        15.039240181998752,
        15.619906313789482,
        16.51685107587944,
        16.955205891164017,
        16.00039368867642,
        17.548121403516706,
        17.8978195491707,
        18.168824769802963,
        18.691346673013733,
        19.531370576747367,
        17.619688355557948,
        17.198424914878434,
        18.505025858686473,
        19.613969621094416,
        18.118008462368316,
        19.62798192278918,
        17.045381039513448,
        17.21288739916935,
        17.954807176740033,
        19.2890073102125,
        20.370051674093187,
        19.403930100624198,
        19.0322369770722,
        19.761714057053805,
        17.51201675136337,
        15.99864114349014,
        16.835574861780547,
        15.735075309121822,
        15.388660806376905,
        15.986368952061369,
        13.922423775097467,
        13.666557428686078,
        12.176293995204148
    ],
    "electricity_cost": [
        0.2068,
        0.2068,
        0.2068,
        0.2068,
        0.2068,
        0.2068,
        0.2068,
        0.2068,
        0.2068,
        0.2068,
        0.2068,
        0.2068,
        0.2068,
        0.2068,
        0.2516,
        0.2516,
        0.2516,
        0.2516,
        0.2516,
        0.2516,
        0.2516,
        0.2516,
        0.2516,
        0.2516,
        0.2516,
        0.2516,
        0.2516,
        0.2516,
        0.2516,
        0.2516,
        0.2516,
        0.2516,
        0.2516,
        0.2516,
        0.2516,
        0.2516,
        0.2516,
        0.2516,
        0.2516,
        0.2516,
        0.2516,
        0.2516,
        0.2516,
        0.2516,
        0.2516,
        0.2516,
        0.2068,
        0.2068
    ]
}