{
    "name": "tcl236",
    "input_path": "tcl/input/tcl236",
    "output_path": "tcl/output/tcl236",
    "working_dir": "tcl/input/tcl236",
    "initial_temperature": 19.170386412623326,
    "coefDeltaTemp": 0.05625,
    "coefConso": 1.0,
    "puissanceMin": 0,
    "puissanceMax": 4,
    "temperature_max": 21.107519219753254,
    "temperature_min": 15.038838660404075,
    "chroniqueTempExt": [
        9.272844021266096,
        9.218545446285512,
        8.719786200985334,
        9.352252431966788,
        8.649308046673264,
        9.680508034235833,
        10.53658116777319,
        10.737433176466622,
        11.267298928322523,
        9.238327661872738,
        9.361593185636481,
        9.349542640558132,
        9.208201107866556,
        11.105019314673322,
        10.480721234507435,
        11.770531814521371,
        12.475574438472407,
        13.10352320802132,
        13.40129527371081,
        12.903855252168556,
        12.38655520569035,
        14.31440114265326,
        16.184703542680143,
        15.646437747480439,
        17.389394988029604,
        15.002049056896,
        15.012603050208178,
        15.634949860919054,
        16.075712232578272,
        14.454836109426175,
        15.714839467803447,
        17.01568413946259,
        14.46300304489954,
        16.87561085382139,
        16.65387232942276,
        16.504233594564425,
        16.230706495074475,
        14.956072036493376,
        16.132985605380807,
        14.912797277692095,
        13.134685258355114,
        13.03364948896034,
        14.409165649121366,
        11.12816895615459,
        11.856858935149296,
        11.695269273969059,
        11.615225844748144,
        9.786340848839954
    ],
    "electricity_cost": [
        0.2068,
        0.2068,
        0.2068,
        0.2068,
        0.2068,
        0.2068,
        0.2068,
        0.2068,
        0.2068,
        0.2068,
        0.2068,
        0.2068,
        0.2068,
        0.2068,
        0.2516,
        0.2516,
        0.2516,
        0.2516,
        0.2516,
        0.2516,
        0.2516,
        0.2516,
        0.2516,
        0.2516,
        0.2516,
        0.2516,
        0.2516,
        0.2516,
        0.2516,
        0.2516,
        0.2516,
        0.2516,
        0.2516,
        0.2516,
        0.2516,
        0.2516,
        0.2516,
        0.2516,
        0.2516,
        0.2516,
        0.2516,
        0.2516,
        0.2516,
        0.2516,
        0.2516,
        0.2516,
        0.2068,
        0.2068
    ]
}