{
    "name": "tcl42",
    "input_path": "tcl/input/tcl42",
    "output_path": "tcl/output/tcl42",
    "working_dir": "tcl/input/tcl42",
    "initial_temperature": 17.73537371153855,
    "coefDeltaTemp": 0.05625,
    "coefConso": 1.0,
    "puissanceMin": 0,
    "puissanceMax": 4,
    "temperature_max": 20.183284986521155,
    "temperature_min": 15.937548866379199,
    "chroniqueTempExt": [
        14.140005891841081,
        15.195807182270766,
        15.33103300664798,
        15.17106876397934,
        15.265350915374501,
        17.26251104467575,
        14.34687848603558,
        14.207263422895934,
        15.688769758213638,
        14.724616756326391,
        13.24968519302855,
        13.600529137742084,
        14.644252527888133,
        15.291469181020297,
        16.021214015418188,
        17.40976194743691,
        18.201436100122613,
        19.226754965008986,
        18.048775330080577,
        17.884931573011066,
        22.458458499213812,
        22.219711992201802,
        21.044786829865462,
        22.160843930720933,
        21.74693075215485,
        23.303560770239013,
        22.317886253623513,
        23.150074819715808,
        21.612508410303555,
        21.663937446802574,
        20.853443124435888,
        19.284865588667824,
        22.339141249424586,
        21.6382766495298,
        21.64387820371136,
        20.4411405593786,
        21.395103973824487,
        21.593937814726047,
        19.992856869503697,
        21.832105258335297,
        18.201751809016187,
        17.843927376286278,
        20.070271066827612,
        17.309868998811687,
        16.6377610597519,
        16.94122384272635,
        15.666500870458423,
        15.619280228116358
    ],
    "electricity_cost": [
        0.2068,
        0.2068,
        0.2068,
        0.2068,
        0.2068,
        0.2068,
        0.2068,
        0.2068,
        0.2068,
        0.2068,
        0.2068,
        0.2068,
        0.2068,
        0.2068,
        0.2516,
        0.2516,
        0.2516,
        0.2516,
        0.2516,
        0.2516,
        0.2516,
        0.2516,
        0.2516,
        0.2516,
        0.2516,
        0.2516,
        0.2516,
        0.2516,
        0.2516,
        0.2516,
        0.2516,
        0.2516,
        0.2516,
        0.2516,
        0.2516,
        0.2516,
        0.2516,
        0.2516,
        0.2516,
        0.2516,
        0.2516,
        0.2516,
        0.2516,
        0.2516,
        0.2516,
        0.2516,
        0.2068,
        0.2068
    ]
}