{
    "name": "tcl122",
    "input_path": "tcl/input/tcl122",
    "output_path": "tcl/output/tcl122",
    "working_dir": "tcl/input/tcl122",
    "initial_temperature": 17.70179938496462,
    "coefDeltaTemp": 0.05625,
    "coefConso": 1.0,
    "puissanceMin": 0,
    "puissanceMax": 4,
    "temperature_max": 21.810721551740986,
    "temperature_min": 16.69025346439193,
    "chroniqueTempExt": [
        9.668427965505975,
        7.932026993955136,
        7.921335597681374,
        9.551686689638622,
        8.124474858764284,
        9.34247303413704,
        9.130023798302657,
        7.32959379564879,
        9.095090080609538,
        10.038425729094321,
        7.78244511734542,
        7.94395934708033,
        7.378143994153671,
        8.972552838388816,
        10.042323937773151,
        9.081364070697699,
        8.841717854543898,
        11.475161568773022,
        11.46102709612838,
        11.267780902928585,
        12.0517674029521,
        12.54286183970443,
        12.221455503450404,
        13.730912145160604,
        14.40703671533787,
        15.02113944723542,
        14.719428973716667,
        14.767330026023043,
        14.863478813868396,
        14.064285755035838,
        16.939058112948228,
        13.262588354296371,
        14.245205213094186,
        12.012741985658026,
        12.05556147116589,
        13.925347451554902,
        14.402953350443331,
        13.398514200009023,
        13.778023324515068,
        12.150866082414835,
        11.605003707696111,
        9.838932189848006,
        10.13758308468385,
        8.971061261186925,
        9.89604423821356,
        9.746627454878167,
        8.229089045482331,
        7.610652032761692
    ],
    "electricity_cost": [
        0.2068,
        0.2068,
        0.2068,
        0.2068,
        0.2068,
        0.2068,
        0.2068,
        0.2068,
        0.2068,
        0.2068,
        0.2068,
        0.2068,
        0.2068,
        0.2068,
        0.2516,
        0.2516,
        0.2516,
        0.2516,
        0.2516,
        0.2516,
        0.2516,
        0.2516,
        0.2516,
        0.2516,
        0.2516,
        0.2516,
        0.2516,
        0.2516,
        0.2516,
        0.2516,
        0.2516,
        0.2516,
        0.2516,
        0.2516,
        0.2516,
        0.2516,
        0.2516,
        0.2516,
        0.2516,
        0.2516,
        0.2516,
        0.2516,
        0.2516,
        0.2516,
        0.2516,
        0.2516,
        0.2068,
        0.2068
    ]
}