{
    "name": "tcl84",
    "input_path": "tcl/input/tcl84",
    "output_path": "tcl/output/tcl84",
    "working_dir": "tcl/input/tcl84",
    "initial_temperature": 18.88552639426084,
    "coefDeltaTemp": 0.05625,
    "coefConso": 1.0,
    "puissanceMin": 0,
    "puissanceMax": 4,
    "temperature_max": 20.06815563284928,
    "temperature_min": 15.635016051720607,
    "chroniqueTempExt": [
        4.895182655512118,
        2.8834501915113333,
        3.0431294385783416,
        2.7518492992633012,
        4.786231211682138,
        4.244902662207701,
        4.229427014562945,
        3.912443922385883,
        3.341584437344726,
        3.31657371181473,
        5.303816619713336,
        3.780968973336841,
        2.9948312704369133,
        4.742682069777512,
        3.7137155965500446,
        4.947053984595243,
        6.777310741157165,
        5.700453814417957,
        7.43149928967013,
        6.527660921134047,
        7.582193070849232,
        8.626528642290213,
        8.771530553874733,
        9.895944075639067,
        8.909635791329192,
        8.869610896993079,
        8.447982701664147,
        8.814257111894262,
        9.04423376793094,
        7.596378213350647,
        10.10164271470564,
        10.450758366571385,
        10.436833419331954,
        10.012207811749732,
        9.163239802450548,
        8.43485143444771,
        8.591354863473313,
        7.688819598654975,
        8.523618883260394,
        8.154247836499732,
        8.795847562176156,
        6.527350945234562,
        7.261309892819078,
        5.286502225612382,
        6.6813824892318925,
        5.114142612447806,
        5.628419230486581,
        3.509442125359937
    ],
    "electricity_cost": [
        0.2068,
        0.2068,
        0.2068,
        0.2068,
        0.2068,
        0.2068,
        0.2068,
        0.2068,
        0.2068,
        0.2068,
        0.2068,
        0.2068,
        0.2068,
        0.2068,
        0.2516,
        0.2516,
        0.2516,
        0.2516,
        0.2516,
        0.2516,
        0.2516,
        0.2516,
        0.2516,
        0.2516,
        0.2516,
        0.2516,
        0.2516,
        0.2516,
        0.2516,
        0.2516,
        0.2516,
        0.2516,
        0.2516,
        0.2516,
        0.2516,
        0.2516,
        0.2516,
        0.2516,
        0.2516,
        0.2516,
        0.2516,
        0.2516,
        0.2516,
        0.2516,
        0.2516,
        0.2516,
        0.2068,
        0.2068
    ]
}