{
    "name": "tcl155",
    "input_path": "tcl/input/tcl155",
    "output_path": "tcl/output/tcl155",
    "working_dir": "tcl/input/tcl155",
    "initial_temperature": 17.617315810043422,
    "coefDeltaTemp": 0.05625,
    "coefConso": 1.0,
    "puissanceMin": 0,
    "puissanceMax": 4,
    "temperature_max": 21.661801537786733,
    "temperature_min": 15.033764395850728,
    "chroniqueTempExt": [
        13.165956000511656,
        13.466098958052493,
        12.168671052559256,
        12.908585220333832,
        13.198559256403568,
        13.035204029626309,
        12.180475546508687,
        13.110760755926288,
        11.286249582855767,
        11.934741610019351,
        13.03305912780425,
        13.912339303561284,
        11.576275979274568,
        14.765313156591631,
        14.35523238149377,
        15.174417943277513,
        15.244866705280678,
        16.332282860556283,
        15.971638853924187,
        17.021527470376682,
        18.48577813389092,
        18.123398540123812,
        17.046433833267614,
        17.2586934189094,
        19.66570658841443,
        17.86507092458426,
        17.969649444831514,
        20.505642335131885,
        21.455547501355973,
        20.632330789742117,
        17.64819066649698,
        21.03180173447266,
        19.641663027610175,
        19.243868463679515,
        19.246886467028755,
        19.742206834627307,
        20.355704780680924,
        17.391794104581493,
        15.298298193664962,
        15.647954533933676,
        16.21047679271415,
        16.716035882769138,
        15.990859160739266,
        15.190203718978486,
        16.30090600617677,
        15.326322163090236,
        12.223231259930316,
        12.947036194261539
    ],
    "electricity_cost": [
        0.2068,
        0.2068,
        0.2068,
        0.2068,
        0.2068,
        0.2068,
        0.2068,
        0.2068,
        0.2068,
        0.2068,
        0.2068,
        0.2068,
        0.2068,
        0.2068,
        0.2516,
        0.2516,
        0.2516,
        0.2516,
        0.2516,
        0.2516,
        0.2516,
        0.2516,
        0.2516,
        0.2516,
        0.2516,
        0.2516,
        0.2516,
        0.2516,
        0.2516,
        0.2516,
        0.2516,
        0.2516,
        0.2516,
        0.2516,
        0.2516,
        0.2516,
        0.2516,
        0.2516,
        0.2516,
        0.2516,
        0.2516,
        0.2516,
        0.2516,
        0.2516,
        0.2516,
        0.2516,
        0.2068,
        0.2068
    ]
}