{
    "name": "tcl217",
    "input_path": "tcl/input/tcl217",
    "output_path": "tcl/output/tcl217",
    "working_dir": "tcl/input/tcl217",
    "initial_temperature": 17.5250311719257,
    "coefDeltaTemp": 0.05625,
    "coefConso": 1.0,
    "puissanceMin": 0,
    "puissanceMax": 4,
    "temperature_max": 20.5667415618883,
    "temperature_min": 16.285989811042406,
    "chroniqueTempExt": [
        6.984837482060055,
        6.35693466610483,
        7.613672977767111,
        5.987149419057767,
        6.037954482961381,
        4.428283871528554,
        4.572641633326764,
        5.343847847438728,
        5.55850161643828,
        7.680528220280476,
        5.163631127192932,
        6.276246564304028,
        5.343625623734379,
        5.4663677622702025,
        4.920838308114272,
        7.923655536438364,
        7.479773781242995,
        10.922134461027362,
        10.937295393582572,
        11.879218429347068,
        10.516794143617973,
        11.230247969394037,
        12.954458947901877,
        11.709253478537018,
        11.75604772502219,
        10.824604672880792,
        10.810597866824097,
        11.54304079245223,
        11.592855154253828,
        12.745503284164059,
        11.774106231025,
        13.016377895824906,
        11.63144208481533,
        11.697066620624113,
        12.34882841466944,
        11.503133221464108,
        11.95477704889377,
        11.591418669990697,
        12.15938793646479,
        9.80309187049405,
        8.255010071717953,
        9.523288094902089,
        8.141430839799265,
        8.12497385255373,
        8.233102824045524,
        7.591017748827459,
        6.403007347961254,
        4.900289245277895
    ],
    "electricity_cost": [
        0.2068,
        0.2068,
        0.2068,
        0.2068,
        0.2068,
        0.2068,
        0.2068,
        0.2068,
        0.2068,
        0.2068,
        0.2068,
        0.2068,
        0.2068,
        0.2068,
        0.2516,
        0.2516,
        0.2516,
        0.2516,
        0.2516,
        0.2516,
        0.2516,
        0.2516,
        0.2516,
        0.2516,
        0.2516,
        0.2516,
        0.2516,
        0.2516,
        0.2516,
        0.2516,
        0.2516,
        0.2516,
        0.2516,
        0.2516,
        0.2516,
        0.2516,
        0.2516,
        0.2516,
        0.2516,
        0.2516,
        0.2516,
        0.2516,
        0.2516,
        0.2516,
        0.2516,
        0.2516,
        0.2068,
        0.2068
    ]
}