{
    "name": "tcl19",
    "input_path": "tcl/input/tcl19",
    "output_path": "tcl/output/tcl19",
    "working_dir": "tcl/input/tcl19",
    "initial_temperature": 18.378286162941954,
    "coefDeltaTemp": 0.05625,
    "coefConso": 1.0,
    "puissanceMin": 0,
    "puissanceMax": 4,
    "temperature_max": 21.60882407874505,
    "temperature_min": 16.274295511449903,
    "chroniqueTempExt": [
        -1.380530410447191,
        0.9108035370924832,
        -0.4671328616535818,
        1.1242113251728614,
        0.19621586287541534,
        -0.7202896246592043,
        -0.10679164492672963,
        1.410889163746175,
        1.089178919985525,
        1.1000320729268178,
        0.3291860235349282,
        -0.6008299207734389,
        -2.2654365973321093,
        -1.023509839432658,
        1.8773425432485435,
        1.927811974177852,
        2.424971409762987,
        1.3516756230588332,
        2.92591892015682,
        3.187192684078706,
        4.288289482010343,
        1.9737605813972596,
        5.8122613147252435,
        4.529486557950083,
        4.637376656796439,
        5.544938834965746,
        4.072429832961026,
        4.61645658756208,
        5.007980096809144,
        3.7113684065716552,
        3.045700633685425,
        4.591101405967473,
        3.2522871559473767,
        3.795734959290977,
        5.404629360660024,
        5.4303657205433336,
        3.891235077786661,
        6.675254783385416,
        3.486669427373547,
        2.6849109152069506,
        2.915002672973519,
        2.3495966697370902,
        1.095954213995942,
        4.1581757795138925,
        1.0240876328136386,
        1.2433707217910004,
        0.2710263672198429,
        0.6400205587856796
    ],
    "electricity_cost": [
        0.2068,
        0.2068,
        0.2068,
        0.2068,
        0.2068,
        0.2068,
        0.2068,
        0.2068,
        0.2068,
        0.2068,
        0.2068,
        0.2068,
        0.2068,
        0.2068,
        0.2516,
        0.2516,
        0.2516,
        0.2516,
        0.2516,
        0.2516,
        0.2516,
        0.2516,
        0.2516,
        0.2516,
        0.2516,
        0.2516,
        0.2516,
        0.2516,
        0.2516,
        0.2516,
        0.2516,
        0.2516,
        0.2516,
        0.2516,
        0.2516,
        0.2516,
        0.2516,
        0.2516,
        0.2516,
        0.2516,
        0.2516,
        0.2516,
        0.2516,
        0.2516,
        0.2516,
        0.2516,
        0.2068,
        0.2068
    ]
}