{
    "name": "tcl156",
    "input_path": "tcl/input/tcl156",
    "output_path": "tcl/output/tcl156",
    "working_dir": "tcl/input/tcl156",
    "initial_temperature": 19.38788452092102,
    "coefDeltaTemp": 0.05625,
    "coefConso": 1.0,
    "puissanceMin": 0,
    "puissanceMax": 4,
    "temperature_max": 20.081511381810998,
    "temperature_min": 15.197550289403775,
    "chroniqueTempExt": [
        5.75355361031931,
        6.070900684969092,
        7.121773306785961,
        4.169544159096191,
        5.691191296645406,
        6.0524304868981575,
        5.537226682019374,
        6.175103727843419,
        5.0656127844839265,
        5.396270744626313,
        4.367445421733377,
        6.601412653684153,
        6.1081460751625105,
        5.797431689862975,
        6.142959762102399,
        5.769787677162757,
        7.557308579659503,
        11.113444133799574,
        9.284888518343678,
        9.337740487231162,
        11.644697743799233,
        10.189254338275521,
        11.675555518909501,
        14.227299575132346,
        11.59365617594455,
        10.661908075283279,
        12.277952864159989,
        12.62305260014863,
        12.50158648860784,
        14.083139860952189,
        12.620481487865105,
        12.056524228671357,
        11.131223365040697,
        12.118261190762635,
        12.00638126135571,
        13.2416808091744,
        12.921898545462291,
        10.554947298185006,
        10.694083091340675,
        11.632574678113965,
        8.064091696017195,
        9.676932807084688,
        10.258391388783695,
        9.859370382840003,
        7.6863931701489765,
        6.382831053649034,
        7.075202680036964,
        6.667733200209857
    ],
    "electricity_cost": [
        0.2068,
        0.2068,
        0.2068,
        0.2068,
        0.2068,
        0.2068,
        0.2068,
        0.2068,
        0.2068,
        0.2068,
        0.2068,
        0.2068,
        0.2068,
        0.2068,
        0.2516,
        0.2516,
        0.2516,
        0.2516,
        0.2516,
        0.2516,
        0.2516,
        0.2516,
        0.2516,
        0.2516,
        0.2516,
        0.2516,
        0.2516,
        0.2516,
        0.2516,
        0.2516,
        0.2516,
        0.2516,
        0.2516,
        0.2516,
        0.2516,
        0.2516,
        0.2516,
        0.2516,
        0.2516,
        0.2516,
        0.2516,
        0.2516,
        0.2516,
        0.2516,
        0.2516,
        0.2516,
        0.2068,
        0.2068
    ]
}