{
    "name": "tcl79",
    "input_path": "tcl/input/tcl79",
    "output_path": "tcl/output/tcl79",
    "working_dir": "tcl/input/tcl79",
    "initial_temperature": 18.94983694367221,
    "coefDeltaTemp": 0.05625,
    "coefConso": 1.0,
    "puissanceMin": 0,
    "puissanceMax": 4,
    "temperature_max": 21.536550553668423,
    "temperature_min": 16.509911364797574,
    "chroniqueTempExt": [
        3.495843481439917,
        4.572049309665718,
        2.2393587536688937,
        3.7077117313573016,
        2.217641335171608,
        3.345831839332732,
        4.166734323594138,
        4.065543097232915,
        1.2008657866122767,
        3.6806631327685593,
        2.368601623756903,
        2.7616401881284762,
        3.3292616822956607,
        3.053153307510233,
        4.364831557541351,
        3.437323490489568,
        6.8596487882551465,
        6.153286206785348,
        6.336938268729482,
        5.276441867754482,
        9.041665752856535,
        8.091911311433616,
        9.592984385283927,
        8.120298307791229,
        9.035291849906244,
        9.612887501865035,
        8.141860684113096,
        8.799611083518439,
        9.221584272946574,
        9.566323660172786,
        7.696069638359046,
        9.707684763676486,
        8.988883643565412,
        8.245396885284423,
        9.741450827901966,
        8.630415750114539,
        8.9086254450515,
        8.929624659766112,
        5.620867763799671,
        6.441391862467807,
        7.873480883744183,
        6.213633663778202,
        5.627688017972933,
        4.775163183488106,
        4.390914446516794,
        4.353395990067847,
        3.5716624738548632,
        2.4830219148963515
    ],
    "electricity_cost": [
        0.2068,
        0.2068,
        0.2068,
        0.2068,
        0.2068,
        0.2068,
        0.2068,
        0.2068,
        0.2068,
        0.2068,
        0.2068,
        0.2068,
        0.2068,
        0.2068,
        0.2516,
        0.2516,
        0.2516,
        0.2516,
        0.2516,
        0.2516,
        0.2516,
        0.2516,
        0.2516,
        0.2516,
        0.2516,
        0.2516,
        0.2516,
        0.2516,
        0.2516,
        0.2516,
        0.2516,
        0.2516,
        0.2516,
        0.2516,
        0.2516,
        0.2516,
        0.2516,
        0.2516,
        0.2516,
        0.2516,
        0.2516,
        0.2516,
        0.2516,
        0.2516,
        0.2516,
        0.2516,
        0.2068,
        0.2068
    ]
}