{
    "name": "tcl184",
    "input_path": "tcl/input/tcl184",
    "output_path": "tcl/output/tcl184",
    "working_dir": "tcl/input/tcl184",
    "initial_temperature": 17.512237754724477,
    "coefDeltaTemp": 0.05625,
    "coefConso": 1.0,
    "puissanceMin": 0,
    "puissanceMax": 4,
    "temperature_max": 21.758005279773204,
    "temperature_min": 16.870020098603913,
    "chroniqueTempExt": [
        -0.13436351465165886,
        1.0600614306138856,
        0.7525589191321743,
        2.5842484191503967,
        0.9025673080925833,
        1.2737479105133491,
        1.6744821303542476,
        0.560673446962028,
        1.0131093093436179,
        2.1377937971467755,
        -1.2602882936833226,
        2.28921456181485,
        1.2029521832020813,
        1.5621759662613184,
        2.979700334175924,
        2.532588352827241,
        2.9406611676335537,
        1.9542417760119495,
        2.5588799982842705,
        4.756307926268447,
        3.1240845911280983,
        3.6131663307249138,
        5.654989671110757,
        5.349865094184654,
        6.756977773376179,
        6.72511625252358,
        6.229125905012733,
        6.955233671767842,
        5.724006595427453,
        5.41833827629002,
        6.8036519331927625,
        4.474296579466875,
        7.758410579714803,
        3.8411845537366367,
        7.162904251351698,
        4.1552937384398,
        5.560177567104166,
        6.868816223374634,
        5.972666576788963,
        4.47945014901856,
        2.2637279956210663,
        4.611731114426556,
        4.0422053548609895,
        3.817779429502556,
        0.9135964586271184,
        1.6415299505049137,
        1.2435291472782466,
        2.1732304763794144
    ],
    "electricity_cost": [
        0.2068,
        0.2068,
        0.2068,
        0.2068,
        0.2068,
        0.2068,
        0.2068,
        0.2068,
        0.2068,
        0.2068,
        0.2068,
        0.2068,
        0.2068,
        0.2068,
        0.2516,
        0.2516,
        0.2516,
        0.2516,
        0.2516,
        0.2516,
        0.2516,
        0.2516,
        0.2516,
        0.2516,
        0.2516,
        0.2516,
        0.2516,
        0.2516,
        0.2516,
        0.2516,
        0.2516,
        0.2516,
        0.2516,
        0.2516,
        0.2516,
        0.2516,
        0.2516,
        0.2516,
        0.2516,
        0.2516,
        0.2516,
        0.2516,
        0.2516,
        0.2516,
        0.2516,
        0.2516,
        0.2068,
        0.2068
    ]
}