{
    "name": "tcl30",
    "input_path": "tcl/input/tcl30",
    "output_path": "tcl/output/tcl30",
    "working_dir": "tcl/input/tcl30",
    "initial_temperature": 19.7001404244721,
    "coefDeltaTemp": 0.05625,
    "coefConso": 1,
    "puissanceMin": 0,
    "puissanceMax": 4,
    "temperature_max": 20.56255495052828,
    "temperature_min": 16.2406673910622,
    "chroniqueTempExt": [
        15.288868410242511,
        16.394090464519202,
        14.28504116123068,
        14.711805050324323,
        14.33745207805939,
        16.197299032353136,
        14.13131146853614,
        14.800288019934804,
        15.393637766963545,
        14.345671666840866,
        14.187800646040344,
        13.680692554172694,
        16.800852773821376,
        15.179707451043623,
        15.863205570227676,
        16.357826223462826,
        17.129133115036772,
        18.887252458805854,
        18.479596166065257,
        18.535281185589405,
        20.51415689425622,
        21.13580034206708,
        20.89937193796369,
        21.116004199641463,
        20.239618978612402,
        23.129868321678863,
        21.799609382721325,
        21.29824789393202,
        22.054040632339603,
        21.87197041114251,
        23.934487921269458,
        22.63988815395959,
        22.39941736853124,
        21.58641166108574,
        22.05212878275373,
        21.723037814849345,
        22.400502577386817,
        21.0888181579863,
        21.646388917078745,
        19.971910914851183,
        20.25777102921604,
        18.738283171428304,
        18.488850583062433,
        17.25907240424862,
        17.21122886320461,
        16.231826485271732,
        13.294127759146217,
        15.293753827253267
    ],
    "electricity_cost": [
        0.2068,
        0.2068,
        0.2068,
        0.2068,
        0.2068,
        0.2068,
        0.2068,
        0.2068,
        0.2068,
        0.2068,
        0.2068,
        0.2068,
        0.2068,
        0.2068,
        0.2516,
        0.2516,
        0.2516,
        0.2516,
        0.2516,
        0.2516,
        0.2516,
        0.2516,
        0.2516,
        0.2516,
        0.2516,
        0.2516,
        0.2516,
        0.2516,
        0.2516,
        0.2516,
        0.2516,
        0.2516,
        0.2516,
        0.2516,
        0.2516,
        0.2516,
        0.2516,
        0.2516,
        0.2516,
        0.2516,
        0.2516,
        0.2516,
        0.2516,
        0.2516,
        0.2516,
        0.2516,
        0.2068,
        0.2068
    ]
}