{
    "name": "tcl12",
    "input_path": "tcl/input/tcl12",
    "output_path": "tcl/output/tcl12",
    "working_dir": "tcl/input/tcl12",
    "initial_temperature": 19.926004744674145,
    "coefDeltaTemp": 0.05625,
    "coefConso": 1,
    "puissanceMin": 0,
    "puissanceMax": 4,
    "temperature_max": 20.31031011335223,
    "temperature_min": 15.083674308428057,
    "chroniqueTempExt": [
        5.85076122186084,
        6.927751949784243,
        6.701695386428127,
        7.518539613473933,
        4.705702952235548,
        6.174776763551713,
        5.2983123519322515,
        6.11502580407505,
        5.662130544229895,
        6.28057635303521,
        5.147514576746203,
        6.715602735393982,
        4.381668411839699,
        8.436211021567834,
        7.0975841207604216,
        7.543906058317061,
        8.07231309051285,
        7.968727019074629,
        7.843580695135704,
        9.23885156038456,
        10.66412625185961,
        11.608847464191836,
        11.273841002335704,
        12.520944704659366,
        11.225843312340519,
        12.995299390633317,
        10.913141184342976,
        11.372283498842195,
        11.256345103896,
        11.445260457500742,
        10.973188636306444,
        11.119973234515843,
        12.666781774473442,
        11.681532429507422,
        11.65104780317763,
        13.310486387989716,
        10.521765584540432,
        10.400138490577202,
        11.281810413831936,
        11.858625567684445,
        10.726992004000984,
        9.046392256538274,
        8.629171494781747,
        7.533545915522902,
        9.065613370754637,
        8.794371092307156,
        6.429707848643532,
        5.768892887020631
    ],
    "electricity_cost": [
        0.2068,
        0.2068,
        0.2068,
        0.2068,
        0.2068,
        0.2068,
        0.2068,
        0.2068,
        0.2068,
        0.2068,
        0.2068,
        0.2068,
        0.2068,
        0.2068,
        0.2516,
        0.2516,
        0.2516,
        0.2516,
        0.2516,
        0.2516,
        0.2516,
        0.2516,
        0.2516,
        0.2516,
        0.2516,
        0.2516,
        0.2516,
        0.2516,
        0.2516,
        0.2516,
        0.2516,
        0.2516,
        0.2516,
        0.2516,
        0.2516,
        0.2516,
        0.2516,
        0.2516,
        0.2516,
        0.2516,
        0.2516,
        0.2516,
        0.2516,
        0.2516,
        0.2516,
        0.2516,
        0.2068,
        0.2068
    ]
}