{
    "name": "tcl150",
    "input_path": "tcl/input/tcl150",
    "output_path": "tcl/output/tcl150",
    "working_dir": "tcl/input/tcl150",
    "initial_temperature": 19.053868909065756,
    "coefDeltaTemp": 0.05625,
    "coefConso": 1.0,
    "puissanceMin": 0,
    "puissanceMax": 4,
    "temperature_max": 20.752755747696124,
    "temperature_min": 15.141776858918409,
    "chroniqueTempExt": [
        1.6352522414482942,
        2.0477038656834696,
        3.180655190092403,
        3.9079003049722525,
        3.556126554711136,
        4.431161411035228,
        4.852580554406701,
        2.071525517483364,
        2.246609016152941,
        1.8283877386263188,
        3.1047130684988606,
        4.042553680728533,
        3.634707158717846,
        2.07241925642953,
        3.1444260096688246,
        4.0502066435280035,
        4.990858645789815,
        6.988976340100647,
        7.859764373208556,
        6.487440102444273,
        7.856119061412312,
        6.944161428160225,
        8.003013012408479,
        8.528390791571843,
        9.026693807056281,
        9.593011690454434,
        8.801202653694164,
        8.880991268747822,
        9.993232091788519,
        9.650672122601767,
        9.905209262414134,
        8.85044697140844,
        10.801168628032885,
        9.412266072575187,
        8.805482502757803,
        9.096866727628711,
        9.838305559059192,
        9.947254893588891,
        7.572359143457405,
        8.250284573872632,
        6.486929821533723,
        6.714745859911314,
        7.607177352897937,
        5.334850411414289,
        5.302378569896869,
        3.776620588366452,
        3.721436937219689,
        3.5673121362359934
    ],
    "electricity_cost": [
        0.2068,
        0.2068,
        0.2068,
        0.2068,
        0.2068,
        0.2068,
        0.2068,
        0.2068,
        0.2068,
        0.2068,
        0.2068,
        0.2068,
        0.2068,
        0.2068,
        0.2516,
        0.2516,
        0.2516,
        0.2516,
        0.2516,
        0.2516,
        0.2516,
        0.2516,
        0.2516,
        0.2516,
        0.2516,
        0.2516,
        0.2516,
        0.2516,
        0.2516,
        0.2516,
        0.2516,
        0.2516,
        0.2516,
        0.2516,
        0.2516,
        0.2516,
        0.2516,
        0.2516,
        0.2516,
        0.2516,
        0.2516,
        0.2516,
        0.2516,
        0.2516,
        0.2516,
        0.2516,
        0.2068,
        0.2068
    ]
}