{
    "name": "tcl105",
    "input_path": "tcl/input/tcl105",
    "output_path": "tcl/output/tcl105",
    "working_dir": "tcl/input/tcl105",
    "initial_temperature": 17.511983680482942,
    "coefDeltaTemp": 0.05625,
    "coefConso": 1.0,
    "puissanceMin": 0,
    "puissanceMax": 4,
    "temperature_max": 21.159797696142963,
    "temperature_min": 15.139484137515145,
    "chroniqueTempExt": [
        12.07578693375793,
        11.319569770940547,
        11.778323318109539,
        12.872897632521202,
        12.271449252279833,
        9.828903458101676,
        11.682201035156593,
        11.70900019865903,
        11.914628175090836,
        12.816194894805031,
        11.98195603846598,
        13.694195951919204,
        11.090287175991808,
        12.901019616700658,
        13.109670645621009,
        14.533399427566673,
        14.807889473952152,
        15.295612029057622,
        15.213553045869096,
        17.18165791012744,
        18.978817149815693,
        16.965227466728482,
        18.737845856582265,
        18.26704892185074,
        20.03368879605356,
        19.425904357363866,
        17.152559337297323,
        19.746590329715097,
        18.705378624488752,
        18.809539037146912,
        17.985528120728677,
        18.889611450555964,
        18.632219673584807,
        19.340453650132666,
        20.38361761100718,
        19.458724367093264,
        20.549287345981057,
        17.62204335842569,
        17.66017941295828,
        17.1142151726036,
        15.968944513408708,
        13.814015411415868,
        15.261138507256176,
        14.654417752845259,
        14.079080214893619,
        13.942377035635467,
        12.805247742379924,
        12.337065808352808
    ],
    "electricity_cost": [
        0.2068,
        0.2068,
        0.2068,
        0.2068,
        0.2068,
        0.2068,
        0.2068,
        0.2068,
        0.2068,
        0.2068,
        0.2068,
        0.2068,
        0.2068,
        0.2068,
        0.2516,
        0.2516,
        0.2516,
        0.2516,
        0.2516,
        0.2516,
        0.2516,
        0.2516,
        0.2516,
        0.2516,
        0.2516,
        0.2516,
        0.2516,
        0.2516,
        0.2516,
        0.2516,
        0.2516,
        0.2516,
        0.2516,
        0.2516,
        0.2516,
        0.2516,
        0.2516,
        0.2516,
        0.2516,
        0.2516,
        0.2516,
        0.2516,
        0.2516,
        0.2516,
        0.2516,
        0.2516,
        0.2068,
        0.2068
    ]
}