{
    "name": "tcl194",
    "input_path": "tcl/input/tcl194",
    "output_path": "tcl/output/tcl194",
    "working_dir": "tcl/input/tcl194",
    "initial_temperature": 19.01986732716623,
    "coefDeltaTemp": 0.05625,
    "coefConso": 1.0,
    "puissanceMin": 0,
    "puissanceMax": 4,
    "temperature_max": 21.725708989552437,
    "temperature_min": 15.339565559323692,
    "chroniqueTempExt": [
        15.315113839103615,
        15.151070083620992,
        16.731871861045818,
        15.725545596551486,
        13.944770403460003,
        15.21344955612148,
        15.938829798334126,
        14.650984929030049,
        14.798721240613814,
        15.052909566582318,
        15.646190986640296,
        14.082968478274614,
        14.257311090440151,
        15.903891411346535,
        16.17868138848022,
        16.964882807244177,
        18.191795303336875,
        18.430317788926153,
        19.308411665976248,
        20.55398347304411,
        19.953121839785577,
        21.437400708519164,
        21.51718547404452,
        21.352499284462375,
        23.110814488392737,
        22.257497695540057,
        21.511973362114055,
        20.40617252634987,
        22.27579852617616,
        20.0263892506231,
        21.56262271104427,
        20.554645327800525,
        21.943180295204925,
        22.07672538866781,
        21.551362570341656,
        21.932865122757462,
        23.98214532798732,
        20.586186108702297,
        20.24898286942356,
        20.17234634349686,
        21.104092290744717,
        18.898071763176453,
        18.566788719400733,
        16.558274389702948,
        18.246894969156397,
        17.41557706571103,
        16.551358022504303,
        15.162307650191991
    ],
    "electricity_cost": [
        0.2068,
        0.2068,
        0.2068,
        0.2068,
        0.2068,
        0.2068,
        0.2068,
        0.2068,
        0.2068,
        0.2068,
        0.2068,
        0.2068,
        0.2068,
        0.2068,
        0.2516,
        0.2516,
        0.2516,
        0.2516,
        0.2516,
        0.2516,
        0.2516,
        0.2516,
        0.2516,
        0.2516,
        0.2516,
        0.2516,
        0.2516,
        0.2516,
        0.2516,
        0.2516,
        0.2516,
        0.2516,
        0.2516,
        0.2516,
        0.2516,
        0.2516,
        0.2516,
        0.2516,
        0.2516,
        0.2516,
        0.2516,
        0.2516,
        0.2516,
        0.2516,
        0.2516,
        0.2516,
        0.2068,
        0.2068
    ]
}