{
    "name": "tcl123",
    "input_path": "tcl/input/tcl123",
    "output_path": "tcl/output/tcl123",
    "working_dir": "tcl/input/tcl123",
    "initial_temperature": 18.8804623087147,
    "coefDeltaTemp": 0.05625,
    "coefConso": 1.0,
    "puissanceMin": 0,
    "puissanceMax": 4,
    "temperature_max": 20.54142796732129,
    "temperature_min": 16.501330930397522,
    "chroniqueTempExt": [
        15.576280366824633,
        15.390719927579063,
        14.729636256309744,
        15.965159733054701,
        15.58811944537244,
        14.489977337667845,
        15.606814450311624,
        16.876630173413304,
        13.413500076536023,
        15.849069980234878,
        15.279573697190772,
        15.209428413515,
        15.953315913417473,
        14.569280018292982,
        16.993358151582537,
        17.909586877951902,
        16.874627973257883,
        17.511443162455052,
        18.666747783799085,
        19.35758942354909,
        20.325786083621953,
        21.780381855993063,
        20.51328277798571,
        23.22994339096476,
        22.072523642571344,
        20.689697379873515,
        21.467270086356724,
        21.032187048293117,
        22.121353302169457,
        22.098128330245043,
        22.68946791700183,
        20.49707449858339,
        22.766124837291255,
        20.801681176167573,
        21.862803264581245,
        21.236311185066086,
        23.80892553832475,
        20.20554205139028,
        21.678973083647797,
        19.617002274962374,
        19.466479619898447,
        19.870184980354583,
        18.834641443133986,
        18.006238012797468,
        16.488178011405225,
        16.312984822077336,
        16.072865628583234,
        15.63885473642187
    ],
    "electricity_cost": [
        0.2068,
        0.2068,
        0.2068,
        0.2068,
        0.2068,
        0.2068,
        0.2068,
        0.2068,
        0.2068,
        0.2068,
        0.2068,
        0.2068,
        0.2068,
        0.2068,
        0.2516,
        0.2516,
        0.2516,
        0.2516,
        0.2516,
        0.2516,
        0.2516,
        0.2516,
        0.2516,
        0.2516,
        0.2516,
        0.2516,
        0.2516,
        0.2516,
        0.2516,
        0.2516,
        0.2516,
        0.2516,
        0.2516,
        0.2516,
        0.2516,
        0.2516,
        0.2516,
        0.2516,
        0.2516,
        0.2516,
        0.2516,
        0.2516,
        0.2516,
        0.2516,
        0.2516,
        0.2516,
        0.2068,
        0.2068
    ]
}