{
    "name": "tcl14",
    "input_path": "tcl/input/tcl14",
    "output_path": "tcl/output/tcl14",
    "working_dir": "tcl/input/tcl14",
    "initial_temperature": 18.830337402264245,
    "coefDeltaTemp": 0.05625,
    "coefConso": 1,
    "puissanceMin": 0,
    "puissanceMax": 4,
    "temperature_max": 20.580809048003935,
    "temperature_min": 15.119615468376804,
    "chroniqueTempExt": [
        3.5710445669437623,
        5.116203878470197,
        4.41971053638165,
        2.5010451276045975,
        4.494336946799233,
        2.4568711186415744,
        5.430170528327845,
        2.9809961998398076,
        4.912304059305853,
        5.215771382083907,
        4.067324033919777,
        3.2276165361987914,
        3.479347300957128,
        3.181506482223864,
        5.613129064544542,
        2.902139888646493,
        5.537162420465855,
        5.197044633409618,
        6.561166978017807,
        8.042319287963656,
        8.806678410795481,
        6.897615840199131,
        9.915510637087936,
        8.633764617148746,
        9.614619691402162,
        8.04886889887607,
        7.865692784514557,
        8.815408042027281,
        8.106596694257496,
        7.8828846554527825,
        7.324590608287388,
        8.962909410501739,
        8.659340233202595,
        9.660351633819879,
        9.594053471107525,
        7.942474967905897,
        10.060650092125908,
        9.944940210193582,
        9.013230409388504,
        8.079626963744417,
        7.197572942257923,
        5.7200071568450115,
        6.627918390995528,
        4.403975787437215,
        6.804552824866762,
        4.165777015755522,
        5.6041014403304565,
        5.197283047377242
    ],
    "electricity_cost": [
        0.2068,
        0.2068,
        0.2068,
        0.2068,
        0.2068,
        0.2068,
        0.2068,
        0.2068,
        0.2068,
        0.2068,
        0.2068,
        0.2068,
        0.2068,
        0.2068,
        0.2516,
        0.2516,
        0.2516,
        0.2516,
        0.2516,
        0.2516,
        0.2516,
        0.2516,
        0.2516,
        0.2516,
        0.2516,
        0.2516,
        0.2516,
        0.2516,
        0.2516,
        0.2516,
        0.2516,
        0.2516,
        0.2516,
        0.2516,
        0.2516,
        0.2516,
        0.2516,
        0.2516,
        0.2516,
        0.2516,
        0.2516,
        0.2516,
        0.2516,
        0.2516,
        0.2516,
        0.2516,
        0.2068,
        0.2068
    ]
}