{
    "name": "tcl182",
    "input_path": "tcl/input/tcl182",
    "output_path": "tcl/output/tcl182",
    "working_dir": "tcl/input/tcl182",
    "initial_temperature": 17.6168349763779,
    "coefDeltaTemp": 0.05625,
    "coefConso": 1.0,
    "puissanceMin": 0,
    "puissanceMax": 4,
    "temperature_max": 21.075134783014402,
    "temperature_min": 16.594964051289644,
    "chroniqueTempExt": [
        12.338794927215206,
        11.164874551960212,
        11.829568145251013,
        11.41242616271498,
        12.483961332560186,
        12.313051519426736,
        11.905650360968211,
        13.679844941129332,
        11.879854197897563,
        11.108957494683088,
        12.291296345804676,
        10.529860424327762,
        11.921096931762749,
        11.413209756728236,
        14.148576997952794,
        14.207488182504438,
        15.05920193284841,
        14.949484643332084,
        15.668412734064539,
        15.860785598062929,
        15.851218313749229,
        16.85097408035445,
        18.128930705545418,
        18.262184181223358,
        17.095899570926473,
        19.80590145373004,
        18.494575292200214,
        17.248933556131863,
        21.226712734640927,
        18.330926724980298,
        17.836404056647414,
        17.29081504565216,
        19.43959057897271,
        19.036114316036706,
        18.74750655143049,
        17.909180585655573,
        18.60569667200341,
        18.815803582597155,
        18.103188835971835,
        14.85602462193976,
        15.617174225788474,
        17.391414849628465,
        14.95871962105594,
        15.527856653920532,
        14.016980726997554,
        13.754197141532481,
        12.514923996294206,
        12.584862921454171
    ],
    "electricity_cost": [
        0.2068,
        0.2068,
        0.2068,
        0.2068,
        0.2068,
        0.2068,
        0.2068,
        0.2068,
        0.2068,
        0.2068,
        0.2068,
        0.2068,
        0.2068,
        0.2068,
        0.2516,
        0.2516,
        0.2516,
        0.2516,
        0.2516,
        0.2516,
        0.2516,
        0.2516,
        0.2516,
        0.2516,
        0.2516,
        0.2516,
        0.2516,
        0.2516,
        0.2516,
        0.2516,
        0.2516,
        0.2516,
        0.2516,
        0.2516,
        0.2516,
        0.2516,
        0.2516,
        0.2516,
        0.2516,
        0.2516,
        0.2516,
        0.2516,
        0.2516,
        0.2516,
        0.2516,
        0.2516,
        0.2068,
        0.2068
    ]
}