{
    "name": "tcl104",
    "input_path": "tcl/input/tcl104",
    "output_path": "tcl/output/tcl104",
    "working_dir": "tcl/input/tcl104",
    "initial_temperature": 18.24386125274965,
    "coefDeltaTemp": 0.05625,
    "coefConso": 1.0,
    "puissanceMin": 0,
    "puissanceMax": 4,
    "temperature_max": 21.25319840716747,
    "temperature_min": 16.91138062058311,
    "chroniqueTempExt": [
        15.799411141609298,
        15.751197478435802,
        15.508015661927109,
        14.464540730241367,
        15.296344036705149,
        15.374162654229176,
        15.436247552986224,
        14.226527996358723,
        14.434010903461626,
        17.5404387513153,
        15.366919422498983,
        15.627711491606108,
        16.283732212516174,
        16.937910777367872,
        16.742436064948528,
        17.771529308702934,
        16.873352796831195,
        18.422117700959536,
        19.367706773038304,
        20.32888462576664,
        22.832223640977983,
        18.102459543530884,
        22.180451603348576,
        21.661662026748733,
        22.818477198756224,
        22.371486733072015,
        23.715670958473567,
        21.239479215634464,
        22.90521197690675,
        21.845981807620962,
        23.647709101670966,
        23.150207146873235,
        21.824463028248783,
        23.151869653175016,
        20.63812164403845,
        21.697289040774095,
        22.014187859805233,
        20.530041854940006,
        20.782029750943313,
        21.732159693740087,
        19.59989968882591,
        17.67358906392345,
        18.934395352586964,
        16.456036244881453,
        15.872174662018978,
        16.20329069888555,
        14.463357226925357,
        15.149300972227818
    ],
    "electricity_cost": [
        0.2068,
        0.2068,
        0.2068,
        0.2068,
        0.2068,
        0.2068,
        0.2068,
        0.2068,
        0.2068,
        0.2068,
        0.2068,
        0.2068,
        0.2068,
        0.2068,
        0.2516,
        0.2516,
        0.2516,
        0.2516,
        0.2516,
        0.2516,
        0.2516,
        0.2516,
        0.2516,
        0.2516,
        0.2516,
        0.2516,
        0.2516,
        0.2516,
        0.2516,
        0.2516,
        0.2516,
        0.2516,
        0.2516,
        0.2516,
        0.2516,
        0.2516,
        0.2516,
        0.2516,
        0.2516,
        0.2516,
        0.2516,
        0.2516,
        0.2516,
        0.2516,
        0.2516,
        0.2516,
        0.2068,
        0.2068
    ]
}