{
    "name": "tcl66",
    "input_path": "tcl/input/tcl66",
    "output_path": "tcl/output/tcl66",
    "working_dir": "tcl/input/tcl66",
    "initial_temperature": 18.630554083340847,
    "coefDeltaTemp": 0.05625,
    "coefConso": 1.0,
    "puissanceMin": 0,
    "puissanceMax": 4,
    "temperature_max": 21.891765084119502,
    "temperature_min": 16.172337031808567,
    "chroniqueTempExt": [
        11.267667204576975,
        11.080244429148028,
        12.751865831549278,
        13.154899847515054,
        11.677358545976306,
        12.202704785912166,
        11.19491306834198,
        12.908432551416741,
        11.263482701172142,
        10.093072211344198,
        12.232777198803008,
        13.052331636719432,
        11.984533633784718,
        13.90910637438057,
        13.6876025946669,
        14.525497603169153,
        14.384520250758058,
        14.937857324728835,
        15.187715239655418,
        17.47658031746022,
        17.168130400614807,
        17.977954648188163,
        18.977961498871643,
        17.904118070987327,
        18.570890251547684,
        20.979595331103013,
        17.36791450133559,
        17.744661328371027,
        17.637845925970744,
        18.244249963025545,
        17.479540723368494,
        18.56840056235615,
        19.65319077178079,
        19.85143824974245,
        19.45615915165771,
        18.34187932336435,
        19.95137958152636,
        18.14757555253497,
        16.861030328866295,
        16.947477110189425,
        19.12602537251825,
        14.491275738633432,
        14.289540099608118,
        15.644961822105248,
        13.060080336966688,
        13.697227547930174,
        13.74035985275588,
        13.37988889436515
    ],
    "electricity_cost": [
        0.2068,
        0.2068,
        0.2068,
        0.2068,
        0.2068,
        0.2068,
        0.2068,
        0.2068,
        0.2068,
        0.2068,
        0.2068,
        0.2068,
        0.2068,
        0.2068,
        0.2516,
        0.2516,
        0.2516,
        0.2516,
        0.2516,
        0.2516,
        0.2516,
        0.2516,
        0.2516,
        0.2516,
        0.2516,
        0.2516,
        0.2516,
        0.2516,
        0.2516,
        0.2516,
        0.2516,
        0.2516,
        0.2516,
        0.2516,
        0.2516,
        0.2516,
        0.2516,
        0.2516,
        0.2516,
        0.2516,
        0.2516,
        0.2516,
        0.2516,
        0.2516,
        0.2516,
        0.2516,
        0.2068,
        0.2068
    ]
}