{
    "name": "tcl220",
    "input_path": "tcl/input/tcl220",
    "output_path": "tcl/output/tcl220",
    "working_dir": "tcl/input/tcl220",
    "initial_temperature": 18.271827144070457,
    "coefDeltaTemp": 0.05625,
    "coefConso": 1.0,
    "puissanceMin": 0,
    "puissanceMax": 4,
    "temperature_max": 20.08022000015203,
    "temperature_min": 15.652066753160248,
    "chroniqueTempExt": [
        1.5767671457125025,
        2.6392402854255677,
        3.213554907472841,
        3.4251902127384275,
        3.1528385230097338,
        3.866055614402642,
        2.9926187470050385,
        3.6569130765305875,
        2.1053721594796246,
        2.942847428362144,
        3.6282552734334272,
        3.5652505960060443,
        1.3959250058363992,
        3.3705757992545244,
        5.4306431373560775,
        3.2528746915356583,
        6.14927362028877,
        5.2922318102874435,
        5.016172011269316,
        6.611771137466994,
        7.843275460888688,
        7.448429005733799,
        5.893952142803597,
        9.557835482875907,
        8.718456132532271,
        9.713567848904459,
        9.622035242890078,
        7.813121797879855,
        9.95357026463785,
        8.125184624740314,
        9.917807960761596,
        8.85906911419182,
        9.643872964059433,
        9.406522707132837,
        9.099042422411804,
        10.868835629614734,
        7.330771325410402,
        7.780983747644557,
        8.667872674261861,
        7.313783585027754,
        7.039323332307388,
        6.706653062504854,
        6.708645553825165,
        4.5091741165256805,
        3.3829902721101774,
        3.8649619133497906,
        3.7925774535364987,
        1.7841204005083375
    ],
    "electricity_cost": [
        0.2068,
        0.2068,
        0.2068,
        0.2068,
        0.2068,
        0.2068,
        0.2068,
        0.2068,
        0.2068,
        0.2068,
        0.2068,
        0.2068,
        0.2068,
        0.2068,
        0.2516,
        0.2516,
        0.2516,
        0.2516,
        0.2516,
        0.2516,
        0.2516,
        0.2516,
        0.2516,
        0.2516,
        0.2516,
        0.2516,
        0.2516,
        0.2516,
        0.2516,
        0.2516,
        0.2516,
        0.2516,
        0.2516,
        0.2516,
        0.2516,
        0.2516,
        0.2516,
        0.2516,
        0.2516,
        0.2516,
        0.2516,
        0.2516,
        0.2516,
        0.2516,
        0.2516,
        0.2516,
        0.2068,
        0.2068
    ]
}