{
    "name": "tcl25",
    "input_path": "tcl/input/tcl25",
    "output_path": "tcl/output/tcl25",
    "working_dir": "tcl/input/tcl25",
    "initial_temperature": 18.39887035930549,
    "coefDeltaTemp": 0.05625,
    "coefConso": 1.0,
    "puissanceMin": 0,
    "puissanceMax": 4,
    "temperature_max": 20.128502432675752,
    "temperature_min": 15.788344348518757,
    "chroniqueTempExt": [
        6.085808569891911,
        2.250387453292957,
        3.1173928499554906,
        3.9806626391451596,
        5.8632946724725254,
        5.315463911487552,
        5.283090543464105,
        4.093885365863437,
        1.466535272611139,
        2.5306689255758177,
        4.086195905455794,
        3.3153427560637563,
        4.744679749144976,
        4.337219399574941,
        6.458233851578369,
        5.940904993918715,
        3.5120393101514726,
        6.220363851191547,
        4.868148964127588,
        5.386965130575813,
        7.644613002324629,
        8.505388289018772,
        9.23708258104805,
        9.619984441883199,
        7.840473398393918,
        10.698986151570134,
        9.162570792491378,
        8.840551351432158,
        7.470303856360905,
        9.936481120907354,
        9.6293093883544,
        8.321678949870236,
        9.140896949933543,
        10.075503939087614,
        8.733172369749273,
        10.140745297308676,
        10.1850305493459,
        8.92772538073739,
        9.432268374734715,
        7.246200804747044,
        7.788971653763221,
        6.944747317173898,
        5.650971191849118,
        6.0521264195331606,
        6.580164096693012,
        3.454516156578525,
        3.3264548234709466,
        2.8863268443119727
    ],
    "electricity_cost": [
        0.2068,
        0.2068,
        0.2068,
        0.2068,
        0.2068,
        0.2068,
        0.2068,
        0.2068,
        0.2068,
        0.2068,
        0.2068,
        0.2068,
        0.2068,
        0.2068,
        0.2516,
        0.2516,
        0.2516,
        0.2516,
        0.2516,
        0.2516,
        0.2516,
        0.2516,
        0.2516,
        0.2516,
        0.2516,
        0.2516,
        0.2516,
        0.2516,
        0.2516,
        0.2516,
        0.2516,
        0.2516,
        0.2516,
        0.2516,
        0.2516,
        0.2516,
        0.2516,
        0.2516,
        0.2516,
        0.2516,
        0.2516,
        0.2516,
        0.2516,
        0.2516,
        0.2516,
        0.2516,
        0.2068,
        0.2068
    ]
}