{
    "name": "tcl59",
    "input_path": "tcl/input/tcl59",
    "output_path": "tcl/output/tcl59",
    "working_dir": "tcl/input/tcl59",
    "initial_temperature": 18.766703727920273,
    "coefDeltaTemp": 0.05625,
    "coefConso": 1.0,
    "puissanceMin": 0,
    "puissanceMax": 4,
    "temperature_max": 21.983892045876686,
    "temperature_min": 16.853586547062942,
    "chroniqueTempExt": [
        0.6939212845096796,
        0.07425043282182864,
        2.1534120029337567,
        -0.5665938266430435,
        1.8290672061663904,
        1.685069415859617,
        -1.8705897649717063,
        1.0153053959177307,
        0.8688362898815118,
        1.3120762277534321,
        1.0020813893964557,
        0.23245753141562286,
        0.14403542681630377,
        0.2591512080923586,
        3.135548219169533,
        3.1335055325998655,
        1.8188375599430802,
        2.385937225523343,
        4.3268898388760215,
        2.1364281593966026,
        4.264936300934929,
        4.664674707688315,
        4.922587097095359,
        4.490743911832282,
        7.2920755595988105,
        5.901859517974338,
        4.595235444170449,
        5.769673055415112,
        6.2386272653491295,
        4.28647588903541,
        6.869486398793027,
        6.544504925346375,
        6.7008937471499594,
        6.13462005690421,
        3.837346422260113,
        4.717247013826243,
        6.905548763613328,
        4.083917051917544,
        4.652615958552897,
        5.565912562751824,
        2.416251283430724,
        1.023843117661695,
        4.277036286426442,
        4.384201400758513,
        3.4714382380246587,
        -0.7124170805501038,
        1.380349915934187,
        1.3828106510212326
    ],
    "electricity_cost": [
        0.2068,
        0.2068,
        0.2068,
        0.2068,
        0.2068,
        0.2068,
        0.2068,
        0.2068,
        0.2068,
        0.2068,
        0.2068,
        0.2068,
        0.2068,
        0.2068,
        0.2516,
        0.2516,
        0.2516,
        0.2516,
        0.2516,
        0.2516,
        0.2516,
        0.2516,
        0.2516,
        0.2516,
        0.2516,
        0.2516,
        0.2516,
        0.2516,
        0.2516,
        0.2516,
        0.2516,
        0.2516,
        0.2516,
        0.2516,
        0.2516,
        0.2516,
        0.2516,
        0.2516,
        0.2516,
        0.2516,
        0.2516,
        0.2516,
        0.2516,
        0.2516,
        0.2516,
        0.2516,
        0.2068,
        0.2068
    ]
}