{
    "name": "tcl159",
    "input_path": "tcl/input/tcl159",
    "output_path": "tcl/output/tcl159",
    "working_dir": "tcl/input/tcl159",
    "initial_temperature": 18.20108382379007,
    "coefDeltaTemp": 0.05625,
    "coefConso": 1.0,
    "puissanceMin": 0,
    "puissanceMax": 4,
    "temperature_max": 20.68274962774119,
    "temperature_min": 15.513865751629762,
    "chroniqueTempExt": [
        6.720717285458234,
        7.022758995566836,
        9.334048880395251,
        6.87699044379757,
        7.589491441162002,
        8.18978114310559,
        5.767330750581376,
        7.973068124096316,
        7.751400752806558,
        9.551609745363827,
        6.985578048322338,
        7.995660085547851,
        9.124458969001157,
        8.560474738218328,
        7.970887647720913,
        6.889943884754228,
        10.296350523190107,
        8.71244795379371,
        10.767959029881888,
        11.448031968514453,
        11.70824352100567,
        14.331191934605416,
        13.970500520044004,
        13.702235099381124,
        13.679713890518453,
        13.181945951013386,
        14.13704531033744,
        13.370001393180894,
        12.767311156021552,
        14.715467144852227,
        12.662085143327264,
        14.477650101920009,
        13.026697397639124,
        13.777442603697326,
        14.775639573872374,
        12.799176555222457,
        13.667486561476164,
        14.451336533427295,
        13.667581801320857,
        11.281933930088073,
        13.16362492808883,
        11.51276586922769,
        10.32411294618835,
        11.15328623760541,
        8.51986298584738,
        8.057182276605646,
        8.662605401299384,
        9.323209354050695
    ],
    "electricity_cost": [
        0.2068,
        0.2068,
        0.2068,
        0.2068,
        0.2068,
        0.2068,
        0.2068,
        0.2068,
        0.2068,
        0.2068,
        0.2068,
        0.2068,
        0.2068,
        0.2068,
        0.2516,
        0.2516,
        0.2516,
        0.2516,
        0.2516,
        0.2516,
        0.2516,
        0.2516,
        0.2516,
        0.2516,
        0.2516,
        0.2516,
        0.2516,
        0.2516,
        0.2516,
        0.2516,
        0.2516,
        0.2516,
        0.2516,
        0.2516,
        0.2516,
        0.2516,
        0.2516,
        0.2516,
        0.2516,
        0.2516,
        0.2516,
        0.2516,
        0.2516,
        0.2516,
        0.2516,
        0.2516,
        0.2068,
        0.2068
    ]
}