{
    "name": "tcl31",
    "input_path": "tcl/input/tcl31",
    "output_path": "tcl/output/tcl31",
    "working_dir": "tcl/input/tcl31",
    "initial_temperature": 18.595489898947072,
    "coefDeltaTemp": 0.05625,
    "coefConso": 1.0,
    "puissanceMin": 0,
    "puissanceMax": 4,
    "temperature_max": 21.74045636627102,
    "temperature_min": 15.053475951906508,
    "chroniqueTempExt": [
        14.347103991675546,
        14.783585718767355,
        13.908996659112603,
        15.495674944305405,
        13.37888967217087,
        15.759078824812406,
        15.819089091185193,
        16.36888930435017,
        14.596252193482783,
        12.700417009167037,
        14.814982626065202,
        15.017252309172992,
        17.32093579990131,
        16.35637322336832,
        14.670484003677583,
        17.56839340887638,
        17.82468309433231,
        18.11376441199717,
        18.26005800126103,
        17.33843018878864,
        22.06713604135793,
        21.176269830384957,
        19.160517599572362,
        19.87804709849629,
        23.67526689355227,
        22.37790952569422,
        21.368354756985386,
        21.75572535960903,
        23.030569836640662,
        21.581820563185524,
        22.87724789331705,
        22.50928204702482,
        22.356791602496756,
        21.67418700548817,
        21.089229128512567,
        21.850798775381495,
        21.506641447741856,
        23.049079376433607,
        21.065763692943122,
        20.606248259820184,
        20.00860827196118,
        17.72738600794569,
        17.357632388014746,
        18.09198201638004,
        16.666753351210293,
        16.313804705709458,
        14.165333182079625,
        15.629902509235155
    ],
    "electricity_cost": [
        0.2068,
        0.2068,
        0.2068,
        0.2068,
        0.2068,
        0.2068,
        0.2068,
        0.2068,
        0.2068,
        0.2068,
        0.2068,
        0.2068,
        0.2068,
        0.2068,
        0.2516,
        0.2516,
        0.2516,
        0.2516,
        0.2516,
        0.2516,
        0.2516,
        0.2516,
        0.2516,
        0.2516,
        0.2516,
        0.2516,
        0.2516,
        0.2516,
        0.2516,
        0.2516,
        0.2516,
        0.2516,
        0.2516,
        0.2516,
        0.2516,
        0.2516,
        0.2516,
        0.2516,
        0.2516,
        0.2516,
        0.2516,
        0.2516,
        0.2516,
        0.2516,
        0.2516,
        0.2516,
        0.2068,
        0.2068
    ]
}