{
    "name": "tcl171",
    "input_path": "tcl/input/tcl171",
    "output_path": "tcl/output/tcl171",
    "working_dir": "tcl/input/tcl171",
    "initial_temperature": 18.370419681850503,
    "coefDeltaTemp": 0.05625,
    "coefConso": 1.0,
    "puissanceMin": 0,
    "puissanceMax": 4,
    "temperature_max": 20.209340807725738,
    "temperature_min": 15.6755858037681,
    "chroniqueTempExt": [
        13.711576306779143,
        13.855042328471153,
        12.285334186585093,
        12.231334065748435,
        10.704857743569033,
        12.860656809636101,
        10.707860109360434,
        10.000287306512758,
        10.880648470689703,
        11.618527724068395,
        12.444169552076591,
        11.882520884627892,
        10.494389270810949,
        13.72592452978243,
        13.03733407576239,
        15.017631325988253,
        14.333318567683051,
        15.840075833830126,
        14.801524655110951,
        17.014902433703142,
        15.90695663761038,
        16.777601156606167,
        18.454954095612386,
        19.784186333801625,
        19.08390956245712,
        20.123077817456526,
        18.253982736671553,
        20.924806571199696,
        18.18002570115725,
        18.307929074753382,
        18.060262147172537,
        17.3701097331962,
        19.264510546850715,
        19.862433606596145,
        18.621010394992147,
        20.180306561893786,
        18.3508684508936,
        17.536998733849806,
        17.904412622970046,
        17.57973075872408,
        16.883091738147122,
        17.05004140683768,
        16.657670220065462,
        14.528125435199808,
        14.792626643873414,
        12.157019620055175,
        12.267069980463031,
        12.08579995251158
    ],
    "electricity_cost": [
        0.2068,
        0.2068,
        0.2068,
        0.2068,
        0.2068,
        0.2068,
        0.2068,
        0.2068,
        0.2068,
        0.2068,
        0.2068,
        0.2068,
        0.2068,
        0.2068,
        0.2516,
        0.2516,
        0.2516,
        0.2516,
        0.2516,
        0.2516,
        0.2516,
        0.2516,
        0.2516,
        0.2516,
        0.2516,
        0.2516,
        0.2516,
        0.2516,
        0.2516,
        0.2516,
        0.2516,
        0.2516,
        0.2516,
        0.2516,
        0.2516,
        0.2516,
        0.2516,
        0.2516,
        0.2516,
        0.2516,
        0.2516,
        0.2516,
        0.2516,
        0.2516,
        0.2516,
        0.2516,
        0.2068,
        0.2068
    ]
}