{
    "name": "tcl242",
    "input_path": "tcl/input/tcl242",
    "output_path": "tcl/output/tcl242",
    "working_dir": "tcl/input/tcl242",
    "initial_temperature": 17.989595506213657,
    "coefDeltaTemp": 0.05625,
    "coefConso": 1.0,
    "puissanceMin": 0,
    "puissanceMax": 4,
    "temperature_max": 21.10998328011219,
    "temperature_min": 16.26221795817899,
    "chroniqueTempExt": [
        5.702798063628157,
        6.315684015535661,
        7.397537047766018,
        5.546720764099759,
        5.820157260628014,
        5.351071225091084,
        5.212142356297245,
        5.737596567892262,
        5.87453426610695,
        4.642218241647463,
        7.470177199814868,
        4.352671377446397,
        5.643026160337838,
        6.782375613948744,
        7.64722129228734,
        6.6667265236097615,
        8.120420149916015,
        8.224670162547014,
        7.709698945482465,
        10.625721322242642,
        10.56421791870715,
        10.03579666383745,
        11.64608974897977,
        11.680284823134249,
        10.485836756798406,
        10.020015425428824,
        13.296402446850426,
        12.579991632468934,
        13.16774298777533,
        12.824190933464857,
        10.975221288430419,
        12.725274887231537,
        11.38441752530997,
        12.574646104923655,
        12.646264686372676,
        12.373533628618583,
        10.308725473533903,
        10.219544188392945,
        11.334356010817782,
        11.270896627089398,
        11.813086423634816,
        8.538319707806831,
        8.01611880763621,
        7.575131127977653,
        5.247792854738666,
        7.007961530126854,
        6.853456200392695,
        5.871744772703763
    ],
    "electricity_cost": [
        0.2068,
        0.2068,
        0.2068,
        0.2068,
        0.2068,
        0.2068,
        0.2068,
        0.2068,
        0.2068,
        0.2068,
        0.2068,
        0.2068,
        0.2068,
        0.2068,
        0.2516,
        0.2516,
        0.2516,
        0.2516,
        0.2516,
        0.2516,
        0.2516,
        0.2516,
        0.2516,
        0.2516,
        0.2516,
        0.2516,
        0.2516,
        0.2516,
        0.2516,
        0.2516,
        0.2516,
        0.2516,
        0.2516,
        0.2516,
        0.2516,
        0.2516,
        0.2516,
        0.2516,
        0.2516,
        0.2516,
        0.2516,
        0.2516,
        0.2516,
        0.2516,
        0.2516,
        0.2516,
        0.2068,
        0.2068
    ]
}