{
    "name": "tcl48",
    "input_path": "tcl/input/tcl48",
    "output_path": "tcl/output/tcl48",
    "working_dir": "tcl/input/tcl48",
    "initial_temperature": 18.866582213005206,
    "coefDeltaTemp": 0.05625,
    "coefConso": 1.0,
    "puissanceMin": 0,
    "puissanceMax": 4,
    "temperature_max": 21.796677847765572,
    "temperature_min": 15.229957359113822,
    "chroniqueTempExt": [
        2.329453571349803,
        3.3550447933174796,
        3.8496308954082408,
        4.771867185475882,
        2.4391562102850175,
        3.4735753693713236,
        3.313016170500097,
        2.4745001721295727,
        3.5138850954634204,
        2.3099197994463054,
        3.4090712803977743,
        3.541110728999477,
        2.92825132151868,
        3.1519505563584276,
        5.54978717095776,
        5.290578441355593,
        6.611385977201848,
        6.071475472452062,
        7.3900365939776735,
        5.589804819945277,
        7.256331068461812,
        7.099432990801905,
        8.651903665360065,
        10.07368251058126,
        8.355392468306645,
        8.843512842861044,
        8.4644395598152,
        7.8729724794857265,
        8.109874146859998,
        9.489675771483306,
        10.06120070414601,
        8.972711226061715,
        9.048525468846737,
        10.068706843151048,
        8.303180893547601,
        10.381845169919371,
        6.919722088688871,
        9.522649188093808,
        8.126230277897431,
        8.075455458261574,
        7.788683388832055,
        7.887871901490684,
        4.9616372873683705,
        5.093671311258311,
        5.031992367064033,
        3.3139593786763655,
        4.172778611506562,
        3.1075671796598687
    ],
    "electricity_cost": [
        0.2068,
        0.2068,
        0.2068,
        0.2068,
        0.2068,
        0.2068,
        0.2068,
        0.2068,
        0.2068,
        0.2068,
        0.2068,
        0.2068,
        0.2068,
        0.2068,
        0.2516,
        0.2516,
        0.2516,
        0.2516,
        0.2516,
        0.2516,
        0.2516,
        0.2516,
        0.2516,
        0.2516,
        0.2516,
        0.2516,
        0.2516,
        0.2516,
        0.2516,
        0.2516,
        0.2516,
        0.2516,
        0.2516,
        0.2516,
        0.2516,
        0.2516,
        0.2516,
        0.2516,
        0.2516,
        0.2516,
        0.2516,
        0.2516,
        0.2516,
        0.2516,
        0.2516,
        0.2516,
        0.2068,
        0.2068
    ]
}