{
    "name": "tcl10",
    "input_path": "tcl/input/tcl10",
    "output_path": "tcl/output/tcl10",
    "working_dir": "tcl/input/tcl10",
    "initial_temperature": 17.825307314618293,
    "coefDeltaTemp": 0.05625,
    "coefConso": 1,
    "puissanceMin": 0,
    "puissanceMax": 4,
    "temperature_max": 21.083592422485257,
    "temperature_min": 16.493020641793077,
    "chroniqueTempExt": [
        0.26958414625496463,
        1.2242437737493872,
        0.5372262719034664,
        1.8240702946095189,
        0.04597992765993242,
        0.7263674776462927,
        0.2954635501540487,
        -0.060739343603113394,
        1.4545095981575966,
        1.2268047073334436,
        3.1143688075770224,
        2.9941294838996297,
        0.8141632346130668,
        0.5296759010705946,
        2.119232172352418,
        3.7460846536575643,
        2.4666940477555133,
        3.1668316869821664,
        4.854669215709109,
        4.0546035472485045,
        3.2421883506238602,
        5.199993415907779,
        5.708854611446958,
        4.868451457778852,
        5.3130240783261895,
        5.750326400455551,
        3.7790592310499616,
        7.3165390145359375,
        5.884741988801691,
        4.560581073822125,
        6.31911449075174,
        5.872089980150377,
        6.217514573802184,
        4.453090705060549,
        5.1147149001112115,
        5.012165031639866,
        5.053148954974228,
        6.033857080042913,
        5.98079468237231,
        4.092094064118773,
        4.939794823000672,
        4.367259005409336,
        1.5245206323548453,
        0.07295860738548443,
        1.041034881854262,
        0.9789025889412014,
        4.646153123353814,
        0.6394595799129753
    ],
    "electricity_cost": [
        0.2068,
        0.2068,
        0.2068,
        0.2068,
        0.2068,
        0.2068,
        0.2068,
        0.2068,
        0.2068,
        0.2068,
        0.2068,
        0.2068,
        0.2068,
        0.2068,
        0.2516,
        0.2516,
        0.2516,
        0.2516,
        0.2516,
        0.2516,
        0.2516,
        0.2516,
        0.2516,
        0.2516,
        0.2516,
        0.2516,
        0.2516,
        0.2516,
        0.2516,
        0.2516,
        0.2516,
        0.2516,
        0.2516,
        0.2516,
        0.2516,
        0.2516,
        0.2516,
        0.2516,
        0.2516,
        0.2516,
        0.2516,
        0.2516,
        0.2516,
        0.2516,
        0.2516,
        0.2516,
        0.2068,
        0.2068
    ]
}