{
    "name": "tcl29",
    "input_path": "tcl/input/tcl29",
    "output_path": "tcl/output/tcl29",
    "working_dir": "tcl/input/tcl29",
    "initial_temperature": 19.34066520865039,
    "coefDeltaTemp": 0.05625,
    "coefConso": 1.0,
    "puissanceMin": 0,
    "puissanceMax": 4,
    "temperature_max": 21.200967700317197,
    "temperature_min": 16.290379386341883,
    "chroniqueTempExt": [
        1.3203066577175357,
        0.5627164030071492,
        1.560303069105276,
        0.19841937689019917,
        1.5816709303165277,
        1.4534709539075485,
        0.7353098216330928,
        0.6735802520039046,
        0.8303139577865848,
        2.6593274943760115,
        -0.24394445073461735,
        1.6123484656221545,
        1.4669867574365343,
        2.9786624648907636,
        1.0661985961829812,
        2.5746770240526153,
        3.534290725787351,
        2.5641886461866714,
        3.184885088581427,
        3.8908506168413117,
        4.836142328965507,
        4.966666434505175,
        5.249527889328118,
        5.137738312596438,
        6.613457346702859,
        3.624865235046312,
        5.962471755403395,
        6.154422537042285,
        3.4542214150189485,
        6.821305309447369,
        4.606710426510266,
        7.165047098918779,
        5.908197450733151,
        7.258145093100662,
        4.798925037046192,
        5.148664688122424,
        7.001513651279366,
        5.545748821772416,
        6.645908123351041,
        4.524123299481367,
        5.402077188528643,
        2.5437395638450453,
        3.756783493137056,
        2.480361918011654,
        2.115880713414043,
        2.604985703422048,
        1.8441756291945905,
        1.9509295229950425
    ],
    "electricity_cost": [
        0.2068,
        0.2068,
        0.2068,
        0.2068,
        0.2068,
        0.2068,
        0.2068,
        0.2068,
        0.2068,
        0.2068,
        0.2068,
        0.2068,
        0.2068,
        0.2068,
        0.2516,
        0.2516,
        0.2516,
        0.2516,
        0.2516,
        0.2516,
        0.2516,
        0.2516,
        0.2516,
        0.2516,
        0.2516,
        0.2516,
        0.2516,
        0.2516,
        0.2516,
        0.2516,
        0.2516,
        0.2516,
        0.2516,
        0.2516,
        0.2516,
        0.2516,
        0.2516,
        0.2516,
        0.2516,
        0.2516,
        0.2516,
        0.2516,
        0.2516,
        0.2516,
        0.2516,
        0.2516,
        0.2068,
        0.2068
    ]
}