{
    "name": "tcl124",
    "input_path": "tcl/input/tcl124",
    "output_path": "tcl/output/tcl124",
    "working_dir": "tcl/input/tcl124",
    "initial_temperature": 18.532058034236883,
    "coefDeltaTemp": 0.05625,
    "coefConso": 1.0,
    "puissanceMin": 0,
    "puissanceMax": 4,
    "temperature_max": 21.615535713109775,
    "temperature_min": 15.466534624483785,
    "chroniqueTempExt": [
        9.458564146288213,
        12.172527618768841,
        11.907406937201001,
        10.622847767128123,
        10.982327426785464,
        12.730923316150482,
        12.945488704914629,
        11.612653426877529,
        10.459924433406048,
        11.769778860424518,
        10.1911558902464,
        10.994580054636474,
        13.210630624542901,
        13.611653664333472,
        14.001325117572545,
        13.692796067560257,
        14.916303599653716,
        15.904426988508959,
        16.979127492299664,
        16.8474541579125,
        16.559106116699343,
        16.61357103177317,
        18.079649170829043,
        17.5047229738828,
        19.772255772238132,
        18.44904475779174,
        19.98220425534069,
        18.781817591807307,
        20.157657038762753,
        19.15823218354965,
        18.480206797296862,
        18.911307379808846,
        16.409815240588728,
        16.421035747120232,
        19.307082954513497,
        17.781111490739438,
        19.370589103968793,
        17.83843089906573,
        17.001973190483238,
        17.27906962608144,
        17.40266103897729,
        16.4933498272864,
        14.49266967116577,
        16.20116721245089,
        13.144071036848006,
        14.398644873645997,
        11.84967632886983,
        11.947224864642331
    ],
    "electricity_cost": [
        0.2068,
        0.2068,
        0.2068,
        0.2068,
        0.2068,
        0.2068,
        0.2068,
        0.2068,
        0.2068,
        0.2068,
        0.2068,
        0.2068,
        0.2068,
        0.2068,
        0.2516,
        0.2516,
        0.2516,
        0.2516,
        0.2516,
        0.2516,
        0.2516,
        0.2516,
        0.2516,
        0.2516,
        0.2516,
        0.2516,
        0.2516,
        0.2516,
        0.2516,
        0.2516,
        0.2516,
        0.2516,
        0.2516,
        0.2516,
        0.2516,
        0.2516,
        0.2516,
        0.2516,
        0.2516,
        0.2516,
        0.2516,
        0.2516,
        0.2516,
        0.2516,
        0.2516,
        0.2516,
        0.2068,
        0.2068
    ]
}