{
    "name": "tcl89",
    "input_path": "tcl/input/tcl89",
    "output_path": "tcl/output/tcl89",
    "working_dir": "tcl/input/tcl89",
    "initial_temperature": 18.326098418089742,
    "coefDeltaTemp": 0.05625,
    "coefConso": 1.0,
    "puissanceMin": 0,
    "puissanceMax": 4,
    "temperature_max": 20.75381967518297,
    "temperature_min": 16.003109683940156,
    "chroniqueTempExt": [
        -0.24782699687880783,
        2.0380577375517173,
        0.9389118195149604,
        0.7631049330020382,
        1.7631921646473994,
        3.5668749838647473,
        0.982534601612046,
        0.5536016572617503,
        1.0156899283819036,
        0.7433751160694239,
        1.1753980042881915,
        1.5071470970623837,
        -0.9784034896227332,
        -0.5721315029692011,
        2.620871832228727,
        2.764674148426372,
        2.0712444253688957,
        3.113070367792831,
        3.828912060472545,
        3.5159925655089355,
        2.963931303671001,
        5.000145127677498,
        6.625988513771992,
        5.334197370241023,
        7.13147092909395,
        6.537132925747297,
        4.708672992738053,
        4.660154246121322,
        5.042057549482797,
        7.119989709457257,
        4.928525298680696,
        5.328698713004198,
        5.9119730963925115,
        5.621572473753236,
        5.10959501056163,
        5.931613705373605,
        5.710187915804784,
        5.428675416036541,
        5.27621884371998,
        5.382306233825639,
        4.761539729389459,
        3.8978614614345144,
        3.7494863201680446,
        2.3214689385743488,
        1.28146952450964,
        2.840181601029836,
        1.2149520765407102,
        2.2629272533263656
    ],
    "electricity_cost": [
        0.2068,
        0.2068,
        0.2068,
        0.2068,
        0.2068,
        0.2068,
        0.2068,
        0.2068,
        0.2068,
        0.2068,
        0.2068,
        0.2068,
        0.2068,
        0.2068,
        0.2516,
        0.2516,
        0.2516,
        0.2516,
        0.2516,
        0.2516,
        0.2516,
        0.2516,
        0.2516,
        0.2516,
        0.2516,
        0.2516,
        0.2516,
        0.2516,
        0.2516,
        0.2516,
        0.2516,
        0.2516,
        0.2516,
        0.2516,
        0.2516,
        0.2516,
        0.2516,
        0.2516,
        0.2516,
        0.2516,
        0.2516,
        0.2516,
        0.2516,
        0.2516,
        0.2516,
        0.2516,
        0.2068,
        0.2068
    ]
}