{
    "name": "tcl39",
    "input_path": "tcl/input/tcl39",
    "output_path": "tcl/output/tcl39",
    "working_dir": "tcl/input/tcl39",
    "initial_temperature": 19.361426661140996,
    "coefDeltaTemp": 0.05625,
    "coefConso": 1.0,
    "puissanceMin": 0,
    "puissanceMax": 4,
    "temperature_max": 21.40803391645496,
    "temperature_min": 16.12155211870264,
    "chroniqueTempExt": [
        4.216903318933626,
        2.8636197766604585,
        1.716219027710919,
        2.6207856992248266,
        3.252070871583359,
        5.058528974159893,
        3.88674142519466,
        2.017127766668179,
        3.288156512337995,
        2.5420575229657354,
        5.498406857936853,
        2.3925947990698253,
        2.1291887340954734,
        1.3474282124441719,
        5.368131448135934,
        5.041997115449176,
        5.963223804563727,
        6.418958275993921,
        7.08760994769021,
        7.130439936691319,
        7.343871551015804,
        8.714717216934273,
        8.198559104993773,
        8.252500791267241,
        9.979168923551983,
        9.895426016319002,
        8.99127906751884,
        6.456947872588835,
        10.70468889423188,
        10.969592473402399,
        8.465813643303845,
        7.655180888615971,
        9.061379348507867,
        8.852541993349186,
        8.069300132042798,
        10.125738482520525,
        9.208674680429677,
        5.56751138214848,
        6.8715525243135565,
        5.7330044496890356,
        5.911334450980014,
        5.8901795470642755,
        5.504181933668349,
        7.123165110034691,
        5.033936457736139,
        5.168828655400545,
        4.582361731274035,
        4.5136735932272
    ],
    "electricity_cost": [
        0.2068,
        0.2068,
        0.2068,
        0.2068,
        0.2068,
        0.2068,
        0.2068,
        0.2068,
        0.2068,
        0.2068,
        0.2068,
        0.2068,
        0.2068,
        0.2068,
        0.2516,
        0.2516,
        0.2516,
        0.2516,
        0.2516,
        0.2516,
        0.2516,
        0.2516,
        0.2516,
        0.2516,
        0.2516,
        0.2516,
        0.2516,
        0.2516,
        0.2516,
        0.2516,
        0.2516,
        0.2516,
        0.2516,
        0.2516,
        0.2516,
        0.2516,
        0.2516,
        0.2516,
        0.2516,
        0.2516,
        0.2516,
        0.2516,
        0.2516,
        0.2516,
        0.2516,
        0.2516,
        0.2068,
        0.2068
    ]
}