{
    "name": "tcl27",
    "input_path": "tcl/input/tcl27",
    "output_path": "tcl/output/tcl27",
    "working_dir": "tcl/input/tcl27",
    "initial_temperature": 19.377203185334317,
    "coefDeltaTemp": 0.05625,
    "coefConso": 1,
    "puissanceMin": 0,
    "puissanceMax": 4,
    "temperature_max": 20.232327077186604,
    "temperature_min": 15.909867324203452,
    "chroniqueTempExt": [
        0.4946049828842086,
        2.8496654368487846,
        1.8965458520371676,
        1.378015446946495,
        0.9569753040330278,
        1.4984194037264393,
        0.37610404237266204,
        0.09655708236186011,
        0.4253947237015424,
        1.742538486189639,
        2.777723236048641,
        0.5440641165578651,
        1.6145111188616275,
        2.8852359897704103,
        2.0742210832857575,
        0.31232900953405274,
        2.771728856513077,
        3.036284982338277,
        2.517841280976948,
        5.096183586148629,
        2.4019328016378623,
        4.589195850622417,
        5.0277321995526005,
        5.288350924945985,
        6.56674038652317,
        7.490682057398696,
        6.163081081426118,
        6.910665926088755,
        6.149340838798313,
        5.358304602829504,
        5.587831803248216,
        5.455116405073002,
        7.510957753017127,
        6.192363442539786,
        4.676783201024946,
        4.902603577560164,
        4.7421239442326675,
        5.820822566682584,
        4.743381019515807,
        4.926049723682039,
        4.645236635554637,
        2.662437329771596,
        3.9585331078468387,
        2.7432327177940627,
        2.97892372416306,
        1.5731560021708986,
        0.47049592864911227,
        1.2645711516547062
    ],
    "electricity_cost": [
        0.2068,
        0.2068,
        0.2068,
        0.2068,
        0.2068,
        0.2068,
        0.2068,
        0.2068,
        0.2068,
        0.2068,
        0.2068,
        0.2068,
        0.2068,
        0.2068,
        0.2516,
        0.2516,
        0.2516,
        0.2516,
        0.2516,
        0.2516,
        0.2516,
        0.2516,
        0.2516,
        0.2516,
        0.2516,
        0.2516,
        0.2516,
        0.2516,
        0.2516,
        0.2516,
        0.2516,
        0.2516,
        0.2516,
        0.2516,
        0.2516,
        0.2516,
        0.2516,
        0.2516,
        0.2516,
        0.2516,
        0.2516,
        0.2516,
        0.2516,
        0.2516,
        0.2516,
        0.2516,
        0.2068,
        0.2068
    ]
}