{
    "name": "tcl70",
    "input_path": "tcl/input/tcl70",
    "output_path": "tcl/output/tcl70",
    "working_dir": "tcl/input/tcl70",
    "initial_temperature": 19.225260431748183,
    "coefDeltaTemp": 0.05625,
    "coefConso": 1.0,
    "puissanceMin": 0,
    "puissanceMax": 4,
    "temperature_max": 20.240134425808083,
    "temperature_min": 15.850388525008707,
    "chroniqueTempExt": [
        11.845556090030081,
        11.060953291205662,
        9.630808739181075,
        9.897770058537477,
        9.059997879582609,
        9.527526578787208,
        11.414292401087588,
        10.553723814283689,
        9.623923485939162,
        9.587424519729687,
        10.05015637898514,
        10.95627578117525,
        10.541927646876793,
        8.545640251421343,
        10.443423547615705,
        12.203734645466124,
        11.978689529524662,
        10.920263071641422,
        13.860833209439633,
        14.634317243042894,
        14.977759492497967,
        13.561783165440783,
        16.31894995690374,
        16.467642770628945,
        15.604958755662018,
        16.654484748190534,
        14.47790797695688,
        16.5977779628762,
        17.49901782849448,
        16.40840261534099,
        16.05238235386958,
        14.684739477805346,
        16.040329688120575,
        15.205388871233515,
        16.39201726296356,
        16.842663078390704,
        17.12521049365633,
        16.37259052209502,
        14.740493574071827,
        14.870403962844776,
        14.184427634558643,
        13.316490768389489,
        12.526908605717328,
        12.110404904058825,
        10.924113784194315,
        9.688096414259592,
        10.33895365355872,
        10.415548692502952
    ],
    "electricity_cost": [
        0.2068,
        0.2068,
        0.2068,
        0.2068,
        0.2068,
        0.2068,
        0.2068,
        0.2068,
        0.2068,
        0.2068,
        0.2068,
        0.2068,
        0.2068,
        0.2068,
        0.2516,
        0.2516,
        0.2516,
        0.2516,
        0.2516,
        0.2516,
        0.2516,
        0.2516,
        0.2516,
        0.2516,
        0.2516,
        0.2516,
        0.2516,
        0.2516,
        0.2516,
        0.2516,
        0.2516,
        0.2516,
        0.2516,
        0.2516,
        0.2516,
        0.2516,
        0.2516,
        0.2516,
        0.2516,
        0.2516,
        0.2516,
        0.2516,
        0.2516,
        0.2516,
        0.2516,
        0.2516,
        0.2068,
        0.2068
    ]
}