{
    "name": "tcl28",
    "input_path": "tcl/input/tcl28",
    "output_path": "tcl/output/tcl28",
    "working_dir": "tcl/input/tcl28",
    "initial_temperature": 18.218769849191936,
    "coefDeltaTemp": 0.05625,
    "coefConso": 1,
    "puissanceMin": 0,
    "puissanceMax": 4,
    "temperature_max": 21.224430641717202,
    "temperature_min": 16.99163627666405,
    "chroniqueTempExt": [
        10.654847199334455,
        9.2760494347548,
        10.553555441265182,
        9.995000080168875,
        11.736596336076204,
        10.222197446309613,
        8.853836154711313,
        11.078136328779593,
        9.998360669203297,
        9.289376563188274,
        8.969792577658144,
        9.647170186084423,
        9.581815974495486,
        9.585309621699377,
        11.0560695616414,
        11.058340700538878,
        11.535156886141957,
        13.55693379148134,
        12.0051387993823,
        14.550520254022734,
        14.860149603582277,
        16.510028999266385,
        15.556584885153267,
        15.285803968940547,
        17.240550564218132,
        15.766751417881412,
        15.149196833973894,
        17.940518377062993,
        16.232467605189306,
        15.32337633151918,
        16.273510474198304,
        15.312476476684973,
        15.548727763448538,
        16.605769304074563,
        15.749264521765845,
        15.036534965120438,
        15.476093209246015,
        14.359384916573493,
        13.63265200591976,
        15.720212729190553,
        13.61089544159419,
        13.0784080979395,
        13.539868241178983,
        12.314469095398286,
        12.158044044724251,
        11.156255442958233,
        10.192732504320391,
        10.626378176874825
    ],
    "electricity_cost": [
        0.2068,
        0.2068,
        0.2068,
        0.2068,
        0.2068,
        0.2068,
        0.2068,
        0.2068,
        0.2068,
        0.2068,
        0.2068,
        0.2068,
        0.2068,
        0.2068,
        0.2516,
        0.2516,
        0.2516,
        0.2516,
        0.2516,
        0.2516,
        0.2516,
        0.2516,
        0.2516,
        0.2516,
        0.2516,
        0.2516,
        0.2516,
        0.2516,
        0.2516,
        0.2516,
        0.2516,
        0.2516,
        0.2516,
        0.2516,
        0.2516,
        0.2516,
        0.2516,
        0.2516,
        0.2516,
        0.2516,
        0.2516,
        0.2516,
        0.2516,
        0.2516,
        0.2516,
        0.2516,
        0.2068,
        0.2068
    ]
}