{
    "name": "tcl231",
    "input_path": "tcl/input/tcl231",
    "output_path": "tcl/output/tcl231",
    "working_dir": "tcl/input/tcl231",
    "initial_temperature": 18.352844473111155,
    "coefDeltaTemp": 0.05625,
    "coefConso": 1.0,
    "puissanceMin": 0,
    "puissanceMax": 4,
    "temperature_max": 20.579286921720332,
    "temperature_min": 15.914173147105977,
    "chroniqueTempExt": [
        12.731081772127217,
        14.309613819412112,
        15.380174336924282,
        15.739983478435564,
        15.211865171586142,
        13.91021339409664,
        14.259306372066588,
        15.458650990847563,
        17.843877947305653,
        14.15788764441662,
        14.08462727151724,
        16.290578933159683,
        15.823707162306317,
        16.357301512158298,
        17.103170189093582,
        16.385444550019606,
        17.912693318880248,
        18.84031555134847,
        18.524592738104,
        19.46169247042229,
        21.211991989575676,
        18.82035238700563,
        21.720113339553887,
        20.341060505424142,
        23.226326714614295,
        23.743777451137657,
        22.78646346327855,
        22.231552707210792,
        22.473417572882433,
        21.130439565589985,
        23.18999723903494,
        19.78510325500136,
        20.625027688289897,
        22.02882411063355,
        22.07012941223603,
        22.932835681846427,
        21.995886284719564,
        21.089245028573377,
        22.804993303783508,
        19.964689564119407,
        20.22801592411165,
        16.91144197738983,
        20.985984475111955,
        18.07714395155328,
        17.407572136769296,
        16.524188321973405,
        13.373359787435103,
        14.406672434015837
    ],
    "electricity_cost": [
        0.2068,
        0.2068,
        0.2068,
        0.2068,
        0.2068,
        0.2068,
        0.2068,
        0.2068,
        0.2068,
        0.2068,
        0.2068,
        0.2068,
        0.2068,
        0.2068,
        0.2516,
        0.2516,
        0.2516,
        0.2516,
        0.2516,
        0.2516,
        0.2516,
        0.2516,
        0.2516,
        0.2516,
        0.2516,
        0.2516,
        0.2516,
        0.2516,
        0.2516,
        0.2516,
        0.2516,
        0.2516,
        0.2516,
        0.2516,
        0.2516,
        0.2516,
        0.2516,
        0.2516,
        0.2516,
        0.2516,
        0.2516,
        0.2516,
        0.2516,
        0.2516,
        0.2516,
        0.2516,
        0.2068,
        0.2068
    ]
}