{
    "name": "tcl118",
    "input_path": "tcl/input/tcl118",
    "output_path": "tcl/output/tcl118",
    "working_dir": "tcl/input/tcl118",
    "initial_temperature": 18.61707801477757,
    "coefDeltaTemp": 0.05625,
    "coefConso": 1.0,
    "puissanceMin": 0,
    "puissanceMax": 4,
    "temperature_max": 21.2257268660275,
    "temperature_min": 16.343664770785676,
    "chroniqueTempExt": [
        1.1991268911925668,
        2.008900600849821,
        0.46221274727143324,
        1.7588429963676355,
        2.586148786540609,
        1.3097799659406602,
        1.089688731547303,
        0.6540431612252547,
        0.9384659972166113,
        0.6338186514924716,
        -1.0052517240670689,
        -0.4682900794197762,
        1.3802464084911252,
        0.5488004986103308,
        1.9818992756799274,
        2.765440938918875,
        3.0630234402818974,
        4.216724299299622,
        3.768670930271707,
        3.5530106720989973,
        4.040373317101211,
        5.347846447848986,
        4.044056831913796,
        3.8068570991016597,
        6.053461254750204,
        5.209649872272471,
        6.6504761918500135,
        4.845820820728576,
        5.622032107127754,
        7.526479460458924,
        5.419300000083956,
        5.799932666032695,
        4.884897359276498,
        7.395622257412681,
        5.66895752577572,
        5.159150133274246,
        5.564184815834748,
        4.158375895248935,
        5.989708788154921,
        3.177834270313714,
        4.223406695033991,
        3.3355414640657264,
        2.5132777615978372,
        2.962580123696877,
        1.4953477938376003,
        4.3281147966248295,
        1.2193385751353722,
        1.969662071724346
    ],
    "electricity_cost": [
        0.2068,
        0.2068,
        0.2068,
        0.2068,
        0.2068,
        0.2068,
        0.2068,
        0.2068,
        0.2068,
        0.2068,
        0.2068,
        0.2068,
        0.2068,
        0.2068,
        0.2516,
        0.2516,
        0.2516,
        0.2516,
        0.2516,
        0.2516,
        0.2516,
        0.2516,
        0.2516,
        0.2516,
        0.2516,
        0.2516,
        0.2516,
        0.2516,
        0.2516,
        0.2516,
        0.2516,
        0.2516,
        0.2516,
        0.2516,
        0.2516,
        0.2516,
        0.2516,
        0.2516,
        0.2516,
        0.2516,
        0.2516,
        0.2516,
        0.2516,
        0.2516,
        0.2516,
        0.2516,
        0.2068,
        0.2068
    ]
}