{
    "name": "tcl102",
    "input_path": "tcl/input/tcl102",
    "output_path": "tcl/output/tcl102",
    "working_dir": "tcl/input/tcl102",
    "initial_temperature": 18.972097481563207,
    "coefDeltaTemp": 0.05625,
    "coefConso": 1.0,
    "puissanceMin": 0,
    "puissanceMax": 4,
    "temperature_max": 20.86644235547888,
    "temperature_min": 16.11364056976505,
    "chroniqueTempExt": [
        3.5334242366361055,
        3.9104693402329502,
        3.188008397482461,
        2.516300470193216,
        5.312484372639179,
        3.647037209094776,
        4.378574542771729,
        5.015363753227531,
        4.416726325594701,
        3.2374552910864267,
        2.5258961284044434,
        4.2400375199666085,
        5.003792237054903,
        3.7145886259102037,
        4.604531675093604,
        5.224979050679951,
        6.236588105707557,
        4.254055626911558,
        6.456884395909311,
        9.140566676582745,
        7.271230405600607,
        7.094986757269655,
        7.832235820266778,
        9.365866669115269,
        9.047049682450437,
        8.439017005327473,
        9.093593410293343,
        9.586330100827478,
        8.338097461044455,
        8.21746524402573,
        10.43863119999338,
        9.11378716704948,
        9.3765876829826,
        7.965886502455172,
        7.376712323604263,
        8.233924744242588,
        8.543961536501143,
        8.038537750225101,
        8.783767810219878,
        5.9280552417029915,
        7.561899098852286,
        8.233213048822922,
        6.891586466376849,
        5.62129673429636,
        4.081869582825042,
        3.2444235745713064,
        4.249705061039881,
        4.505501784820272
    ],
    "electricity_cost": [
        0.2068,
        0.2068,
        0.2068,
        0.2068,
        0.2068,
        0.2068,
        0.2068,
        0.2068,
        0.2068,
        0.2068,
        0.2068,
        0.2068,
        0.2068,
        0.2068,
        0.2516,
        0.2516,
        0.2516,
        0.2516,
        0.2516,
        0.2516,
        0.2516,
        0.2516,
        0.2516,
        0.2516,
        0.2516,
        0.2516,
        0.2516,
        0.2516,
        0.2516,
        0.2516,
        0.2516,
        0.2516,
        0.2516,
        0.2516,
        0.2516,
        0.2516,
        0.2516,
        0.2516,
        0.2516,
        0.2516,
        0.2516,
        0.2516,
        0.2516,
        0.2516,
        0.2516,
        0.2516,
        0.2068,
        0.2068
    ]
}