{
    "name": "tcl196",
    "input_path": "tcl/input/tcl196",
    "output_path": "tcl/output/tcl196",
    "working_dir": "tcl/input/tcl196",
    "initial_temperature": 18.470381732956028,
    "coefDeltaTemp": 0.05625,
    "coefConso": 1.0,
    "puissanceMin": 0,
    "puissanceMax": 4,
    "temperature_max": 21.622409682426365,
    "temperature_min": 15.926018537744687,
    "chroniqueTempExt": [
        15.196757777756007,
        15.908705243595687,
        16.80722425721259,
        16.361882173116715,
        14.969380292940548,
        15.567331424986765,
        14.018456657312504,
        15.083946361389957,
        14.18289264708178,
        17.584219195162575,
        15.067921518822532,
        13.780964123534957,
        14.215834700696838,
        15.451859613526636,
        15.268759056514764,
        15.60965511974804,
        19.46393361260642,
        18.37228690031863,
        19.742472781158135,
        18.400704312332863,
        20.658843600142863,
        23.011527683319624,
        21.54047598380001,
        21.326331737049735,
        21.067582417140883,
        22.201936043984613,
        21.805903294410452,
        23.50533318762371,
        22.153971783938804,
        22.83942567602242,
        21.057894112391626,
        23.358096278519106,
        20.427530576264786,
        23.06578123114096,
        23.246313970026847,
        21.95290174836193,
        22.59319334603214,
        20.53902579716646,
        20.093550357756595,
        18.81393577285481,
        19.013190872469657,
        18.731175558623853,
        17.572660871937778,
        18.180397927007135,
        16.55371319965723,
        15.243890254434493,
        15.213985157640955,
        15.647631396401096
    ],
    "electricity_cost": [
        0.2068,
        0.2068,
        0.2068,
        0.2068,
        0.2068,
        0.2068,
        0.2068,
        0.2068,
        0.2068,
        0.2068,
        0.2068,
        0.2068,
        0.2068,
        0.2068,
        0.2516,
        0.2516,
        0.2516,
        0.2516,
        0.2516,
        0.2516,
        0.2516,
        0.2516,
        0.2516,
        0.2516,
        0.2516,
        0.2516,
        0.2516,
        0.2516,
        0.2516,
        0.2516,
        0.2516,
        0.2516,
        0.2516,
        0.2516,
        0.2516,
        0.2516,
        0.2516,
        0.2516,
        0.2516,
        0.2516,
        0.2516,
        0.2516,
        0.2516,
        0.2516,
        0.2516,
        0.2516,
        0.2068,
        0.2068
    ]
}