{
    "name": "tcl154",
    "input_path": "tcl/input/tcl154",
    "output_path": "tcl/output/tcl154",
    "working_dir": "tcl/input/tcl154",
    "initial_temperature": 17.9547379452687,
    "coefDeltaTemp": 0.05625,
    "coefConso": 1.0,
    "puissanceMin": 0,
    "puissanceMax": 4,
    "temperature_max": 21.13495787996302,
    "temperature_min": 15.701744085227338,
    "chroniqueTempExt": [
        2.459308107141892,
        -0.2399740712913052,
        0.5128644232092343,
        3.1315748757162214,
        1.7625942789834266,
        0.40078479359574903,
        -1.6876307777072266,
        1.704889024400119,
        1.3293123552745203,
        -0.004696088187965186,
        1.5700446540852884,
        3.5539088089332243,
        0.4016465612720507,
        0.4740691758059681,
        2.1952215646013578,
        0.8139783569106875,
        1.3447532703080458,
        2.829363716287384,
        5.6646037981735775,
        5.975551359884493,
        3.0981062097993926,
        4.777144674302058,
        4.247210507131451,
        5.820233548108764,
        7.358736466630337,
        4.339035922205207,
        5.876296489059088,
        7.3303495601507045,
        6.960336854444952,
        6.861591639085573,
        6.531371383688066,
        4.418877933741357,
        4.2725566231352685,
        6.480380393104721,
        5.761534415256042,
        4.7951448168226785,
        6.4913708704320845,
        5.913026992083235,
        4.412780571589065,
        2.4987358488204916,
        5.321177400378589,
        4.380077743077384,
        3.448835049331541,
        3.2722672901012446,
        1.974996584379816,
        1.0729769996199159,
        1.844385361025101,
        2.238333393480895
    ],
    "electricity_cost": [
        0.2068,
        0.2068,
        0.2068,
        0.2068,
        0.2068,
        0.2068,
        0.2068,
        0.2068,
        0.2068,
        0.2068,
        0.2068,
        0.2068,
        0.2068,
        0.2068,
        0.2516,
        0.2516,
        0.2516,
        0.2516,
        0.2516,
        0.2516,
        0.2516,
        0.2516,
        0.2516,
        0.2516,
        0.2516,
        0.2516,
        0.2516,
        0.2516,
        0.2516,
        0.2516,
        0.2516,
        0.2516,
        0.2516,
        0.2516,
        0.2516,
        0.2516,
        0.2516,
        0.2516,
        0.2516,
        0.2516,
        0.2516,
        0.2516,
        0.2516,
        0.2516,
        0.2516,
        0.2516,
        0.2068,
        0.2068
    ]
}