{
    "name": "tcl6",
    "input_path": "tcl/input/tcl6",
    "output_path": "tcl/output/tcl6",
    "working_dir": "tcl/input/tcl6",
    "initial_temperature": 17.360915186603275,
    "coefDeltaTemp": 0.05625,
    "coefConso": 1,
    "puissanceMin": 0,
    "puissanceMax": 4,
    "temperature_max": 21.714665164888743,
    "temperature_min": 16.149669131981696,
    "chroniqueTempExt": [
        0.35079581393777415,
        2.8441020324679536,
        -0.010465310957449958,
        0.8203461301492428,
        1.1019521494580344,
        2.221653770052286,
        1.8698326613470777,
        1.733059348371314,
        0.6490565151212893,
        0.23997460234718748,
        0.6027877194341671,
        0.21068871339406914,
        0.8834565553041057,
        0.6036276133487615,
        2.1368782506498016,
        3.548411180623143,
        2.7640071441695877,
        3.9676172860773096,
        2.6114444932764007,
        5.565340570848257,
        3.059116927275049,
        6.215629789902064,
        4.6782964106565,
        5.729657900948547,
        5.7224276044957945,
        6.5079621153557055,
        5.340948550117605,
        5.382283845389027,
        7.408151091477281,
        5.723683678367943,
        5.718728748871822,
        3.584099151890205,
        7.001177212068449,
        5.360032298012977,
        4.563948652659402,
        4.8967754474741065,
        7.591895781432894,
        6.337961871050561,
        6.088457574252961,
        5.15374940535085,
        4.699203164888532,
        4.849545486087357,
        3.0051127251072045,
        1.319478786973158,
        2.041366327480307,
        0.9216718304660622,
        0.8391642397344348,
        1.775582018534295
    ],
    "electricity_cost": [
        0.2068,
        0.2068,
        0.2068,
        0.2068,
        0.2068,
        0.2068,
        0.2068,
        0.2068,
        0.2068,
        0.2068,
        0.2068,
        0.2068,
        0.2068,
        0.2068,
        0.2516,
        0.2516,
        0.2516,
        0.2516,
        0.2516,
        0.2516,
        0.2516,
        0.2516,
        0.2516,
        0.2516,
        0.2516,
        0.2516,
        0.2516,
        0.2516,
        0.2516,
        0.2516,
        0.2516,
        0.2516,
        0.2516,
        0.2516,
        0.2516,
        0.2516,
        0.2516,
        0.2516,
        0.2516,
        0.2516,
        0.2516,
        0.2516,
        0.2516,
        0.2516,
        0.2516,
        0.2516,
        0.2068,
        0.2068
    ]
}