{
    "name": "tcl207",
    "input_path": "tcl/input/tcl207",
    "output_path": "tcl/output/tcl207",
    "working_dir": "tcl/input/tcl207",
    "initial_temperature": 18.22799098351196,
    "coefDeltaTemp": 0.05625,
    "coefConso": 1.0,
    "puissanceMin": 0,
    "puissanceMax": 4,
    "temperature_max": 20.005944347447823,
    "temperature_min": 15.336314797341103,
    "chroniqueTempExt": [
        14.18798692027391,
        13.560107340725244,
        12.85411916812884,
        14.221697050314244,
        13.787677341455929,
        12.906193546548435,
        13.835699050031133,
        12.26501988082272,
        12.651521405580453,
        11.903910124478516,
        13.163225841042266,
        12.410328614509321,
        14.088088879868772,
        15.240845240202262,
        13.957615346802756,
        13.478287147498426,
        16.7419135957256,
        15.195580972314078,
        15.091776617447646,
        16.93936635858001,
        17.53438943077743,
        18.1606926759458,
        17.358629414760223,
        19.27614530848686,
        19.32433560871722,
        18.978146336005405,
        19.84987537022087,
        19.89637838948774,
        19.83959038523418,
        17.924283113275884,
        20.69481789084139,
        19.52996154049712,
        19.323904453481106,
        18.159170264589676,
        19.47518917873249,
        17.96892700592143,
        18.451155132262656,
        18.50733262569657,
        18.63231665329265,
        18.572552644340334,
        18.243816688435807,
        17.455690919349617,
        15.288308976749573,
        13.953490466330532,
        14.539535158773399,
        14.93849618222334,
        12.313355965004579,
        14.177606314556968
    ],
    "electricity_cost": [
        0.2068,
        0.2068,
        0.2068,
        0.2068,
        0.2068,
        0.2068,
        0.2068,
        0.2068,
        0.2068,
        0.2068,
        0.2068,
        0.2068,
        0.2068,
        0.2068,
        0.2516,
        0.2516,
        0.2516,
        0.2516,
        0.2516,
        0.2516,
        0.2516,
        0.2516,
        0.2516,
        0.2516,
        0.2516,
        0.2516,
        0.2516,
        0.2516,
        0.2516,
        0.2516,
        0.2516,
        0.2516,
        0.2516,
        0.2516,
        0.2516,
        0.2516,
        0.2516,
        0.2516,
        0.2516,
        0.2516,
        0.2516,
        0.2516,
        0.2516,
        0.2516,
        0.2516,
        0.2516,
        0.2068,
        0.2068
    ]
}