{
    "name": "tcl3",
    "input_path": "tcl/input/tcl3",
    "output_path": "tcl/output/tcl3",
    "working_dir": "tcl/input/tcl3",
    "initial_temperature": 17.563035402543935,
    "coefDeltaTemp": 0.05625,
    "coefConso": 1.0,
    "puissanceMin": 0,
    "puissanceMax": 4,
    "temperature_max": 21.58972334410131,
    "temperature_min": 15.36376534132603,
    "chroniqueTempExt": [
        3.4662560616584948,
        4.328333073158049,
        2.20411029690313,
        1.7458780693211375,
        3.0416969609206013,
        4.272403819936207,
        2.4995348283949994,
        3.60401732000366,
        1.6396326514944326,
        3.17285694243032,
        3.9482881574106896,
        2.568828771287744,
        3.5847755930143976,
        4.110983808926383,
        4.35031453564333,
        5.313484881053994,
        5.69625149849376,
        4.6763570025871655,
        6.029146713643278,
        6.9643693488114975,
        6.894380745921898,
        7.1466088706253155,
        10.456367741622538,
        7.842163395578918,
        9.105638399391804,
        8.244989448947502,
        8.763580974489091,
        8.704230060160695,
        9.707690570676354,
        10.994724768250526,
        10.005567234297011,
        9.02538453246046,
        9.825452100553619,
        8.653527154208104,
        8.1671965174206,
        8.24936793465929,
        9.119755050199844,
        8.026269220146705,
        8.147347152230793,
        7.673370525734928,
        7.8291173200506945,
        5.0390480570665135,
        6.013167390448394,
        4.44862654663228,
        5.872998225336687,
        3.2422534493470248,
        4.407374399618067,
        3.722895609177373
    ],
    "electricity_cost": [
        0.2068,
        0.2068,
        0.2068,
        0.2068,
        0.2068,
        0.2068,
        0.2068,
        0.2068,
        0.2068,
        0.2068,
        0.2068,
        0.2068,
        0.2068,
        0.2068,
        0.2516,
        0.2516,
        0.2516,
        0.2516,
        0.2516,
        0.2516,
        0.2516,
        0.2516,
        0.2516,
        0.2516,
        0.2516,
        0.2516,
        0.2516,
        0.2516,
        0.2516,
        0.2516,
        0.2516,
        0.2516,
        0.2516,
        0.2516,
        0.2516,
        0.2516,
        0.2516,
        0.2516,
        0.2516,
        0.2516,
        0.2516,
        0.2516,
        0.2516,
        0.2516,
        0.2516,
        0.2516,
        0.2068,
        0.2068
    ]
}