{
    "name": "tcl187",
    "input_path": "tcl/input/tcl187",
    "output_path": "tcl/output/tcl187",
    "working_dir": "tcl/input/tcl187",
    "initial_temperature": 18.7162543335097,
    "coefDeltaTemp": 0.05625,
    "coefConso": 1.0,
    "puissanceMin": 0,
    "puissanceMax": 4,
    "temperature_max": 21.122173128943707,
    "temperature_min": 16.0478197984584,
    "chroniqueTempExt": [
        15.035721576233,
        15.378292122475774,
        17.216795847231833,
        15.92707793344579,
        14.18582065550501,
        16.24949999779271,
        14.179507368379547,
        16.461642591512476,
        15.929091694729909,
        14.463800595300707,
        13.898410276293895,
        15.826820734029637,
        14.983729594476953,
        16.29066210529508,
        15.398368854492126,
        17.014365503830597,
        19.26272460565497,
        18.44294545906469,
        18.986996639020695,
        19.06196286016776,
        19.363642217983674,
        20.605190029659394,
        21.085037708858554,
        21.404792240814484,
        22.71666098474821,
        22.132759163539,
        20.897969266490808,
        21.918954878655036,
        23.243901215850236,
        20.763797483348547,
        22.339874063991555,
        23.393739929779503,
        21.01393588021696,
        21.963920296323497,
        22.21670337643397,
        21.624396632502123,
        19.65214715185038,
        23.046799466892942,
        20.848184442968986,
        20.78783746101544,
        19.424733100484115,
        18.920765434054502,
        17.062362729708436,
        16.89730422621775,
        17.645378765771035,
        15.881699778853177,
        15.412996746211338,
        15.544070933599558
    ],
    "electricity_cost": [
        0.2068,
        0.2068,
        0.2068,
        0.2068,
        0.2068,
        0.2068,
        0.2068,
        0.2068,
        0.2068,
        0.2068,
        0.2068,
        0.2068,
        0.2068,
        0.2068,
        0.2516,
        0.2516,
        0.2516,
        0.2516,
        0.2516,
        0.2516,
        0.2516,
        0.2516,
        0.2516,
        0.2516,
        0.2516,
        0.2516,
        0.2516,
        0.2516,
        0.2516,
        0.2516,
        0.2516,
        0.2516,
        0.2516,
        0.2516,
        0.2516,
        0.2516,
        0.2516,
        0.2516,
        0.2516,
        0.2516,
        0.2516,
        0.2516,
        0.2516,
        0.2516,
        0.2516,
        0.2516,
        0.2068,
        0.2068
    ]
}