{
    "name": "tcl32",
    "input_path": "tcl/input/tcl32",
    "output_path": "tcl/output/tcl32",
    "working_dir": "tcl/input/tcl32",
    "initial_temperature": 18.433411734794216,
    "coefDeltaTemp": 0.05625,
    "coefConso": 1.0,
    "puissanceMin": 0,
    "puissanceMax": 4,
    "temperature_max": 21.35885348638795,
    "temperature_min": 15.818951485034118,
    "chroniqueTempExt": [
        11.541747095281872,
        11.99155541359202,
        10.369916077800077,
        10.674370027212216,
        11.775527342201915,
        10.72930404187334,
        12.81075572547261,
        11.883957835026873,
        12.33504622910911,
        13.80794109924139,
        9.97213005532791,
        13.287523568572196,
        11.311138977533505,
        12.478306634404587,
        12.112472892575004,
        13.635646106597841,
        13.163636858751167,
        14.71208787494419,
        15.828674543581846,
        16.170403506905668,
        17.30684853842725,
        18.644042408659857,
        18.382345601649146,
        19.395556719300842,
        18.27898289798461,
        20.273843302519673,
        18.225977507787988,
        17.84731710567194,
        17.691496614349834,
        18.388465652815356,
        17.839082139146083,
        18.018775034055242,
        19.442391329742357,
        18.54556555286704,
        19.29313577623816,
        20.065211016544698,
        21.75957731791924,
        18.34631892141746,
        18.94374552872584,
        17.577118508009402,
        14.842724021825244,
        16.418831625353558,
        14.575809226193785,
        15.044005059629045,
        14.147864467058648,
        12.283231396978051,
        12.407508203941484,
        11.936147783594679
    ],
    "electricity_cost": [
        0.2068,
        0.2068,
        0.2068,
        0.2068,
        0.2068,
        0.2068,
        0.2068,
        0.2068,
        0.2068,
        0.2068,
        0.2068,
        0.2068,
        0.2068,
        0.2068,
        0.2516,
        0.2516,
        0.2516,
        0.2516,
        0.2516,
        0.2516,
        0.2516,
        0.2516,
        0.2516,
        0.2516,
        0.2516,
        0.2516,
        0.2516,
        0.2516,
        0.2516,
        0.2516,
        0.2516,
        0.2516,
        0.2516,
        0.2516,
        0.2516,
        0.2516,
        0.2516,
        0.2516,
        0.2516,
        0.2516,
        0.2516,
        0.2516,
        0.2516,
        0.2516,
        0.2516,
        0.2516,
        0.2068,
        0.2068
    ]
}