{
    "name": "tcl32",
    "input_path": "tcl/input/tcl32",
    "output_path": "tcl/output/tcl32",
    "working_dir": "tcl/input/tcl32",
    "initial_temperature": 17.78896023415451,
    "coefDeltaTemp": 0.05625,
    "coefConso": 1,
    "puissanceMin": 0,
    "puissanceMax": 4,
    "temperature_max": 21.709054530834084,
    "temperature_min": 15.95605892575722,
    "chroniqueTempExt": [
        9.082933312664789,
        11.850798590545782,
        9.798348085252929,
        9.9885830312743,
        8.505432572685693,
        8.807661909261654,
        8.976957640109456,
        10.299548250478518,
        10.899181382711546,
        10.660889607836832,
        9.844814294555855,
        7.170859437452021,
        8.782330370525779,
        10.227723722805402,
        10.55160264903513,
        10.775115854373011,
        13.062094695217962,
        12.735882155669234,
        13.54490721286553,
        14.798925187702677,
        14.791006102225381,
        15.005589893311258,
        14.625108040139999,
        15.453629932495055,
        15.00242614539306,
        16.50957657938461,
        15.828877320947617,
        15.601530750393572,
        15.677518879957649,
        15.827011081184816,
        17.117085614371383,
        16.297345549359918,
        13.950740883751841,
        16.581637591290644,
        16.55937486056826,
        14.874312728395893,
        16.25349549033546,
        14.419565941553895,
        14.123715631260188,
        14.745288552059527,
        13.903821814305799,
        12.521074819406754,
        13.518700226963078,
        14.09187877374869,
        12.117123148701184,
        10.71384579987259,
        11.634220933892774,
        10.169879465376795
    ],
    "electricity_cost": [
        0.2068,
        0.2068,
        0.2068,
        0.2068,
        0.2068,
        0.2068,
        0.2068,
        0.2068,
        0.2068,
        0.2068,
        0.2068,
        0.2068,
        0.2068,
        0.2068,
        0.2516,
        0.2516,
        0.2516,
        0.2516,
        0.2516,
        0.2516,
        0.2516,
        0.2516,
        0.2516,
        0.2516,
        0.2516,
        0.2516,
        0.2516,
        0.2516,
        0.2516,
        0.2516,
        0.2516,
        0.2516,
        0.2516,
        0.2516,
        0.2516,
        0.2516,
        0.2516,
        0.2516,
        0.2516,
        0.2516,
        0.2516,
        0.2516,
        0.2516,
        0.2516,
        0.2516,
        0.2516,
        0.2068,
        0.2068
    ]
}