{
    "name": "tcl5",
    "input_path": "tcl/input/tcl5",
    "output_path": "tcl/output/tcl5",
    "working_dir": "tcl/input/tcl5",
    "initial_temperature": 18.335328052738983,
    "coefDeltaTemp": 0.05625,
    "coefConso": 1.0,
    "puissanceMin": 0,
    "puissanceMax": 4,
    "temperature_max": 20.270234374197784,
    "temperature_min": 16.786995893076853,
    "chroniqueTempExt": [
        5.784931603722044,
        6.0968005796075015,
        4.172940896875733,
        4.73253673987942,
        6.108479122605384,
        6.337727975971939,
        6.254588366194021,
        7.291045373394089,
        5.263169879577337,
        5.0007397245623455,
        6.323860128522631,
        6.457427256139673,
        6.249761250922324,
        7.352140588452753,
        6.516572731193638,
        7.145764803416006,
        10.424683071671723,
        7.873912918689725,
        9.817003548155405,
        9.292526213311254,
        11.343940026017723,
        11.536777830405633,
        11.683776044948267,
        14.623169837382793,
        10.916524414818142,
        12.72964672027284,
        11.758603062584339,
        10.718075586362687,
        11.0572274973288,
        10.866274076175706,
        11.592794094621658,
        11.59542325847697,
        12.080788273386942,
        10.791102526430922,
        12.012409867549763,
        12.33587290831952,
        10.837275045726562,
        10.895748883654225,
        10.129656470428628,
        9.735715410890311,
        9.555780571019657,
        10.676446591593828,
        8.29373227470877,
        9.296479003462986,
        7.062086659911514,
        6.158106902930394,
        7.716917423604336,
        5.9323141426943256
    ],
    "electricity_cost": [
        0.2068,
        0.2068,
        0.2068,
        0.2068,
        0.2068,
        0.2068,
        0.2068,
        0.2068,
        0.2068,
        0.2068,
        0.2068,
        0.2068,
        0.2068,
        0.2068,
        0.2516,
        0.2516,
        0.2516,
        0.2516,
        0.2516,
        0.2516,
        0.2516,
        0.2516,
        0.2516,
        0.2516,
        0.2516,
        0.2516,
        0.2516,
        0.2516,
        0.2516,
        0.2516,
        0.2516,
        0.2516,
        0.2516,
        0.2516,
        0.2516,
        0.2516,
        0.2516,
        0.2516,
        0.2516,
        0.2516,
        0.2516,
        0.2516,
        0.2516,
        0.2516,
        0.2516,
        0.2516,
        0.2068,
        0.2068
    ]
}