{
    "name": "tcl57",
    "input_path": "tcl/input/tcl57",
    "output_path": "tcl/output/tcl57",
    "working_dir": "tcl/input/tcl57",
    "initial_temperature": 19.31516468807504,
    "coefDeltaTemp": 0.05625,
    "coefConso": 1.0,
    "puissanceMin": 0,
    "puissanceMax": 4,
    "temperature_max": 20.473468365064843,
    "temperature_min": 16.363692548854843,
    "chroniqueTempExt": [
        -1.055448696488967,
        -0.9181073985146624,
        0.5212290713565316,
        0.5308608849050481,
        0.3616703689186772,
        -1.279244028257246,
        1.081351876474646,
        1.4699970214479228,
        -1.3857697527142057,
        -0.6590120265956972,
        -0.6931033846768068,
        -0.6885260234368092,
        0.9588814951387474,
        0.8889425900262421,
        -0.5008211592419788,
        0.5551611629539978,
        1.6416858356724426,
        0.9151454821082139,
        1.7222902174550123,
        2.185223204525011,
        3.2873493458942553,
        4.959075883047646,
        3.268211905428953,
        5.395889757396699,
        4.751740025226061,
        4.409853519672581,
        5.64252522668456,
        4.49687577687654,
        6.136826384485372,
        4.557510527184096,
        5.091874414179721,
        5.757392687434815,
        4.237347785459636,
        3.161552236806565,
        5.703259478377962,
        3.1292908928220355,
        5.725572517479305,
        4.8684750521297655,
        5.351191206959566,
        3.900007821322661,
        3.849975841662594,
        3.660597836319716,
        1.6078489060259344,
        2.1263749052586824,
        -0.2840208764998917,
        1.5387007301592759,
        1.3193538678800873,
        0.36078476721712516
    ],
    "electricity_cost": [
        0.2068,
        0.2068,
        0.2068,
        0.2068,
        0.2068,
        0.2068,
        0.2068,
        0.2068,
        0.2068,
        0.2068,
        0.2068,
        0.2068,
        0.2068,
        0.2068,
        0.2516,
        0.2516,
        0.2516,
        0.2516,
        0.2516,
        0.2516,
        0.2516,
        0.2516,
        0.2516,
        0.2516,
        0.2516,
        0.2516,
        0.2516,
        0.2516,
        0.2516,
        0.2516,
        0.2516,
        0.2516,
        0.2516,
        0.2516,
        0.2516,
        0.2516,
        0.2516,
        0.2516,
        0.2516,
        0.2516,
        0.2516,
        0.2516,
        0.2516,
        0.2516,
        0.2516,
        0.2516,
        0.2068,
        0.2068
    ]
}