{
    "name": "tcl2",
    "input_path": "tcl/input/tcl2",
    "output_path": "tcl/output/tcl2",
    "working_dir": "tcl/input/tcl2",
    "initial_temperature": 17.82481992060508,
    "coefDeltaTemp": 0.05625,
    "coefConso": 1.0,
    "puissanceMin": 0,
    "puissanceMax": 4,
    "temperature_max": 20.582660394694805,
    "temperature_min": 16.58952962222161,
    "chroniqueTempExt": [
        0.4313317993339715,
        0.4618122912925662,
        1.6260283948166636,
        1.160304204251654,
        -0.04295369873536026,
        1.934079828356361,
        1.4602117791840845,
        1.1549706820993257,
        0.6491199252990651,
        1.4185270080969363,
        -0.24624904443726026,
        2.995182270133748,
        1.9354965163631466,
        2.748783012671772,
        1.9383136231639733,
        2.6831947742477524,
        4.565330350082671,
        1.9857973653545264,
        2.5103449961202418,
        5.231606304393043,
        4.183891642852577,
        3.684822935584131,
        5.809980827163874,
        4.324597119710496,
        6.3577049088777615,
        5.720294921734414,
        5.559638855554125,
        6.969204730385494,
        6.317646467861493,
        6.145196556557596,
        5.74293667081144,
        6.283674838410236,
        5.458643024326686,
        7.724958899168525,
        5.666929795273707,
        4.7714890035917,
        3.793730039670212,
        3.857608467298417,
        5.236788836066517,
        4.2682848582929065,
        3.0627234732176003,
        3.7770524043564255,
        1.5996662863716735,
        2.7485569660479863,
        1.6151794206531278,
        1.0641040284003438,
        1.0778502697337382,
        1.503841615716957
    ],
    "electricity_cost": [
        0.2068,
        0.2068,
        0.2068,
        0.2068,
        0.2068,
        0.2068,
        0.2068,
        0.2068,
        0.2068,
        0.2068,
        0.2068,
        0.2068,
        0.2068,
        0.2068,
        0.2516,
        0.2516,
        0.2516,
        0.2516,
        0.2516,
        0.2516,
        0.2516,
        0.2516,
        0.2516,
        0.2516,
        0.2516,
        0.2516,
        0.2516,
        0.2516,
        0.2516,
        0.2516,
        0.2516,
        0.2516,
        0.2516,
        0.2516,
        0.2516,
        0.2516,
        0.2516,
        0.2516,
        0.2516,
        0.2516,
        0.2516,
        0.2516,
        0.2516,
        0.2516,
        0.2516,
        0.2516,
        0.2068,
        0.2068
    ]
}