{
    "name": "tcl13",
    "input_path": "tcl/input/tcl13",
    "output_path": "tcl/output/tcl13",
    "working_dir": "tcl/input/tcl13",
    "initial_temperature": 18.480400565932616,
    "coefDeltaTemp": 0.05625,
    "coefConso": 1.0,
    "puissanceMin": 0,
    "puissanceMax": 4,
    "temperature_max": 21.34628526630777,
    "temperature_min": 15.69527741183164,
    "chroniqueTempExt": [
        10.828649857757625,
        12.45013295975716,
        14.314728235902814,
        13.48305047557473,
        12.356142976949315,
        14.981275929812973,
        11.413440925220403,
        14.286446107017678,
        12.323042594061215,
        11.1360040449819,
        12.117246863630182,
        11.932536789626438,
        13.462988263157847,
        13.507904022198185,
        12.908412810507803,
        15.774810698048382,
        14.225901976203481,
        17.63260975713892,
        16.393476497625567,
        16.775893165386698,
        18.728309473226155,
        17.717365929683755,
        17.896393225186703,
        16.959008593010505,
        18.297952400678504,
        17.81867944496879,
        18.87941939732682,
        18.996740043911085,
        18.29642084031028,
        20.183426935246175,
        18.477475205782323,
        18.928485604012764,
        17.848627948828867,
        20.634296994792276,
        19.805367692251615,
        18.125374617702153,
        20.87470240905822,
        18.835842127848323,
        18.86164339035549,
        17.4955581534188,
        18.137680145691203,
        18.46628054115122,
        15.887148702124723,
        15.064260031357378,
        13.623194601702181,
        14.405823970454431,
        14.000823861853009,
        13.359743036795198
    ],
    "electricity_cost": [
        0.2068,
        0.2068,
        0.2068,
        0.2068,
        0.2068,
        0.2068,
        0.2068,
        0.2068,
        0.2068,
        0.2068,
        0.2068,
        0.2068,
        0.2068,
        0.2068,
        0.2516,
        0.2516,
        0.2516,
        0.2516,
        0.2516,
        0.2516,
        0.2516,
        0.2516,
        0.2516,
        0.2516,
        0.2516,
        0.2516,
        0.2516,
        0.2516,
        0.2516,
        0.2516,
        0.2516,
        0.2516,
        0.2516,
        0.2516,
        0.2516,
        0.2516,
        0.2516,
        0.2516,
        0.2516,
        0.2516,
        0.2516,
        0.2516,
        0.2516,
        0.2516,
        0.2516,
        0.2516,
        0.2068,
        0.2068
    ]
}