{
    "name": "tcl106",
    "input_path": "tcl/input/tcl106",
    "output_path": "tcl/output/tcl106",
    "working_dir": "tcl/input/tcl106",
    "initial_temperature": 17.709737745989596,
    "coefDeltaTemp": 0.05625,
    "coefConso": 1.0,
    "puissanceMin": 0,
    "puissanceMax": 4,
    "temperature_max": 21.55651912543558,
    "temperature_min": 16.026927746224764,
    "chroniqueTempExt": [
        0.3406991078029189,
        1.281661295558708,
        -0.09821253620687824,
        0.41284501763832604,
        0.7890257995987985,
        -0.3422210401452937,
        -0.06157213356114236,
        0.3522960849046644,
        1.2405355279690757,
        0.8119066080137359,
        0.723524650662887,
        -0.9914842706743185,
        -0.27573786325281074,
        1.4648389510409996,
        0.6928201458957025,
        -1.4628715529195,
        0.1227820547215186,
        1.5240052441506124,
        2.7442686523876083,
        3.3500913978838343,
        3.2494042236812257,
        3.8724535083168754,
        4.175710707190556,
        4.794978595562443,
        7.232558059392946,
        5.57358415616013,
        6.391923400903632,
        5.370737201613221,
        6.9424494942124495,
        4.191980291189839,
        3.702507178956053,
        5.321076594376068,
        2.771373501421719,
        5.331204462678982,
        4.819118834034199,
        5.737363085835896,
        4.023998041041599,
        4.42290779912056,
        3.751846630479481,
        5.49945872824054,
        3.5413056344614646,
        2.879208053204383,
        3.530179515363491,
        1.0840656457338487,
        1.584419865594031,
        1.7162861812903412,
        1.7385526805813465,
        -0.6833132469567567
    ],
    "electricity_cost": [
        0.2068,
        0.2068,
        0.2068,
        0.2068,
        0.2068,
        0.2068,
        0.2068,
        0.2068,
        0.2068,
        0.2068,
        0.2068,
        0.2068,
        0.2068,
        0.2068,
        0.2516,
        0.2516,
        0.2516,
        0.2516,
        0.2516,
        0.2516,
        0.2516,
        0.2516,
        0.2516,
        0.2516,
        0.2516,
        0.2516,
        0.2516,
        0.2516,
        0.2516,
        0.2516,
        0.2516,
        0.2516,
        0.2516,
        0.2516,
        0.2516,
        0.2516,
        0.2516,
        0.2516,
        0.2516,
        0.2516,
        0.2516,
        0.2516,
        0.2516,
        0.2516,
        0.2516,
        0.2516,
        0.2068,
        0.2068
    ]
}