{
    "name": "tcl58",
    "input_path": "tcl/input/tcl58",
    "output_path": "tcl/output/tcl58",
    "working_dir": "tcl/input/tcl58",
    "initial_temperature": 19.424132184003952,
    "coefDeltaTemp": 0.05625,
    "coefConso": 1.0,
    "puissanceMin": 0,
    "puissanceMax": 4,
    "temperature_max": 20.73150690653605,
    "temperature_min": 15.171808897942398,
    "chroniqueTempExt": [
        3.5945432484015547,
        2.5863814926465474,
        3.7180656586367133,
        2.6030015794017767,
        3.7740095749888543,
        1.85668726780906,
        4.514983556827869,
        1.9861827918171227,
        4.9598016409625,
        3.5247660110117156,
        2.118486244906729,
        3.7585060991472146,
        3.580604042742531,
        3.263234785849042,
        4.853271515219596,
        5.468092308099576,
        5.329484654895096,
        6.877748466319731,
        6.087439121109203,
        6.168614126992847,
        6.8393544167113145,
        7.517609350632679,
        9.476411467310086,
        9.94257724724243,
        7.82941156610601,
        9.157575202462507,
        10.6982305916662,
        7.2527598627667595,
        8.544544474815588,
        8.002365591597618,
        7.981997129435475,
        8.643291532153984,
        8.282107225424372,
        10.74198213894401,
        10.915364049402488,
        9.909316965819533,
        9.79745404393048,
        7.020444343944491,
        9.19372684104268,
        7.341325749260946,
        8.41540208309533,
        5.9569755988227096,
        5.6762610999781815,
        4.212054945179195,
        5.858615543688369,
        3.6549177689815786,
        4.474556358413865,
        3.7759123914822625
    ],
    "electricity_cost": [
        0.2068,
        0.2068,
        0.2068,
        0.2068,
        0.2068,
        0.2068,
        0.2068,
        0.2068,
        0.2068,
        0.2068,
        0.2068,
        0.2068,
        0.2068,
        0.2068,
        0.2516,
        0.2516,
        0.2516,
        0.2516,
        0.2516,
        0.2516,
        0.2516,
        0.2516,
        0.2516,
        0.2516,
        0.2516,
        0.2516,
        0.2516,
        0.2516,
        0.2516,
        0.2516,
        0.2516,
        0.2516,
        0.2516,
        0.2516,
        0.2516,
        0.2516,
        0.2516,
        0.2516,
        0.2516,
        0.2516,
        0.2516,
        0.2516,
        0.2516,
        0.2516,
        0.2516,
        0.2516,
        0.2068,
        0.2068
    ]
}