{
    "name": "tcl97",
    "input_path": "tcl/input/tcl97",
    "output_path": "tcl/output/tcl97",
    "working_dir": "tcl/input/tcl97",
    "initial_temperature": 19.465231072237867,
    "coefDeltaTemp": 0.05625,
    "coefConso": 1.0,
    "puissanceMin": 0,
    "puissanceMax": 4,
    "temperature_max": 21.214839445545245,
    "temperature_min": 15.537072586888774,
    "chroniqueTempExt": [
        6.00652514760561,
        7.178416269985613,
        6.366209426277764,
        5.082145595423731,
        5.992254851570512,
        5.272699096254192,
        7.726165808717413,
        6.491989104557783,
        7.1255593553763,
        7.999548047170422,
        5.440563428692963,
        7.899087182289396,
        4.966435090722959,
        6.883746246443227,
        6.728235163838941,
        9.116893823383103,
        9.440795360971366,
        9.18080141155597,
        8.87363163036743,
        11.286769055624607,
        10.024325015981486,
        11.323190864201548,
        10.14805136590627,
        11.95605004142926,
        12.303838908396376,
        11.18412030750125,
        12.347937281894747,
        12.460082263847953,
        12.847027321835839,
        12.558927060365939,
        12.46349181572731,
        11.918847531737207,
        11.846082951615845,
        11.073021484816685,
        11.725246336061373,
        11.087488350972414,
        12.157780203863071,
        12.213856179378253,
        10.392095135271576,
        10.64612509276094,
        10.01676583483901,
        8.67776861148474,
        7.353928467256316,
        8.50910508094396,
        8.02664871465708,
        7.1084553678104525,
        6.863104009823451,
        5.565791896747908
    ],
    "electricity_cost": [
        0.2068,
        0.2068,
        0.2068,
        0.2068,
        0.2068,
        0.2068,
        0.2068,
        0.2068,
        0.2068,
        0.2068,
        0.2068,
        0.2068,
        0.2068,
        0.2068,
        0.2516,
        0.2516,
        0.2516,
        0.2516,
        0.2516,
        0.2516,
        0.2516,
        0.2516,
        0.2516,
        0.2516,
        0.2516,
        0.2516,
        0.2516,
        0.2516,
        0.2516,
        0.2516,
        0.2516,
        0.2516,
        0.2516,
        0.2516,
        0.2516,
        0.2516,
        0.2516,
        0.2516,
        0.2516,
        0.2516,
        0.2516,
        0.2516,
        0.2516,
        0.2516,
        0.2516,
        0.2516,
        0.2068,
        0.2068
    ]
}