{
    "name": "tcl78",
    "input_path": "tcl/input/tcl78",
    "output_path": "tcl/output/tcl78",
    "working_dir": "tcl/input/tcl78",
    "initial_temperature": 18.717390577956774,
    "coefDeltaTemp": 0.05625,
    "coefConso": 1.0,
    "puissanceMin": 0,
    "puissanceMax": 4,
    "temperature_max": 20.66539003379613,
    "temperature_min": 16.96859232146721,
    "chroniqueTempExt": [
        14.957921063673853,
        14.773528457642584,
        15.966805155236218,
        16.19852592288333,
        16.20484415999918,
        16.419742076595856,
        14.389665697381568,
        16.52195545801926,
        17.388523652598302,
        13.72772255795866,
        14.15802714717607,
        15.430699725981958,
        17.075586266999828,
        15.205855341702618,
        16.271510075963423,
        15.932488542743519,
        18.00597425538285,
        19.377925122301974,
        18.11067086916241,
        19.67213139451887,
        19.838136436586463,
        21.6454434255355,
        21.7682128737083,
        22.797051615222227,
        21.812692920646526,
        21.34282478740873,
        19.69533955092226,
        22.198570383718767,
        21.937285982359526,
        22.86201622916758,
        23.732001057686247,
        22.56032058021468,
        22.797647808384454,
        22.171596096221847,
        20.535971733549644,
        21.13367661856985,
        20.669683175285847,
        19.084802004468457,
        21.160556321424803,
        19.46573923674024,
        18.665776415191445,
        20.097957021418605,
        17.630522608840053,
        18.24855988133246,
        16.162044923260336,
        16.86074791768046,
        15.735212294217735,
        14.930691604746583
    ],
    "electricity_cost": [
        0.2068,
        0.2068,
        0.2068,
        0.2068,
        0.2068,
        0.2068,
        0.2068,
        0.2068,
        0.2068,
        0.2068,
        0.2068,
        0.2068,
        0.2068,
        0.2068,
        0.2516,
        0.2516,
        0.2516,
        0.2516,
        0.2516,
        0.2516,
        0.2516,
        0.2516,
        0.2516,
        0.2516,
        0.2516,
        0.2516,
        0.2516,
        0.2516,
        0.2516,
        0.2516,
        0.2516,
        0.2516,
        0.2516,
        0.2516,
        0.2516,
        0.2516,
        0.2516,
        0.2516,
        0.2516,
        0.2516,
        0.2516,
        0.2516,
        0.2516,
        0.2516,
        0.2516,
        0.2516,
        0.2068,
        0.2068
    ]
}