{
    "name": "tcl109",
    "input_path": "tcl/input/tcl109",
    "output_path": "tcl/output/tcl109",
    "working_dir": "tcl/input/tcl109",
    "initial_temperature": 19.233369828253302,
    "coefDeltaTemp": 0.05625,
    "coefConso": 1.0,
    "puissanceMin": 0,
    "puissanceMax": 4,
    "temperature_max": 21.993305762762297,
    "temperature_min": 16.405326801344593,
    "chroniqueTempExt": [
        4.039041847787265,
        3.713589655904903,
        3.186980243562942,
        4.898926492486036,
        3.4593918553830885,
        2.482212687174483,
        4.496556240236853,
        2.4658603658481124,
        3.6041375158317415,
        4.029104511744843,
        3.5190909692865864,
        2.920653237304888,
        1.4100093732602095,
        3.4131623940396056,
        2.890522943160579,
        5.370861874890433,
        7.000841804216595,
        5.558308202282381,
        5.03529862384628,
        8.363710317491652,
        8.529798403377269,
        8.002536885852074,
        7.837399879186833,
        9.43980965974712,
        10.625040711132163,
        9.389461125754826,
        9.614908603059973,
        9.291507320782072,
        9.134947786315225,
        9.072612724475828,
        9.80852691261113,
        10.504273731331619,
        7.755974509348587,
        9.237404384442792,
        8.794144012918863,
        8.848530798765015,
        8.705486574898954,
        7.920829082091447,
        9.33157228245393,
        6.74767072209834,
        7.910806466940688,
        4.694871521735288,
        5.255490092554251,
        4.118911053599018,
        4.6108291295481365,
        4.594063349612368,
        3.9867382712617836,
        2.1939681064276813
    ],
    "electricity_cost": [
        0.2068,
        0.2068,
        0.2068,
        0.2068,
        0.2068,
        0.2068,
        0.2068,
        0.2068,
        0.2068,
        0.2068,
        0.2068,
        0.2068,
        0.2068,
        0.2068,
        0.2516,
        0.2516,
        0.2516,
        0.2516,
        0.2516,
        0.2516,
        0.2516,
        0.2516,
        0.2516,
        0.2516,
        0.2516,
        0.2516,
        0.2516,
        0.2516,
        0.2516,
        0.2516,
        0.2516,
        0.2516,
        0.2516,
        0.2516,
        0.2516,
        0.2516,
        0.2516,
        0.2516,
        0.2516,
        0.2516,
        0.2516,
        0.2516,
        0.2516,
        0.2516,
        0.2516,
        0.2516,
        0.2068,
        0.2068
    ]
}