{
    "name": "tcl39",
    "input_path": "tcl/input/tcl39",
    "output_path": "tcl/output/tcl39",
    "working_dir": "tcl/input/tcl39",
    "initial_temperature": 18.848844602144236,
    "coefDeltaTemp": 0.05625,
    "coefConso": 1,
    "puissanceMin": 0,
    "puissanceMax": 4,
    "temperature_max": 20.08785007871181,
    "temperature_min": 16.624006250941793,
    "chroniqueTempExt": [
        0.5702473845012751,
        0.48682434800124974,
        0.5190217579855444,
        1.4207074006041518,
        -0.1877573066247661,
        -1.6791198195511372,
        0.6959162616990665,
        1.7726653709528557,
        -1.7855959540501456,
        -0.6567675332065562,
        0.5141819564299812,
        -0.6536473969892014,
        1.4738467865667435,
        0.7617716097168608,
        1.7552902813188602,
        0.8115638397340773,
        2.709578972398212,
        0.8543478931148478,
        2.174324386817143,
        3.289373399546667,
        1.6808247490747081,
        5.43927807968908,
        4.773912407570425,
        4.973390020517151,
        5.76701937987317,
        4.196295562003138,
        4.176188824168191,
        4.42584357778453,
        4.340587656595936,
        7.428371159639327,
        4.109139622369752,
        4.42307995602868,
        4.531563838077545,
        6.353504543445014,
        4.8993285947369465,
        4.374479680027097,
        5.193296573175066,
        4.723712127491757,
        4.599000600731785,
        3.6363341500814474,
        3.202722890715866,
        2.826471491475055,
        2.6022570026272995,
        1.1820752518734907,
        0.8367361521430735,
        0.18156997577516376,
        1.2758088838818007,
        -1.23990496162123
    ],
    "electricity_cost": [
        0.2068,
        0.2068,
        0.2068,
        0.2068,
        0.2068,
        0.2068,
        0.2068,
        0.2068,
        0.2068,
        0.2068,
        0.2068,
        0.2068,
        0.2068,
        0.2068,
        0.2516,
        0.2516,
        0.2516,
        0.2516,
        0.2516,
        0.2516,
        0.2516,
        0.2516,
        0.2516,
        0.2516,
        0.2516,
        0.2516,
        0.2516,
        0.2516,
        0.2516,
        0.2516,
        0.2516,
        0.2516,
        0.2516,
        0.2516,
        0.2516,
        0.2516,
        0.2516,
        0.2516,
        0.2516,
        0.2516,
        0.2516,
        0.2516,
        0.2516,
        0.2516,
        0.2516,
        0.2516,
        0.2068,
        0.2068
    ]
}