{
    "name": "tcl202",
    "input_path": "tcl/input/tcl202",
    "output_path": "tcl/output/tcl202",
    "working_dir": "tcl/input/tcl202",
    "initial_temperature": 18.248669249751156,
    "coefDeltaTemp": 0.05625,
    "coefConso": 1.0,
    "puissanceMin": 0,
    "puissanceMax": 4,
    "temperature_max": 21.626150712171178,
    "temperature_min": 15.315795801189804,
    "chroniqueTempExt": [
        1.3828229274582629,
        3.871746482659462,
        2.540655097548398,
        2.608893434573149,
        2.9471897136109657,
        0.9084736779280225,
        1.7481194539313378,
        2.9968836980752434,
        2.6545633925149996,
        4.373668651383948,
        2.3477355207942168,
        0.7666367779265486,
        2.9999202278802266,
        1.8595810051674535,
        4.252059206710613,
        3.9418978369866093,
        3.5322747403864465,
        4.2145190661989735,
        7.613404097653332,
        7.36725577844275,
        6.611947888682368,
        7.09623895622431,
        8.557432589695775,
        8.87791400558784,
        10.411080562405786,
        8.758030978206678,
        10.94533260527541,
        9.256168052657378,
        9.023301536038147,
        8.48387544585302,
        9.575632839963777,
        10.369999132026818,
        10.517681027392046,
        11.493726339544136,
        11.416662962338581,
        8.92580740048414,
        10.13563842064679,
        8.708090272136873,
        6.884625151991049,
        7.6613811697291085,
        6.028526311051994,
        6.031811128659636,
        4.484502243290797,
        5.16839383318603,
        4.90309316224485,
        3.201630964406761,
        3.5661731306915665,
        0.5101608688871195
    ],
    "electricity_cost": [
        0.2068,
        0.2068,
        0.2068,
        0.2068,
        0.2068,
        0.2068,
        0.2068,
        0.2068,
        0.2068,
        0.2068,
        0.2068,
        0.2068,
        0.2068,
        0.2068,
        0.2516,
        0.2516,
        0.2516,
        0.2516,
        0.2516,
        0.2516,
        0.2516,
        0.2516,
        0.2516,
        0.2516,
        0.2516,
        0.2516,
        0.2516,
        0.2516,
        0.2516,
        0.2516,
        0.2516,
        0.2516,
        0.2516,
        0.2516,
        0.2516,
        0.2516,
        0.2516,
        0.2516,
        0.2516,
        0.2516,
        0.2516,
        0.2516,
        0.2516,
        0.2516,
        0.2516,
        0.2516,
        0.2068,
        0.2068
    ]
}