{
    "name": "tcl9",
    "input_path": "tcl/input/tcl9",
    "output_path": "tcl/output/tcl9",
    "working_dir": "tcl/input/tcl9",
    "initial_temperature": 18.573756693413227,
    "coefDeltaTemp": 0.05625,
    "coefConso": 1.0,
    "puissanceMin": 0,
    "puissanceMax": 4,
    "temperature_max": 20.972406243425077,
    "temperature_min": 16.364667296908927,
    "chroniqueTempExt": [
        9.481302283880979,
        7.5654747594294935,
        10.24809279750163,
        8.768239700613675,
        8.979238249437861,
        7.099262535155859,
        8.495191709086097,
        9.338586806759993,
        6.596680124602923,
        8.249805545582902,
        9.70826833816295,
        6.473948153841159,
        8.652250666247221,
        7.130102698959832,
        8.36419868892346,
        9.425127680073363,
        9.547372507724507,
        9.301262528465742,
        11.745188388365525,
        12.721652277047456,
        11.572434356560748,
        15.162499297837314,
        13.57374073077649,
        12.706856377575985,
        12.865034066589446,
        14.343297829074668,
        13.820628661532124,
        15.66799330734578,
        14.44109086346141,
        15.48686216469904,
        13.770959320171404,
        14.091308738005777,
        14.190872258929659,
        15.456802156898842,
        15.335038636551989,
        12.806499951598205,
        13.257239066633241,
        12.223841307082392,
        11.475524947549832,
        12.527261330950665,
        11.532822675172001,
        10.284084261024438,
        9.447896942780549,
        9.543753143794811,
        11.030696562729707,
        8.615556729471793,
        5.967192087219821,
        8.224411562473028
    ],
    "electricity_cost": [
        0.2068,
        0.2068,
        0.2068,
        0.2068,
        0.2068,
        0.2068,
        0.2068,
        0.2068,
        0.2068,
        0.2068,
        0.2068,
        0.2068,
        0.2068,
        0.2068,
        0.2516,
        0.2516,
        0.2516,
        0.2516,
        0.2516,
        0.2516,
        0.2516,
        0.2516,
        0.2516,
        0.2516,
        0.2516,
        0.2516,
        0.2516,
        0.2516,
        0.2516,
        0.2516,
        0.2516,
        0.2516,
        0.2516,
        0.2516,
        0.2516,
        0.2516,
        0.2516,
        0.2516,
        0.2516,
        0.2516,
        0.2516,
        0.2516,
        0.2516,
        0.2516,
        0.2516,
        0.2516,
        0.2068,
        0.2068
    ]
}