{
    "name": "tcl5",
    "input_path": "tcl/input/tcl5",
    "output_path": "tcl/output/tcl5",
    "working_dir": "tcl/input/tcl5",
    "initial_temperature": 19.26846491786692,
    "coefDeltaTemp": 0.05625,
    "coefConso": 1,
    "puissanceMin": 0,
    "puissanceMax": 4,
    "temperature_max": 20.762221112721317,
    "temperature_min": 16.039480421906774,
    "chroniqueTempExt": [
        4.144303109368953,
        6.074109883935764,
        5.517851865991353,
        6.808287661059528,
        5.38260478096074,
        5.952292168979014,
        6.175636474804803,
        6.580524447354111,
        5.291751266229589,
        4.993297086463312,
        6.847519077558086,
        5.806268923175984,
        5.1644525767578076,
        5.66349970239712,
        7.551544229810026,
        7.191137897026838,
        7.55175214767264,
        9.598246526746673,
        9.984446325461661,
        9.454736220461143,
        9.349220985367337,
        10.074566327319877,
        10.943350962991468,
        10.986381175543192,
        11.356926198809292,
        11.162740224759803,
        12.853599415747606,
        11.607377446859914,
        12.362574762684936,
        12.369147899497264,
        13.701047787910404,
        10.905396701009547,
        11.145366470651775,
        12.623441508304891,
        12.112754520755503,
        12.383836446453058,
        13.281756380168726,
        9.532969191130562,
        11.664395312459893,
        9.417199028269158,
        10.003209826721388,
        10.89355139018287,
        9.20995057477126,
        9.484478255242072,
        8.794665297063103,
        7.13066573215338,
        4.933284377410175,
        5.931949293125549
    ],
    "electricity_cost": [
        0.2068,
        0.2068,
        0.2068,
        0.2068,
        0.2068,
        0.2068,
        0.2068,
        0.2068,
        0.2068,
        0.2068,
        0.2068,
        0.2068,
        0.2068,
        0.2068,
        0.2516,
        0.2516,
        0.2516,
        0.2516,
        0.2516,
        0.2516,
        0.2516,
        0.2516,
        0.2516,
        0.2516,
        0.2516,
        0.2516,
        0.2516,
        0.2516,
        0.2516,
        0.2516,
        0.2516,
        0.2516,
        0.2516,
        0.2516,
        0.2516,
        0.2516,
        0.2516,
        0.2516,
        0.2516,
        0.2516,
        0.2516,
        0.2516,
        0.2516,
        0.2516,
        0.2516,
        0.2516,
        0.2068,
        0.2068
    ]
}