{
    "name": "tcl170",
    "input_path": "tcl/input/tcl170",
    "output_path": "tcl/output/tcl170",
    "working_dir": "tcl/input/tcl170",
    "initial_temperature": 19.454523422737022,
    "coefDeltaTemp": 0.05625,
    "coefConso": 1.0,
    "puissanceMin": 0,
    "puissanceMax": 4,
    "temperature_max": 20.584026472919657,
    "temperature_min": 15.861605180183371,
    "chroniqueTempExt": [
        8.164685947798644,
        4.819919749309179,
        4.539742910537012,
        4.892346493262803,
        6.807494105967692,
        6.6246856293261365,
        5.299188060881185,
        6.118553598964688,
        5.241596564707653,
        6.062087377530251,
        6.516875515662956,
        5.781444864473825,
        5.260678114434266,
        6.177572612293335,
        5.159922796280888,
        6.626982411413854,
        8.698256200872777,
        8.394310903337528,
        8.155803100862029,
        8.198212708441638,
        9.846034059813997,
        10.309829092627949,
        11.987699527782842,
        11.955401526997628,
        13.169673993242293,
        13.565083678981404,
        12.260612526725982,
        10.973008618232903,
        12.613469698138895,
        14.079092769800779,
        12.841077238843969,
        11.907238451460426,
        13.915570763339112,
        11.462664324281842,
        12.077589837654992,
        11.822223981265903,
        11.194345375275049,
        11.139083403310511,
        9.328527368808931,
        10.88234267721917,
        9.127856636708906,
        10.07605074898064,
        10.829680815422696,
        8.906246326042847,
        8.580194593418817,
        7.472784914900708,
        5.64729013949915,
        6.0323670848200495
    ],
    "electricity_cost": [
        0.2068,
        0.2068,
        0.2068,
        0.2068,
        0.2068,
        0.2068,
        0.2068,
        0.2068,
        0.2068,
        0.2068,
        0.2068,
        0.2068,
        0.2068,
        0.2068,
        0.2516,
        0.2516,
        0.2516,
        0.2516,
        0.2516,
        0.2516,
        0.2516,
        0.2516,
        0.2516,
        0.2516,
        0.2516,
        0.2516,
        0.2516,
        0.2516,
        0.2516,
        0.2516,
        0.2516,
        0.2516,
        0.2516,
        0.2516,
        0.2516,
        0.2516,
        0.2516,
        0.2516,
        0.2516,
        0.2516,
        0.2516,
        0.2516,
        0.2516,
        0.2516,
        0.2516,
        0.2516,
        0.2068,
        0.2068
    ]
}