{
    "load": [
        0.0,
        0.0,
        0.0,
        0.0,
        0.0,
        0.0,
        0.0,
        0.0,
        0.0,
        0.0,
        0.0,
        0.0,
        0.0,
        3.170950785842379,
        0.0,
        0.0,
        0.0,
        0.0,
        0.0,
        0.0,
        0.4393461326528741,
        0.2943969584008741,
        0.11708916060687402,
        0.18495530938287408,
        0.28844960826687405,
        0.22142878678687405,
        0.15015617759287403,
        0.16758490192287412,
        0.11249054039687412,
        0.20167090360487405,
        0.20052459130087408,
        0.21629756740487405,
        0.1646930692768741,
        0.1564784954408741,
        0.1579614122868741,
        0.15132166999487406,
        4.0,
<<<<<<< HEAD
        4.0,
=======
        0.5462004738888027,
>>>>>>> a8811f9b250f9700914c36579bf6cc2f2c0fed0f
        0.0,
        0.0,
        4.0,
        4.0,
        0.0,
        0.0,
        0.0,
        0.0,
        0.0,
        0.0
    ],
<<<<<<< HEAD
    "cost": -93.23622807375607
=======
    "cost": -93.23623222413121
>>>>>>> a8811f9b250f9700914c36579bf6cc2f2c0fed0f
}