{
    "load": [
        0.0,
        0.0,
        0.0,
        0.0,
        0.0,
        0.0,
        0.0,
        0.0,
        0.0,
        0.0,
        0.0,
        0.0,
        0.0,
        3.1709507858423898,
        0.0,
        0.0,
        0.0,
        0.0,
        0.0,
        0.0,
        0.4393461326528758,
        0.2943969584008741,
        0.11708916060687358,
        0.1849553093828753,
        0.28844960826687327,
        0.2214287867868734,
        0.1501561775928728,
        0.16758490192287567,
        0.11249054039687323,
        0.2016709036048745,
        0.20052459130087286,
        0.21629756740487238,
        0.16469306927687555,
        0.15647849544087578,
        0.15796141228687333,
        0.15132166999487495,
        4.0,
        0.5462004738887956,
        0.0,
        0.0,
        4.0,
        4.0,
        0.0,
        0.0,
        0.0,
        0.0,
        0.0,
        0.0
    ],
    "cost": -93.23620685735122
}