{
    "name": "tcl197",
    "input_path": "tcl/input/tcl197",
    "output_path": "tcl/output/tcl197",
    "working_dir": "tcl/input/tcl197",
    "initial_temperature": 18.608448623818884,
    "coefDeltaTemp": 0.05625,
    "coefConso": 1.0,
    "puissanceMin": 0,
    "puissanceMax": 4,
    "temperature_max": 21.33743316550998,
    "temperature_min": 16.72454769930925,
    "chroniqueTempExt": [
        15.676505037885878,
        15.03008793902368,
        13.511191892016178,
        15.623130808605419,
        14.738546802863185,
        16.658343546521383,
        15.97538121983586,
        14.927892768499172,
        15.429481837828565,
        17.45486565640241,
        15.23035784056243,
        15.143966643786804,
        15.03736306264746,
        15.533499574032259,
        16.712834175750892,
        14.911930917320127,
        16.929705227287243,
        19.019233522205802,
        18.437262045116093,
        18.27348777043661,
        17.95985814469361,
        19.218389496394174,
        22.04083400893222,
        21.79675277166687,
        23.604063842123715,
        22.603960930479317,
        23.05471442099754,
        22.574340324526858,
        23.212490587134813,
        20.964490285718032,
        21.26058558852531,
        21.788483237311933,
        20.635218133312698,
        21.220392806417827,
        22.392666443056253,
        22.20094217327946,
        22.56212358679822,
        21.284045423525505,
        21.188435359666293,
        20.138378235804876,
        19.73220265434189,
        19.855300129539085,
        17.50450986597918,
        19.035436728856293,
        17.220645009029944,
        17.485306690281217,
        13.853681833351715,
        14.302655288526672
    ],
    "electricity_cost": [
        0.2068,
        0.2068,
        0.2068,
        0.2068,
        0.2068,
        0.2068,
        0.2068,
        0.2068,
        0.2068,
        0.2068,
        0.2068,
        0.2068,
        0.2068,
        0.2068,
        0.2516,
        0.2516,
        0.2516,
        0.2516,
        0.2516,
        0.2516,
        0.2516,
        0.2516,
        0.2516,
        0.2516,
        0.2516,
        0.2516,
        0.2516,
        0.2516,
        0.2516,
        0.2516,
        0.2516,
        0.2516,
        0.2516,
        0.2516,
        0.2516,
        0.2516,
        0.2516,
        0.2516,
        0.2516,
        0.2516,
        0.2516,
        0.2516,
        0.2516,
        0.2516,
        0.2516,
        0.2516,
        0.2068,
        0.2068
    ]
}