{
    "name": "tcl99",
    "input_path": "tcl/input/tcl99",
    "output_path": "tcl/output/tcl99",
    "working_dir": "tcl/input/tcl99",
    "initial_temperature": 18.099605883679178,
    "coefDeltaTemp": 0.05625,
    "coefConso": 1.0,
    "puissanceMin": 0,
    "puissanceMax": 4,
    "temperature_max": 20.013465213333127,
    "temperature_min": 16.674619777843755,
    "chroniqueTempExt": [
        0.7577615320381215,
        1.5680729392488004,
        2.829990544296199,
        -0.05299621328922233,
        3.0151786997793724,
        1.2079478100317076,
        0.8530282095796728,
        1.884430721928203,
        0.6889158867783001,
        0.24656578549824737,
        1.1866952803878124,
        0.22508077600633059,
        2.866428265658314,
        2.5138507785145103,
        1.5619807842701992,
        1.4008829338944708,
        1.1396645784333903,
        3.125949225053782,
        4.812299557191816,
        2.5120474862268685,
        6.015857245708721,
        3.881047617741668,
        5.074543730924196,
        5.564233277640625,
        5.2571231703605825,
        6.909340007990332,
        4.74728672073578,
        6.23456180853143,
        5.8260563109163295,
        5.2761259669888,
        5.148703354825953,
        5.469095449174041,
        7.893195363300764,
        6.213047003384049,
        5.143653051641114,
        7.09617442035211,
        4.832760140892553,
        7.048530593326609,
        5.39381327694731,
        6.003241714455117,
        4.420725311829817,
        4.833889243582096,
        3.180169454526326,
        3.4011940626236448,
        2.5328413958602165,
        2.1575533163300045,
        1.81083999652026,
        0.6985039001427267
    ],
    "electricity_cost": [
        0.2068,
        0.2068,
        0.2068,
        0.2068,
        0.2068,
        0.2068,
        0.2068,
        0.2068,
        0.2068,
        0.2068,
        0.2068,
        0.2068,
        0.2068,
        0.2068,
        0.2516,
        0.2516,
        0.2516,
        0.2516,
        0.2516,
        0.2516,
        0.2516,
        0.2516,
        0.2516,
        0.2516,
        0.2516,
        0.2516,
        0.2516,
        0.2516,
        0.2516,
        0.2516,
        0.2516,
        0.2516,
        0.2516,
        0.2516,
        0.2516,
        0.2516,
        0.2516,
        0.2516,
        0.2516,
        0.2516,
        0.2516,
        0.2516,
        0.2516,
        0.2516,
        0.2516,
        0.2516,
        0.2068,
        0.2068
    ]
}