{
    "load": [
        0.0,
        0.0,
        0.0,
        0.0,
        0.0,
        0.0,
        0.0,
        0.3537567874937295,
        0.8501131495028247,
        0.8318212142900236,
        0.8361446842302236,
        0.8337761222454247,
        1.9058873749530534,
        4.0,
        0.0,
        0.0,
        0.0,
        0.0,
        0.0,
        0.5713401598176233,
        0.6633292623176246,
        0.5753658171756264,
        0.5550985684756249,
        0.5954315892496247,
        0.4936487966876264,
        0.6338787627296263,
        0.5077626873276238,
        0.5396286689836245,
        0.5351855538176231,
        0.6528156027876264,
        0.5927403892916239,
        0.5484442737416231,
        0.5477740425116231,
        0.5688570273336246,
        0.627127454685624,
        0.563178494149625,
        4.0,
        0.7793878177980886,
        0.0,
        0.0,
        4.0,
        4.0,
        0.0,
        0.0,
        0.0,
        0.0,
        0.0,
        0.0
    ],
    "cost": -93.36823075452168
}