{
    "load": [
        0.0,
        0.0,
        0.0,
        0.0,
        0.0,
        0.0,
        0.0,
        0.3537567874937295,
        0.8501131495028247,
        0.8318212142900246,
        0.8361446842302247,
        0.8337761222454247,
        1.9058873749530747,
        4.0,
        0.0,
        0.0,
        0.0,
        0.0,
        0.0,
        0.5713401598176246,
        0.6633292623176247,
        0.5753658171756246,
        0.5550985684756247,
        0.5954315892496247,
        0.4936487966876247,
        0.6338787627296247,
        0.5077626873276246,
        0.5396286689836247,
        0.5351855538176247,
        0.6528156027876246,
        0.5927403892916248,
        0.5484442737416246,
        0.5477740425116246,
        0.5688570273336246,
        0.6271274546856247,
        0.5631784941496247,
        4.0,
        0.7793878177980815,
        0.0,
        0.0,
        4.0,
        4.0,
        0.0,
        0.0,
        0.0,
        0.0,
        0.0,
        0.0
    ],
    "cost": -93.36835003826192
}