{
    "name": "tcl209",
    "input_path": "tcl/input/tcl209",
    "output_path": "tcl/output/tcl209",
    "working_dir": "tcl/input/tcl209",
    "initial_temperature": 17.771067457654432,
    "coefDeltaTemp": 0.05625,
    "coefConso": 1.0,
    "puissanceMin": 0,
    "puissanceMax": 4,
    "temperature_max": 20.79587809909963,
    "temperature_min": 16.930308598621423,
    "chroniqueTempExt": [
        3.763476249693884,
        4.735939727690423,
        5.689253332983511,
        3.1122864552460032,
        4.222692508124414,
        2.3765414791686306,
        3.493258712244808,
        4.143200921657404,
        4.1773993715530775,
        2.730768970906108,
        4.368867696855764,
        5.121028487340459,
        3.446610904578043,
        3.0431605945534743,
        4.548923018338937,
        4.6026216465175045,
        5.0766643673209915,
        6.317813087138219,
        7.086709342671532,
        7.296723649264164,
        7.648299192236312,
        7.279736097399758,
        8.471808721492467,
        8.049346314132706,
        9.602439501453818,
        9.809122066794925,
        10.437186941136558,
        8.976152392076111,
        8.074369834545546,
        9.563585352561326,
        7.356057186109082,
        8.556128874997077,
        8.433946912825252,
        7.346739729235882,
        7.2550732055334235,
        9.29925826764267,
        9.348199874335464,
        8.808336102848685,
        7.0296222646456945,
        7.695200488119436,
        8.012931291967085,
        6.784212849343906,
        8.437524297069967,
        5.748062761769413,
        6.014166446562199,
        3.113723110860583,
        4.745709065300791,
        5.292155530814368
    ],
    "electricity_cost": [
        0.2068,
        0.2068,
        0.2068,
        0.2068,
        0.2068,
        0.2068,
        0.2068,
        0.2068,
        0.2068,
        0.2068,
        0.2068,
        0.2068,
        0.2068,
        0.2068,
        0.2516,
        0.2516,
        0.2516,
        0.2516,
        0.2516,
        0.2516,
        0.2516,
        0.2516,
        0.2516,
        0.2516,
        0.2516,
        0.2516,
        0.2516,
        0.2516,
        0.2516,
        0.2516,
        0.2516,
        0.2516,
        0.2516,
        0.2516,
        0.2516,
        0.2516,
        0.2516,
        0.2516,
        0.2516,
        0.2516,
        0.2516,
        0.2516,
        0.2516,
        0.2516,
        0.2516,
        0.2516,
        0.2068,
        0.2068
    ]
}