{
    "name": "tcl157",
    "input_path": "tcl/input/tcl157",
    "output_path": "tcl/output/tcl157",
    "working_dir": "tcl/input/tcl157",
    "initial_temperature": 18.236181129913483,
    "coefDeltaTemp": 0.05625,
    "coefConso": 1.0,
    "puissanceMin": 0,
    "puissanceMax": 4,
    "temperature_max": 21.06076209432685,
    "temperature_min": 16.347533037705176,
    "chroniqueTempExt": [
        12.401819960751784,
        13.199901541410924,
        11.626776552414634,
        12.932212902422329,
        12.088200140671216,
        11.992977188226003,
        14.238791146953997,
        12.966983339516522,
        12.804193361693082,
        12.980904325076308,
        13.863278840042785,
        12.460527115121,
        11.626553053978762,
        12.734355942888378,
        13.292555523506847,
        13.564254853703755,
        13.853828513685908,
        16.50550955852134,
        15.421401635267056,
        17.383759050667233,
        16.601589558144727,
        18.93638345559288,
        17.052716254510536,
        19.04801972473445,
        20.222714410020487,
        20.293534975340503,
        19.459884694806263,
        19.496507766912938,
        19.27512544015549,
        18.271406392868045,
        18.90756984626994,
        18.347036442527973,
        20.74951556031752,
        19.909496709002063,
        19.411802676117034,
        20.48331345218134,
        18.26001410967429,
        17.508873819945954,
        15.508688998242688,
        17.344064690581845,
        16.64906522099077,
        15.404346157749105,
        17.503882115657216,
        16.715420162455754,
        14.697548429445474,
        13.69765631658233,
        14.900040527261474,
        13.314217879155994
    ],
    "electricity_cost": [
        0.2068,
        0.2068,
        0.2068,
        0.2068,
        0.2068,
        0.2068,
        0.2068,
        0.2068,
        0.2068,
        0.2068,
        0.2068,
        0.2068,
        0.2068,
        0.2068,
        0.2516,
        0.2516,
        0.2516,
        0.2516,
        0.2516,
        0.2516,
        0.2516,
        0.2516,
        0.2516,
        0.2516,
        0.2516,
        0.2516,
        0.2516,
        0.2516,
        0.2516,
        0.2516,
        0.2516,
        0.2516,
        0.2516,
        0.2516,
        0.2516,
        0.2516,
        0.2516,
        0.2516,
        0.2516,
        0.2516,
        0.2516,
        0.2516,
        0.2516,
        0.2516,
        0.2516,
        0.2516,
        0.2068,
        0.2068
    ]
}