{
    "name": "tcl168",
    "input_path": "tcl/input/tcl168",
    "output_path": "tcl/output/tcl168",
    "working_dir": "tcl/input/tcl168",
    "initial_temperature": 18.52895962189373,
    "coefDeltaTemp": 0.05625,
    "coefConso": 1.0,
    "puissanceMin": 0,
    "puissanceMax": 4,
    "temperature_max": 20.80621507608816,
    "temperature_min": 16.66484439412407,
    "chroniqueTempExt": [
        14.60280334547386,
        15.145514851856337,
        15.483451038361896,
        14.768626707921658,
        16.946919451052658,
        15.062328623499553,
        15.599269911322796,
        14.110208698785804,
        14.668121395974557,
        15.225924131546844,
        15.605664248620009,
        13.978350007871068,
        14.960307126061327,
        15.529881342972203,
        15.804203375221217,
        16.348634483303833,
        17.956378480614497,
        18.272782795853455,
        19.35429739301177,
        18.177402516376798,
        20.546868417230108,
        20.58324587688815,
        20.185154372402998,
        22.997792821145165,
        24.156762901883777,
        21.969932120328473,
        22.780780630327463,
        23.0884663857471,
        23.013030941695842,
        21.362927259249478,
        22.513014576317495,
        22.902036532667093,
        22.108135067520152,
        22.167031922130104,
        23.0191296788247,
        22.53343924343353,
        20.05087264524989,
        21.20832253448426,
        20.329260540382563,
        19.243992183640586,
        17.902357287003042,
        19.387296038962127,
        18.166557839450785,
        18.050227079591572,
        16.507354233992608,
        16.06280148726699,
        16.12255507027734,
        15.352211392998704
    ],
    "electricity_cost": [
        0.2068,
        0.2068,
        0.2068,
        0.2068,
        0.2068,
        0.2068,
        0.2068,
        0.2068,
        0.2068,
        0.2068,
        0.2068,
        0.2068,
        0.2068,
        0.2068,
        0.2516,
        0.2516,
        0.2516,
        0.2516,
        0.2516,
        0.2516,
        0.2516,
        0.2516,
        0.2516,
        0.2516,
        0.2516,
        0.2516,
        0.2516,
        0.2516,
        0.2516,
        0.2516,
        0.2516,
        0.2516,
        0.2516,
        0.2516,
        0.2516,
        0.2516,
        0.2516,
        0.2516,
        0.2516,
        0.2516,
        0.2516,
        0.2516,
        0.2516,
        0.2516,
        0.2516,
        0.2516,
        0.2068,
        0.2068
    ]
}