{
    "name": "tcl24",
    "input_path": "tcl/input/tcl24",
    "output_path": "tcl/output/tcl24",
    "working_dir": "tcl/input/tcl24",
    "initial_temperature": 19.310310824623798,
    "coefDeltaTemp": 0.05625,
    "coefConso": 1.0,
    "puissanceMin": 0,
    "puissanceMax": 4,
    "temperature_max": 21.873674706026122,
    "temperature_min": 16.61086637836815,
    "chroniqueTempExt": [
        13.078981067746613,
        11.690968295374672,
        12.71119409007422,
        11.414129616928472,
        12.80785185827922,
        11.118657493050577,
        11.103724845793375,
        13.635362198272716,
        10.374069753458077,
        10.799168862210937,
        11.276691054317894,
        11.594000333736172,
        13.077398597170184,
        13.349903463268285,
        13.56833464490594,
        13.265971396498,
        15.59267995153534,
        14.135867361057764,
        15.290103812623535,
        15.89430498030203,
        18.624125186036366,
        17.75480575834433,
        17.89548897568401,
        18.908895439531815,
        18.361885866695523,
        21.335251001609855,
        18.832217717309245,
        20.38858798758769,
        18.46785709086422,
        20.651230142390606,
        18.75549882858468,
        19.58271959031221,
        19.425907238089465,
        18.310387286647057,
        18.600738510121033,
        18.43776292186009,
        17.468088684842137,
        19.137261941028175,
        17.35917960078401,
        17.306722928545376,
        18.54406708052082,
        15.524947263493035,
        17.030090982538287,
        13.201056911204288,
        15.535642317693865,
        13.1187550097262,
        13.967406452605719,
        11.171982887415096
    ],
    "electricity_cost": [
        0.2068,
        0.2068,
        0.2068,
        0.2068,
        0.2068,
        0.2068,
        0.2068,
        0.2068,
        0.2068,
        0.2068,
        0.2068,
        0.2068,
        0.2068,
        0.2068,
        0.2516,
        0.2516,
        0.2516,
        0.2516,
        0.2516,
        0.2516,
        0.2516,
        0.2516,
        0.2516,
        0.2516,
        0.2516,
        0.2516,
        0.2516,
        0.2516,
        0.2516,
        0.2516,
        0.2516,
        0.2516,
        0.2516,
        0.2516,
        0.2516,
        0.2516,
        0.2516,
        0.2516,
        0.2516,
        0.2516,
        0.2516,
        0.2516,
        0.2516,
        0.2516,
        0.2516,
        0.2516,
        0.2068,
        0.2068
    ]
}