{
    "name": "tcl37",
    "input_path": "tcl/input/tcl37",
    "output_path": "tcl/output/tcl37",
    "working_dir": "tcl/input/tcl37",
    "initial_temperature": 18.160341836212964,
    "coefDeltaTemp": 0.05625,
    "coefConso": 1,
    "puissanceMin": 0,
    "puissanceMax": 4,
    "temperature_max": 20.21633758123385,
    "temperature_min": 16.521302686806504,
    "chroniqueTempExt": [
        11.73473383685325,
        13.25437085626872,
        12.861644821475222,
        11.191764640167838,
        12.500178494600119,
        14.539895520659007,
        14.245656471994202,
        12.9624434509425,
        12.436803651512866,
        13.424331370077372,
        12.867002038209547,
        13.079634654222302,
        10.812057850310838,
        13.61859331977943,
        12.685180479616317,
        15.417844663746326,
        14.590686643484757,
        15.786902006375112,
        15.760655153103224,
        16.047493175378765,
        17.807516541657375,
        16.588515508342514,
        18.430418683113174,
        18.940258211310624,
        18.707795877429373,
        18.547519151634077,
        18.444067237679644,
        19.388094369722815,
        18.978511532902687,
        18.870515340462408,
        19.223103747785437,
        19.005469983418028,
        18.61897391373711,
        18.564497566612747,
        19.31874208254161,
        19.283496680321928,
        19.271229009591057,
        16.567740211256975,
        18.553919776488918,
        15.069387892419236,
        16.28520390678256,
        16.582215069340684,
        14.385446789847263,
        16.566201889951618,
        14.857150666674443,
        13.64683427871535,
        12.601337544577351,
        13.213487233550289
    ],
    "electricity_cost": [
        0.2068,
        0.2068,
        0.2068,
        0.2068,
        0.2068,
        0.2068,
        0.2068,
        0.2068,
        0.2068,
        0.2068,
        0.2068,
        0.2068,
        0.2068,
        0.2068,
        0.2516,
        0.2516,
        0.2516,
        0.2516,
        0.2516,
        0.2516,
        0.2516,
        0.2516,
        0.2516,
        0.2516,
        0.2516,
        0.2516,
        0.2516,
        0.2516,
        0.2516,
        0.2516,
        0.2516,
        0.2516,
        0.2516,
        0.2516,
        0.2516,
        0.2516,
        0.2516,
        0.2516,
        0.2516,
        0.2516,
        0.2516,
        0.2516,
        0.2516,
        0.2516,
        0.2516,
        0.2516,
        0.2068,
        0.2068
    ]
}