{
    "name": "tcl191",
    "input_path": "tcl/input/tcl191",
    "output_path": "tcl/output/tcl191",
    "working_dir": "tcl/input/tcl191",
    "initial_temperature": 19.341849782862106,
    "coefDeltaTemp": 0.05625,
    "coefConso": 1.0,
    "puissanceMin": 0,
    "puissanceMax": 4,
    "temperature_max": 20.98530134820038,
    "temperature_min": 15.290351440266052,
    "chroniqueTempExt": [
        9.021644591510418,
        7.548325777133292,
        7.464914606797327,
        6.221244329758572,
        7.962625239402538,
        7.062395130759402,
        8.963692801616743,
        8.465698779007827,
        8.691439194099793,
        8.971174530692892,
        7.126318991931517,
        7.280686722095801,
        7.13332823446987,
        9.698645741232484,
        9.856930648727682,
        8.66643677026805,
        9.978840651192243,
        10.766941134594079,
        9.687456906325943,
        11.664768620557302,
        11.788458261963815,
        13.845054179243062,
        13.107248375111316,
        14.463087145339426,
        14.690620327651683,
        13.370367262548015,
        14.10211789664321,
        14.671677146089134,
        13.888341219883603,
        13.948054106466714,
        14.592951359011627,
        11.977911948534079,
        15.41590098059153,
        13.988862428289401,
        12.52132461837322,
        13.50457278237554,
        14.115434864956834,
        14.114572167560858,
        13.392940589871937,
        12.161485355592676,
        12.429417484449498,
        13.491347945722898,
        9.888321313749762,
        10.881228431501649,
        10.091964685871226,
        8.174633391155009,
        9.279538187539366,
        8.013381348886012
    ],
    "electricity_cost": [
        0.2068,
        0.2068,
        0.2068,
        0.2068,
        0.2068,
        0.2068,
        0.2068,
        0.2068,
        0.2068,
        0.2068,
        0.2068,
        0.2068,
        0.2068,
        0.2068,
        0.2516,
        0.2516,
        0.2516,
        0.2516,
        0.2516,
        0.2516,
        0.2516,
        0.2516,
        0.2516,
        0.2516,
        0.2516,
        0.2516,
        0.2516,
        0.2516,
        0.2516,
        0.2516,
        0.2516,
        0.2516,
        0.2516,
        0.2516,
        0.2516,
        0.2516,
        0.2516,
        0.2516,
        0.2516,
        0.2516,
        0.2516,
        0.2516,
        0.2516,
        0.2516,
        0.2516,
        0.2516,
        0.2068,
        0.2068
    ]
}