{
    "name": "tcl17",
    "input_path": "tcl/input/tcl17",
    "output_path": "tcl/output/tcl17",
    "working_dir": "tcl/input/tcl17",
    "initial_temperature": 19.35712128292153,
    "coefDeltaTemp": 0.05625,
    "coefConso": 1,
    "puissanceMin": 0,
    "puissanceMax": 4,
    "temperature_max": 20.183130361892495,
    "temperature_min": 15.698302946080851,
    "chroniqueTempExt": [
        16.925019088224822,
        15.726496426838281,
        16.715917898647348,
        15.692415083230667,
        14.35167161391565,
        15.50019146064962,
        13.382026216798277,
        14.621540882027357,
        14.271541971038218,
        14.618990508412033,
        13.845712190542505,
        15.735707767038505,
        15.01278878694784,
        14.400724934491453,
        15.385955807359005,
        16.145326229151262,
        17.54175458629526,
        17.435533389823576,
        17.62065661534856,
        19.868521414803617,
        19.190084772231895,
        20.460737682586103,
        21.427722123192403,
        21.33936019966623,
        22.337068391387433,
        23.516142583865133,
        23.142584128321225,
        21.743102332879044,
        21.572933956155303,
        20.79220836913171,
        23.171070783102675,
        22.757869406817502,
        22.57266123539774,
        22.968072061701285,
        23.15021947599064,
        22.52534160589238,
        22.384226071025683,
        22.415264935620883,
        21.75535162251756,
        20.806108352438812,
        19.539082705030758,
        20.12160704970785,
        17.644522022441592,
        16.371985743129997,
        17.60014652885282,
        17.00438836237115,
        14.200631061506453,
        15.66932699746083
    ],
    "electricity_cost": [
        0.2068,
        0.2068,
        0.2068,
        0.2068,
        0.2068,
        0.2068,
        0.2068,
        0.2068,
        0.2068,
        0.2068,
        0.2068,
        0.2068,
        0.2068,
        0.2068,
        0.2516,
        0.2516,
        0.2516,
        0.2516,
        0.2516,
        0.2516,
        0.2516,
        0.2516,
        0.2516,
        0.2516,
        0.2516,
        0.2516,
        0.2516,
        0.2516,
        0.2516,
        0.2516,
        0.2516,
        0.2516,
        0.2516,
        0.2516,
        0.2516,
        0.2516,
        0.2516,
        0.2516,
        0.2516,
        0.2516,
        0.2516,
        0.2516,
        0.2516,
        0.2516,
        0.2516,
        0.2516,
        0.2068,
        0.2068
    ]
}