{
    "name": "tcl38",
    "input_path": "tcl/input/tcl38",
    "output_path": "tcl/output/tcl38",
    "working_dir": "tcl/input/tcl38",
    "initial_temperature": 18.34436826215834,
    "coefDeltaTemp": 0.05625,
    "coefConso": 1.0,
    "puissanceMin": 0,
    "puissanceMax": 4,
    "temperature_max": 20.875424191858933,
    "temperature_min": 15.906962050271042,
    "chroniqueTempExt": [
        4.190334290852299,
        4.306255505301496,
        3.9333751359666183,
        3.8741033019340048,
        4.537186821591078,
        3.688042007182165,
        3.085196583598064,
        3.612784648835792,
        2.427666518674208,
        3.9222280024130405,
        2.178725603717293,
        4.085638174909226,
        4.685571033348986,
        3.527124031102475,
        5.532905472418522,
        4.742633147384798,
        4.8742567422147935,
        5.497341803179018,
        7.656933921654169,
        8.366347235272439,
        6.955852723514507,
        7.194287425833306,
        5.584227048522475,
        8.775193013491453,
        8.659945450302937,
        9.668192951560682,
        7.944244706414579,
        7.074228227554387,
        10.672323169834323,
        9.485402808591944,
        10.227329875083637,
        9.428443945430478,
        8.435699292682294,
        9.287823611148125,
        9.477420256117087,
        9.288599317301472,
        8.129835883374927,
        8.820442408294092,
        8.143693676462126,
        8.26373900472088,
        8.366600832977719,
        6.800204501424815,
        5.459649379089619,
        6.780632225953275,
        6.751811036883195,
        4.519964189233447,
        2.8048445511168234,
        3.2124107163928626
    ],
    "electricity_cost": [
        0.2068,
        0.2068,
        0.2068,
        0.2068,
        0.2068,
        0.2068,
        0.2068,
        0.2068,
        0.2068,
        0.2068,
        0.2068,
        0.2068,
        0.2068,
        0.2068,
        0.2516,
        0.2516,
        0.2516,
        0.2516,
        0.2516,
        0.2516,
        0.2516,
        0.2516,
        0.2516,
        0.2516,
        0.2516,
        0.2516,
        0.2516,
        0.2516,
        0.2516,
        0.2516,
        0.2516,
        0.2516,
        0.2516,
        0.2516,
        0.2516,
        0.2516,
        0.2516,
        0.2516,
        0.2516,
        0.2516,
        0.2516,
        0.2516,
        0.2516,
        0.2516,
        0.2516,
        0.2516,
        0.2068,
        0.2068
    ]
}