{
    "name": "tcl210",
    "input_path": "tcl/input/tcl210",
    "output_path": "tcl/output/tcl210",
    "working_dir": "tcl/input/tcl210",
    "initial_temperature": 18.70192400608571,
    "coefDeltaTemp": 0.05625,
    "coefConso": 1.0,
    "puissanceMin": 0,
    "puissanceMax": 4,
    "temperature_max": 20.49364429712139,
    "temperature_min": 15.598208617519596,
    "chroniqueTempExt": [
        14.173102970387093,
        11.403194025516054,
        10.31492176350724,
        11.447033207779524,
        10.460163089566485,
        13.403832356249907,
        12.507440480183236,
        11.651123664071699,
        12.407023089728938,
        11.280942387280682,
        11.886772157830794,
        12.164356574731448,
        12.491807932489545,
        12.44366451392267,
        12.762519575336018,
        13.113805188672238,
        13.157654631438746,
        15.977124361027952,
        15.617570072976475,
        15.93423906162566,
        16.097051197413546,
        19.747598492662263,
        17.89879783951149,
        17.80017942932173,
        17.7290251919929,
        19.62764161148996,
        17.245851053668893,
        20.180039339879393,
        19.030766745254233,
        19.231834801702828,
        16.750844779160506,
        20.461183336746238,
        19.05816410568426,
        19.051837543127682,
        20.749511110763265,
        19.301985972583847,
        18.992282443195695,
        18.227824312736765,
        17.879807359380706,
        15.37838687313675,
        17.094490108363644,
        16.146239706610743,
        13.728886192148838,
        14.922842124577931,
        13.055687871702816,
        13.428064336929122,
        12.822325156128754,
        12.601899352546225
    ],
    "electricity_cost": [
        0.2068,
        0.2068,
        0.2068,
        0.2068,
        0.2068,
        0.2068,
        0.2068,
        0.2068,
        0.2068,
        0.2068,
        0.2068,
        0.2068,
        0.2068,
        0.2068,
        0.2516,
        0.2516,
        0.2516,
        0.2516,
        0.2516,
        0.2516,
        0.2516,
        0.2516,
        0.2516,
        0.2516,
        0.2516,
        0.2516,
        0.2516,
        0.2516,
        0.2516,
        0.2516,
        0.2516,
        0.2516,
        0.2516,
        0.2516,
        0.2516,
        0.2516,
        0.2516,
        0.2516,
        0.2516,
        0.2516,
        0.2516,
        0.2516,
        0.2516,
        0.2516,
        0.2516,
        0.2516,
        0.2068,
        0.2068
    ]
}