{
    "load": [
        0.0,
        0.0,
        0.0,
        0.0,
        0.0,
        0.0,
        0.0,
        0.0,
        0.0,
        0.09694520812789875,
        0.2715096228815028,
        0.17980677404150214,
        0.03327740947950275,
        0.6773620506090126,
        0.0,
        0.0,
        0.0,
        0.0,
        0.0,
        0.0,
        0.041862063979870356,
        0.0,
        0.0,
        0.0,
        0.0,
        0.0,
        0.0,
        0.0,
        0.0,
        0.0,
        0.0,
        0.0,
        0.0,
        0.0,
        0.0,
        0.0,
        4.0,
        0.0,
        0.0,
        0.0,
        4.0,
        0.48577235898824256,
        0.0,
        0.0,
        0.0,
        0.0,
        0.0,
        0.0
    ],
    "cost": -62.644498827638785
}