{
    "name": "tcl146",
    "input_path": "tcl/input/tcl146",
    "output_path": "tcl/output/tcl146",
    "working_dir": "tcl/input/tcl146",
    "initial_temperature": 18.70188407561379,
    "coefDeltaTemp": 0.05625,
    "coefConso": 1.0,
    "puissanceMin": 0,
    "puissanceMax": 4,
    "temperature_max": 21.42461375537301,
    "temperature_min": 16.001636326106617,
    "chroniqueTempExt": [
        15.409874748383235,
        14.419837300252087,
        13.99721073315414,
        14.631012171774554,
        14.229020552805833,
        15.67880154701782,
        15.821284050166263,
        13.627106509645238,
        15.500575077260546,
        14.276103708085147,
        13.979517084966062,
        14.934547296830793,
        14.611369559758634,
        17.118586736251796,
        16.71075473061658,
        17.311879650079486,
        16.147684492586112,
        17.850711076149757,
        18.366815471483186,
        19.01041795005331,
        20.522407805379398,
        20.546058599965512,
        21.46014717253573,
        20.975483121445443,
        21.408110979604192,
        21.119835298623187,
        21.831012040370734,
        22.000233904018213,
        22.07537238350749,
        21.59208508899157,
        22.04322873916383,
        22.849662088994396,
        24.450079432250842,
        20.704603999827356,
        21.456417041308296,
        22.554276138257254,
        21.49057394900906,
        20.175161445664013,
        21.162104234494514,
        19.791266640131333,
        19.693978743589078,
        16.89284880802395,
        16.724846533206332,
        16.754484520181663,
        17.00313799900316,
        16.109808950083007,
        16.22216279117891,
        15.156405259535987
    ],
    "electricity_cost": [
        0.2068,
        0.2068,
        0.2068,
        0.2068,
        0.2068,
        0.2068,
        0.2068,
        0.2068,
        0.2068,
        0.2068,
        0.2068,
        0.2068,
        0.2068,
        0.2068,
        0.2516,
        0.2516,
        0.2516,
        0.2516,
        0.2516,
        0.2516,
        0.2516,
        0.2516,
        0.2516,
        0.2516,
        0.2516,
        0.2516,
        0.2516,
        0.2516,
        0.2516,
        0.2516,
        0.2516,
        0.2516,
        0.2516,
        0.2516,
        0.2516,
        0.2516,
        0.2516,
        0.2516,
        0.2516,
        0.2516,
        0.2516,
        0.2516,
        0.2516,
        0.2516,
        0.2516,
        0.2516,
        0.2068,
        0.2068
    ]
}