{
    "name": "tcl69",
    "input_path": "tcl/input/tcl69",
    "output_path": "tcl/output/tcl69",
    "working_dir": "tcl/input/tcl69",
    "initial_temperature": 19.04446077735129,
    "coefDeltaTemp": 0.05625,
    "coefConso": 1.0,
    "puissanceMin": 0,
    "puissanceMax": 4,
    "temperature_max": 20.000623267643164,
    "temperature_min": 15.964133249450617,
    "chroniqueTempExt": [
        4.181319637751457,
        1.6929126446571852,
        4.507442581746096,
        4.678968821398941,
        4.8293754103302815,
        4.228444795473669,
        2.813169178493166,
        5.391539385050395,
        4.453967032326615,
        4.116580978058267,
        4.172202043505336,
        4.659195725004807,
        4.535672274472885,
        4.1517324820627355,
        6.239814235192885,
        6.49486667233852,
        5.731259089354212,
        4.435016120349844,
        7.586700666859488,
        8.498346001166116,
        7.006705259180759,
        8.97386891029441,
        7.168216558298758,
        8.802110672524728,
        8.42975544508824,
        9.732411650647114,
        9.362529269383828,
        10.628674997402156,
        9.862536076740119,
        9.017100764313572,
        11.047700411889643,
        9.286217861757107,
        9.413606547547651,
        7.213702158096579,
        8.297564049614644,
        8.166515923317665,
        10.967967241301825,
        6.994996914964772,
        7.58225468410074,
        7.674754508991592,
        7.47288234363344,
        7.845170079288665,
        3.9965328679477206,
        5.38829904608377,
        4.629889540885371,
        4.49642660109063,
        4.518878508187128,
        3.9433482156417616
    ],
    "electricity_cost": [
        0.2068,
        0.2068,
        0.2068,
        0.2068,
        0.2068,
        0.2068,
        0.2068,
        0.2068,
        0.2068,
        0.2068,
        0.2068,
        0.2068,
        0.2068,
        0.2068,
        0.2516,
        0.2516,
        0.2516,
        0.2516,
        0.2516,
        0.2516,
        0.2516,
        0.2516,
        0.2516,
        0.2516,
        0.2516,
        0.2516,
        0.2516,
        0.2516,
        0.2516,
        0.2516,
        0.2516,
        0.2516,
        0.2516,
        0.2516,
        0.2516,
        0.2516,
        0.2516,
        0.2516,
        0.2516,
        0.2516,
        0.2516,
        0.2516,
        0.2516,
        0.2516,
        0.2516,
        0.2516,
        0.2068,
        0.2068
    ]
}