{
    "name": "tcl233",
    "input_path": "tcl/input/tcl233",
    "output_path": "tcl/output/tcl233",
    "working_dir": "tcl/input/tcl233",
    "initial_temperature": 18.612266338839554,
    "coefDeltaTemp": 0.05625,
    "coefConso": 1.0,
    "puissanceMin": 0,
    "puissanceMax": 4,
    "temperature_max": 21.928448834582174,
    "temperature_min": 15.473592066209505,
    "chroniqueTempExt": [
        3.6131834888396743,
        2.9841824174846776,
        2.4446144411309074,
        4.789452439539635,
        3.4120435632649686,
        4.242757125079514,
        3.2537603272099043,
        3.227847284881292,
        3.0845352872073195,
        1.900768860338491,
        1.3324618478399828,
        3.2727544388416963,
        2.6965624783088766,
        4.120861994203199,
        3.74770907503202,
        5.168591973059128,
        5.50273798504068,
        7.031051406363736,
        7.103344138491502,
        6.602534874248213,
        7.7789555250100975,
        6.770233186014021,
        10.876620210465322,
        7.998107269396952,
        8.703156044704773,
        11.33016399025275,
        8.116630028336106,
        7.688418403612085,
        9.02755331871707,
        9.148853587347064,
        10.335123722309406,
        7.635553751955045,
        8.652412065802544,
        9.810580529775883,
        8.731010245364613,
        10.782750675989591,
        8.536398339274005,
        11.648208161947798,
        8.788016494169362,
        6.529404497491463,
        5.160473349491557,
        6.379660656543709,
        5.562402776674786,
        3.7829138990560303,
        5.02996262810606,
        4.150288081753367,
        3.2286738130736046,
        3.1225949236565738
    ],
    "electricity_cost": [
        0.2068,
        0.2068,
        0.2068,
        0.2068,
        0.2068,
        0.2068,
        0.2068,
        0.2068,
        0.2068,
        0.2068,
        0.2068,
        0.2068,
        0.2068,
        0.2068,
        0.2516,
        0.2516,
        0.2516,
        0.2516,
        0.2516,
        0.2516,
        0.2516,
        0.2516,
        0.2516,
        0.2516,
        0.2516,
        0.2516,
        0.2516,
        0.2516,
        0.2516,
        0.2516,
        0.2516,
        0.2516,
        0.2516,
        0.2516,
        0.2516,
        0.2516,
        0.2516,
        0.2516,
        0.2516,
        0.2516,
        0.2516,
        0.2516,
        0.2516,
        0.2516,
        0.2516,
        0.2516,
        0.2068,
        0.2068
    ]
}