{
    "name": "tcl215",
    "input_path": "tcl/input/tcl215",
    "output_path": "tcl/output/tcl215",
    "working_dir": "tcl/input/tcl215",
    "initial_temperature": 17.848726187738713,
    "coefDeltaTemp": 0.05625,
    "coefConso": 1.0,
    "puissanceMin": 0,
    "puissanceMax": 4,
    "temperature_max": 20.311466628498845,
    "temperature_min": 16.592409618412965,
    "chroniqueTempExt": [
        2.0579680570221717,
        2.9495161496418523,
        3.5665998701897563,
        2.064206545757467,
        3.7200521789833894,
        4.376271384706191,
        4.12402602366068,
        2.3886972033310783,
        4.529711261405147,
        3.894538642528203,
        3.321500283298899,
        1.6148126596929906,
        3.825910082886648,
        3.155037999085897,
        2.955007632118058,
        2.8732813647447824,
        3.2232537785949553,
        5.843412262249514,
        6.118378869124227,
        6.536055899569089,
        7.0848223739502405,
        8.60104315634288,
        7.639286960924514,
        7.657293141810033,
        10.608960051283045,
        9.850752785371114,
        9.018300659335331,
        7.530882792692818,
        9.955285876746558,
        10.22253841504412,
        8.914716489430424,
        7.319162106352254,
        9.31728652874681,
        9.144687933633097,
        8.871637213494603,
        8.634573835682689,
        8.513314181343961,
        9.451217988385967,
        7.920037942634744,
        7.756094438856511,
        7.809859250850641,
        5.041873166044712,
        5.598912594390256,
        4.6153008782238905,
        4.183984463721029,
        4.164270539408124,
        2.948541565563216,
        4.3933824884561785
    ],
    "electricity_cost": [
        0.2068,
        0.2068,
        0.2068,
        0.2068,
        0.2068,
        0.2068,
        0.2068,
        0.2068,
        0.2068,
        0.2068,
        0.2068,
        0.2068,
        0.2068,
        0.2068,
        0.2516,
        0.2516,
        0.2516,
        0.2516,
        0.2516,
        0.2516,
        0.2516,
        0.2516,
        0.2516,
        0.2516,
        0.2516,
        0.2516,
        0.2516,
        0.2516,
        0.2516,
        0.2516,
        0.2516,
        0.2516,
        0.2516,
        0.2516,
        0.2516,
        0.2516,
        0.2516,
        0.2516,
        0.2516,
        0.2516,
        0.2516,
        0.2516,
        0.2516,
        0.2516,
        0.2516,
        0.2516,
        0.2068,
        0.2068
    ]
}