{
    "name": "tcl225",
    "input_path": "tcl/input/tcl225",
    "output_path": "tcl/output/tcl225",
    "working_dir": "tcl/input/tcl225",
    "initial_temperature": 18.89728380452567,
    "coefDeltaTemp": 0.05625,
    "coefConso": 1.0,
    "puissanceMin": 0,
    "puissanceMax": 4,
    "temperature_max": 21.53795404764162,
    "temperature_min": 16.35734097675108,
    "chroniqueTempExt": [
        14.731988339082763,
        15.708616813095855,
        15.156304820396638,
        14.584046159883105,
        15.82186181440899,
        14.522290490574662,
        15.514549577132005,
        14.964858844864743,
        14.142213067327727,
        15.056512309522837,
        14.992248361058529,
        14.53862281554155,
        16.203262269211947,
        13.175388074667687,
        15.304815713712085,
        17.721326294994583,
        17.431342711592876,
        18.834459309264545,
        19.240228408583157,
        19.863336551238216,
        18.452296019676808,
        22.85050253979111,
        19.368565183606698,
        22.086805226315025,
        20.97981960941136,
        20.321879466331282,
        21.22477111153515,
        21.20856536591289,
        22.242698618799476,
        22.55983070604322,
        21.898370992028003,
        21.44442324394603,
        22.329973414717198,
        23.51194990197957,
        20.605398359536846,
        21.68671019601032,
        20.894643412018954,
        23.64908398722228,
        19.89856936756675,
        19.612938975883967,
        19.68160239905863,
        17.382103954518396,
        17.83474850978342,
        15.917845166195455,
        17.83515096607952,
        15.642601610966866,
        15.449473097669735,
        14.296318580396004
    ],
    "electricity_cost": [
        0.2068,
        0.2068,
        0.2068,
        0.2068,
        0.2068,
        0.2068,
        0.2068,
        0.2068,
        0.2068,
        0.2068,
        0.2068,
        0.2068,
        0.2068,
        0.2068,
        0.2516,
        0.2516,
        0.2516,
        0.2516,
        0.2516,
        0.2516,
        0.2516,
        0.2516,
        0.2516,
        0.2516,
        0.2516,
        0.2516,
        0.2516,
        0.2516,
        0.2516,
        0.2516,
        0.2516,
        0.2516,
        0.2516,
        0.2516,
        0.2516,
        0.2516,
        0.2516,
        0.2516,
        0.2516,
        0.2516,
        0.2516,
        0.2516,
        0.2516,
        0.2516,
        0.2516,
        0.2516,
        0.2068,
        0.2068
    ]
}