{
    "name": "tcl218",
    "input_path": "tcl/input/tcl218",
    "output_path": "tcl/output/tcl218",
    "working_dir": "tcl/input/tcl218",
    "initial_temperature": 18.297989230144218,
    "coefDeltaTemp": 0.05625,
    "coefConso": 1.0,
    "puissanceMin": 0,
    "puissanceMax": 4,
    "temperature_max": 21.83026235879676,
    "temperature_min": 15.524636656465795,
    "chroniqueTempExt": [
        7.225679854411069,
        5.488460768195184,
        4.987097177592724,
        5.97830730454128,
        4.294686830285988,
        6.3351429412618545,
        4.7125267906026895,
        7.207018832259642,
        7.239779019501378,
        3.6671368340062878,
        7.255834275066489,
        5.628029476957592,
        5.862192048394609,
        6.570364464710825,
        6.167119732727128,
        8.829003346322567,
        7.9758065417059445,
        8.686747762514038,
        9.227696900462362,
        10.381979640991053,
        10.976711882462828,
        9.839260600409784,
        11.785639958065772,
        12.622278214801474,
        12.423117530816997,
        11.71389710931388,
        11.976577284221865,
        11.920626114372956,
        11.415007411807409,
        11.378379610945471,
        11.846224028632344,
        12.65001124163304,
        11.85096422941622,
        11.441767343245091,
        11.641545011178072,
        13.733051908726319,
        12.53109616415935,
        11.533378793176391,
        10.119573595001318,
        8.751900054283357,
        10.026457423203054,
        7.606742110148448,
        8.752869032020033,
        7.800107971706689,
        6.775917695663331,
        7.517649267381589,
        5.721117158589774,
        5.379841852214894
    ],
    "electricity_cost": [
        0.2068,
        0.2068,
        0.2068,
        0.2068,
        0.2068,
        0.2068,
        0.2068,
        0.2068,
        0.2068,
        0.2068,
        0.2068,
        0.2068,
        0.2068,
        0.2068,
        0.2516,
        0.2516,
        0.2516,
        0.2516,
        0.2516,
        0.2516,
        0.2516,
        0.2516,
        0.2516,
        0.2516,
        0.2516,
        0.2516,
        0.2516,
        0.2516,
        0.2516,
        0.2516,
        0.2516,
        0.2516,
        0.2516,
        0.2516,
        0.2516,
        0.2516,
        0.2516,
        0.2516,
        0.2516,
        0.2516,
        0.2516,
        0.2516,
        0.2516,
        0.2516,
        0.2516,
        0.2516,
        0.2068,
        0.2068
    ]
}