{
    "name": "tcl9",
    "input_path": "tcl/input/tcl9",
    "output_path": "tcl/output/tcl9",
    "working_dir": "tcl/input/tcl9",
    "initial_temperature": 17.413406619174044,
    "coefDeltaTemp": 0.05625,
    "coefConso": 1,
    "puissanceMin": 0,
    "puissanceMax": 4,
    "temperature_max": 21.522755894106712,
    "temperature_min": 16.93254321819853,
    "chroniqueTempExt": [
        0.9807434460549417,
        -0.41713176576469463,
        -0.5537669216303697,
        -0.46182080491348965,
        -1.4232294312756073,
        -0.5583721011891211,
        0.674090703172508,
        -0.540506089249601,
        -1.121360475687922,
        -0.41191609637117216,
        -0.9944459795429365,
        1.2356055136571202,
        0.3759096152750473,
        0.7754131567879019,
        1.052393728311673,
        0.6515899379094873,
        2.281104664088722,
        0.9584720917878744,
        1.9123706649847843,
        3.65700737706903,
        1.266865587232568,
        5.043933723229235,
        3.669375040596805,
        4.0367064602110725,
        4.912673763824038,
        4.340199981314016,
        5.05642981898718,
        6.374312933925007,
        4.054535781526263,
        5.155489825449548,
        4.878215988637525,
        5.252371773253101,
        6.643140769443984,
        3.6116772726367925,
        5.812290434092722,
        5.88064697306606,
        5.444253652244043,
        4.929376401507023,
        3.8560831438236094,
        2.6608293150744897,
        1.4006056505869449,
        1.3259470403751026,
        2.707170781660236,
        1.029600614653968,
        2.4074616278367063,
        1.58345644436774,
        0.7916235067825443,
        -0.7093095523928777
    ],
    "electricity_cost": [
        0.2068,
        0.2068,
        0.2068,
        0.2068,
        0.2068,
        0.2068,
        0.2068,
        0.2068,
        0.2068,
        0.2068,
        0.2068,
        0.2068,
        0.2068,
        0.2068,
        0.2516,
        0.2516,
        0.2516,
        0.2516,
        0.2516,
        0.2516,
        0.2516,
        0.2516,
        0.2516,
        0.2516,
        0.2516,
        0.2516,
        0.2516,
        0.2516,
        0.2516,
        0.2516,
        0.2516,
        0.2516,
        0.2516,
        0.2516,
        0.2516,
        0.2516,
        0.2516,
        0.2516,
        0.2516,
        0.2516,
        0.2516,
        0.2516,
        0.2516,
        0.2516,
        0.2516,
        0.2516,
        0.2068,
        0.2068
    ]
}