{
    "name": "tcl45",
    "input_path": "tcl/input/tcl45",
    "output_path": "tcl/output/tcl45",
    "working_dir": "tcl/input/tcl45",
    "initial_temperature": 18.01579320121955,
    "coefDeltaTemp": 0.05625,
    "coefConso": 1.0,
    "puissanceMin": 0,
    "puissanceMax": 4,
    "temperature_max": 21.254622713944062,
    "temperature_min": 16.70281779023468,
    "chroniqueTempExt": [
        12.019840950054677,
        11.108217102383964,
        14.136479626688367,
        14.44873767132587,
        13.187995227070251,
        13.964264233958522,
        15.135630300426179,
        12.513024224242274,
        14.071402397852214,
        11.636896148497373,
        12.250322414415821,
        12.304173779698797,
        12.638456740470712,
        15.20728816109386,
        13.368416934692146,
        13.969554480961506,
        14.882174915137568,
        16.706506530488205,
        16.620922300521475,
        17.824855087832493,
        17.443498720660177,
        19.32246322155301,
        18.52938897484573,
        17.91719623882024,
        18.05056855018318,
        18.223165900625702,
        20.944636312129614,
        17.691773554630643,
        17.224000093182653,
        15.600196583320276,
        19.28954972708401,
        18.140400777014026,
        17.89281992391786,
        18.795851761294035,
        20.64282411584242,
        16.77682937868829,
        19.45558079864298,
        19.161331517239105,
        17.334083177881595,
        18.07835154096307,
        16.395641507519027,
        17.1640948594864,
        15.262901681305038,
        14.77350891205225,
        14.794962948865889,
        13.561759611149682,
        15.017270932407081,
        12.594352723766246
    ],
    "electricity_cost": [
        0.2068,
        0.2068,
        0.2068,
        0.2068,
        0.2068,
        0.2068,
        0.2068,
        0.2068,
        0.2068,
        0.2068,
        0.2068,
        0.2068,
        0.2068,
        0.2068,
        0.2516,
        0.2516,
        0.2516,
        0.2516,
        0.2516,
        0.2516,
        0.2516,
        0.2516,
        0.2516,
        0.2516,
        0.2516,
        0.2516,
        0.2516,
        0.2516,
        0.2516,
        0.2516,
        0.2516,
        0.2516,
        0.2516,
        0.2516,
        0.2516,
        0.2516,
        0.2516,
        0.2516,
        0.2516,
        0.2516,
        0.2516,
        0.2516,
        0.2516,
        0.2516,
        0.2516,
        0.2516,
        0.2068,
        0.2068
    ]
}