{
    "name": "tcl108",
    "input_path": "tcl/input/tcl108",
    "output_path": "tcl/output/tcl108",
    "working_dir": "tcl/input/tcl108",
    "initial_temperature": 19.384948992536195,
    "coefDeltaTemp": 0.05625,
    "coefConso": 1.0,
    "puissanceMin": 0,
    "puissanceMax": 4,
    "temperature_max": 20.765683586922247,
    "temperature_min": 15.722939147428626,
    "chroniqueTempExt": [
        3.8838080692167605,
        2.399556861546289,
        4.401468252694501,
        5.240753965859888,
        5.261690100720532,
        3.301004457735928,
        2.536758456827569,
        2.984313185899528,
        1.796884738657445,
        4.309475872808078,
        4.339893848320086,
        4.564801003269059,
        4.981322478749914,
        4.437382214867486,
        3.7351841333796383,
        4.633595295301006,
        4.360593144943897,
        5.21383352966982,
        5.984904553347883,
        7.37029638711888,
        9.109780145162127,
        6.90408264199287,
        8.174074038871579,
        9.122621114346053,
        7.972862676670641,
        9.667406024168187,
        9.321047077948064,
        8.404306201731659,
        10.043932403304602,
        8.779309322278788,
        9.775689282997568,
        9.406581893207306,
        7.976717667230304,
        8.057511295521108,
        9.49359089390186,
        8.0867372680445,
        9.185550746111838,
        9.538631951420214,
        8.117800056190413,
        7.158314336667993,
        6.688954156452746,
        7.963542279435033,
        5.957155584594435,
        5.882809967368969,
        3.9378417678919013,
        6.106901731603388,
        5.574405962045394,
        4.27923308110442
    ],
    "electricity_cost": [
        0.2068,
        0.2068,
        0.2068,
        0.2068,
        0.2068,
        0.2068,
        0.2068,
        0.2068,
        0.2068,
        0.2068,
        0.2068,
        0.2068,
        0.2068,
        0.2068,
        0.2516,
        0.2516,
        0.2516,
        0.2516,
        0.2516,
        0.2516,
        0.2516,
        0.2516,
        0.2516,
        0.2516,
        0.2516,
        0.2516,
        0.2516,
        0.2516,
        0.2516,
        0.2516,
        0.2516,
        0.2516,
        0.2516,
        0.2516,
        0.2516,
        0.2516,
        0.2516,
        0.2516,
        0.2516,
        0.2516,
        0.2516,
        0.2516,
        0.2516,
        0.2516,
        0.2516,
        0.2516,
        0.2068,
        0.2068
    ]
}