{
    "name": "tcl114",
    "input_path": "tcl/input/tcl114",
    "output_path": "tcl/output/tcl114",
    "working_dir": "tcl/input/tcl114",
    "initial_temperature": 17.764995174476983,
    "coefDeltaTemp": 0.05625,
    "coefConso": 1.0,
    "puissanceMin": 0,
    "puissanceMax": 4,
    "temperature_max": 21.38795138293117,
    "temperature_min": 16.374137357929392,
    "chroniqueTempExt": [
        11.362507050511214,
        12.853285637845307,
        13.257928206625397,
        11.529534300906176,
        12.217993860561151,
        12.13439022294805,
        12.424801858921143,
        11.617792734996664,
        11.015871733837898,
        13.4016450532324,
        12.649778330656085,
        13.308841642609817,
        11.770504529703992,
        14.710108880171457,
        13.196756989690924,
        14.133009022795711,
        12.454313043019011,
        15.3485288349329,
        15.397653229682001,
        15.892309729298763,
        17.891712796984972,
        17.245307618969413,
        20.71054667090709,
        21.00183356549166,
        19.747138764863518,
        19.044602166295025,
        18.880713276916527,
        18.723952246186077,
        17.953688481123052,
        17.148319638202345,
        19.316894996351415,
        18.178708530905567,
        19.877305084787988,
        19.660885732259878,
        18.85345775239658,
        17.256772903681032,
        18.32985739587591,
        18.04583871740879,
        18.249928497731332,
        18.404857599595633,
        15.123081485356632,
        16.44932954619965,
        16.259123938159085,
        16.35224842785848,
        14.201467410985233,
        12.949798038092137,
        13.754503947000002,
        10.558606647407094
    ],
    "electricity_cost": [
        0.2068,
        0.2068,
        0.2068,
        0.2068,
        0.2068,
        0.2068,
        0.2068,
        0.2068,
        0.2068,
        0.2068,
        0.2068,
        0.2068,
        0.2068,
        0.2068,
        0.2516,
        0.2516,
        0.2516,
        0.2516,
        0.2516,
        0.2516,
        0.2516,
        0.2516,
        0.2516,
        0.2516,
        0.2516,
        0.2516,
        0.2516,
        0.2516,
        0.2516,
        0.2516,
        0.2516,
        0.2516,
        0.2516,
        0.2516,
        0.2516,
        0.2516,
        0.2516,
        0.2516,
        0.2516,
        0.2516,
        0.2516,
        0.2516,
        0.2516,
        0.2516,
        0.2516,
        0.2516,
        0.2068,
        0.2068
    ]
}