{
    "name": "tcl67",
    "input_path": "tcl/input/tcl67",
    "output_path": "tcl/output/tcl67",
    "working_dir": "tcl/input/tcl67",
    "initial_temperature": 18.382183265828164,
    "coefDeltaTemp": 0.05625,
    "coefConso": 1.0,
    "puissanceMin": 0,
    "puissanceMax": 4,
    "temperature_max": 20.540444864313322,
    "temperature_min": 16.593545299328106,
    "chroniqueTempExt": [
        0.062348045879601854,
        1.4567266540465296,
        0.5513688509296223,
        1.6586932102393797,
        1.0775462031047698,
        1.5067975648578784,
        2.321700915964964,
        0.023733420009984685,
        1.7056650065313963,
        -0.06681364052122185,
        2.266278359485135,
        -0.5267578499012435,
        1.492424242371047,
        1.5106121021238608,
        3.0295040069887023,
        3.3785820648724108,
        1.4824700689062824,
        4.2919693949536954,
        4.201408755191657,
        3.445468717599134,
        3.7684843636497924,
        5.240119265032909,
        4.735266598801028,
        5.647841144800493,
        8.921397963748724,
        5.970404310693827,
        8.631728511054444,
        5.655790095834842,
        6.58529316235275,
        7.031264537413126,
        7.636799502035057,
        6.754183696302779,
        5.632318775064081,
        6.628403748645122,
        5.479009163915067,
        6.635474154086936,
        4.498894743855094,
        7.093342142993745,
        6.090988009858545,
        6.811589025159162,
        4.620350582573602,
        2.954165216454094,
        3.8451073494632393,
        0.22496151807056952,
        2.971203318988648,
        1.902400666581685,
        1.7157897678350607,
        0.6610291674008473
    ],
    "electricity_cost": [
        0.2068,
        0.2068,
        0.2068,
        0.2068,
        0.2068,
        0.2068,
        0.2068,
        0.2068,
        0.2068,
        0.2068,
        0.2068,
        0.2068,
        0.2068,
        0.2068,
        0.2516,
        0.2516,
        0.2516,
        0.2516,
        0.2516,
        0.2516,
        0.2516,
        0.2516,
        0.2516,
        0.2516,
        0.2516,
        0.2516,
        0.2516,
        0.2516,
        0.2516,
        0.2516,
        0.2516,
        0.2516,
        0.2516,
        0.2516,
        0.2516,
        0.2516,
        0.2516,
        0.2516,
        0.2516,
        0.2516,
        0.2516,
        0.2516,
        0.2516,
        0.2516,
        0.2516,
        0.2516,
        0.2068,
        0.2068
    ]
}