{
    "name": "tcl63",
    "input_path": "tcl/input/tcl63",
    "output_path": "tcl/output/tcl63",
    "working_dir": "tcl/input/tcl63",
    "initial_temperature": 18.951546451712186,
    "coefDeltaTemp": 0.05625,
    "coefConso": 1.0,
    "puissanceMin": 0,
    "puissanceMax": 4,
    "temperature_max": 20.357534902473372,
    "temperature_min": 16.409043228949344,
    "chroniqueTempExt": [
        2.7011043964051296,
        0.48803361466249284,
        1.6669990146924474,
        2.59772966034092,
        1.4639065876013566,
        1.8647702513476432,
        0.8411610393091906,
        1.6540811122681782,
        1.399378001598918,
        -0.676564146752008,
        3.178796843405073,
        1.241581301138,
        0.17163217489447002,
        1.2143787560248611,
        2.5341177484581046,
        0.5058170505038284,
        1.7764512886344472,
        3.544668035746865,
        2.6059204564855287,
        4.789312317655809,
        4.741448526228933,
        6.22797260386,
        5.211458743748603,
        5.414886707133546,
        4.091988032397746,
        8.285190279991715,
        5.742123843892857,
        4.33617660071566,
        5.4985915885503385,
        5.9215697538777485,
        6.679906066702591,
        6.137534083294348,
        5.207169647195882,
        6.912412689371163,
        5.477039456267181,
        5.207282918576869,
        5.932463354485316,
        4.23770815026849,
        5.004252735623436,
        4.247180224996646,
        3.506583227375862,
        2.607678211299408,
        3.339588059573348,
        1.087836728491814,
        2.3316228852257925,
        2.7573724629533802,
        0.7073744988475441,
        1.3250757431849314
    ],
    "electricity_cost": [
        0.2068,
        0.2068,
        0.2068,
        0.2068,
        0.2068,
        0.2068,
        0.2068,
        0.2068,
        0.2068,
        0.2068,
        0.2068,
        0.2068,
        0.2068,
        0.2068,
        0.2516,
        0.2516,
        0.2516,
        0.2516,
        0.2516,
        0.2516,
        0.2516,
        0.2516,
        0.2516,
        0.2516,
        0.2516,
        0.2516,
        0.2516,
        0.2516,
        0.2516,
        0.2516,
        0.2516,
        0.2516,
        0.2516,
        0.2516,
        0.2516,
        0.2516,
        0.2516,
        0.2516,
        0.2516,
        0.2516,
        0.2516,
        0.2516,
        0.2516,
        0.2516,
        0.2516,
        0.2516,
        0.2068,
        0.2068
    ]
}