{
    "name": "tcl185",
    "input_path": "tcl/input/tcl185",
    "output_path": "tcl/output/tcl185",
    "working_dir": "tcl/input/tcl185",
    "initial_temperature": 17.712885237856838,
    "coefDeltaTemp": 0.05625,
    "coefConso": 1.0,
    "puissanceMin": 0,
    "puissanceMax": 4,
    "temperature_max": 21.762333467462305,
    "temperature_min": 16.475697605491433,
    "chroniqueTempExt": [
        15.305284417830736,
        14.451109600084473,
        17.294307522937792,
        14.920830871031528,
        16.004734875652375,
        15.734574657535942,
        15.164412222886074,
        17.36430152839839,
        15.331243124368152,
        14.964255199945107,
        15.859053007894694,
        13.695604940967947,
        16.56649983174563,
        15.813909647950005,
        17.448955639889302,
        15.415318285971265,
        18.370747653279544,
        19.62207235530406,
        18.22694456642263,
        18.101254941883322,
        20.317005958233825,
        20.733738105339285,
        21.287835464861406,
        22.313975610411873,
        21.818055611608724,
        21.713041617360094,
        21.519392522023573,
        21.888353792191054,
        22.2250797275853,
        20.409501329480513,
        20.025701649302544,
        23.085414576071017,
        19.18795339158979,
        22.21706227923654,
        22.266127439754975,
        21.670493674708982,
        23.025082709490654,
        22.258333302968268,
        20.373927938002737,
        19.230239206362143,
        20.17356155519996,
        19.612369766012918,
        20.13751861387132,
        17.225041321979422,
        16.240244477100195,
        14.540310133924123,
        16.096728883473258,
        15.548354029748683
    ],
    "electricity_cost": [
        0.2068,
        0.2068,
        0.2068,
        0.2068,
        0.2068,
        0.2068,
        0.2068,
        0.2068,
        0.2068,
        0.2068,
        0.2068,
        0.2068,
        0.2068,
        0.2068,
        0.2516,
        0.2516,
        0.2516,
        0.2516,
        0.2516,
        0.2516,
        0.2516,
        0.2516,
        0.2516,
        0.2516,
        0.2516,
        0.2516,
        0.2516,
        0.2516,
        0.2516,
        0.2516,
        0.2516,
        0.2516,
        0.2516,
        0.2516,
        0.2516,
        0.2516,
        0.2516,
        0.2516,
        0.2516,
        0.2516,
        0.2516,
        0.2516,
        0.2516,
        0.2516,
        0.2516,
        0.2516,
        0.2068,
        0.2068
    ]
}