{
    "name": "tcl250",
    "input_path": "tcl/input/tcl250",
    "output_path": "tcl/output/tcl250",
    "working_dir": "tcl/input/tcl250",
    "initial_temperature": 18.19700138233376,
    "coefDeltaTemp": 0.05625,
    "coefConso": 1.0,
    "puissanceMin": 0,
    "puissanceMax": 4,
    "temperature_max": 21.670437594587987,
    "temperature_min": 16.82319078655006,
    "chroniqueTempExt": [
        3.8899342911013504,
        3.076567533761303,
        3.110241645273546,
        2.593373052354879,
        2.223149306849324,
        4.245710561275187,
        2.3900361003393016,
        1.144843518169027,
        4.228145642106159,
        5.619236094145952,
        2.8011226412912262,
        2.6398236863593794,
        2.472685037493772,
        1.4327467550727109,
        3.6328649261211488,
        4.496595053930081,
        7.939570237942254,
        4.035268996641752,
        5.512047256591533,
        8.60891940850785,
        8.42243614081334,
        9.014416267133518,
        8.147322903076429,
        9.19396501407424,
        8.081937594596356,
        10.389257959465832,
        8.857413761093516,
        7.90498037328244,
        9.5914545780184,
        9.128013245999266,
        8.454914315546606,
        9.124814883134256,
        9.493621242687917,
        11.628283067182576,
        10.0652510442391,
        9.757527151257351,
        7.023335907662883,
        7.774343415965462,
        8.748437227464477,
        7.283507904403096,
        7.0030653283024,
        4.816421918662154,
        7.200101409070601,
        4.388419902408522,
        3.8910438405509704,
        4.316772931206972,
        3.463263823147786,
        1.5504065314221815
    ],
    "electricity_cost": [
        0.2068,
        0.2068,
        0.2068,
        0.2068,
        0.2068,
        0.2068,
        0.2068,
        0.2068,
        0.2068,
        0.2068,
        0.2068,
        0.2068,
        0.2068,
        0.2068,
        0.2516,
        0.2516,
        0.2516,
        0.2516,
        0.2516,
        0.2516,
        0.2516,
        0.2516,
        0.2516,
        0.2516,
        0.2516,
        0.2516,
        0.2516,
        0.2516,
        0.2516,
        0.2516,
        0.2516,
        0.2516,
        0.2516,
        0.2516,
        0.2516,
        0.2516,
        0.2516,
        0.2516,
        0.2516,
        0.2516,
        0.2516,
        0.2516,
        0.2516,
        0.2516,
        0.2516,
        0.2516,
        0.2068,
        0.2068
    ]
}