;iteration;cost;upper_bound;rho
0;0;624838.8312;0.0;1
1;1;-180.25076696796822;40423.38351906787;1
