{
    "name": "tcl131",
    "input_path": "tcl/input/tcl131",
    "output_path": "tcl/output/tcl131",
    "working_dir": "tcl/input/tcl131",
    "initial_temperature": 18.452398196403692,
    "coefDeltaTemp": 0.05625,
    "coefConso": 1.0,
    "puissanceMin": 0,
    "puissanceMax": 4,
    "temperature_max": 21.10833560483167,
    "temperature_min": 16.246792025255246,
    "chroniqueTempExt": [
        0.24661845229290014,
        0.7475204662275705,
        1.3320639552418092,
        0.6793134046333877,
        2.2172428538683726,
        0.8438650559900096,
        0.3386621283051139,
        2.1313750152593025,
        0.5836825781238688,
        1.7121565562861676,
        0.9634319138183732,
        1.0040825244307,
        1.3801554136930287,
        2.2003719378983924,
        2.0140209395582547,
        2.698041876727765,
        0.4785445381304343,
        3.1457688810401336,
        3.6556431886427982,
        2.6567798729035026,
        2.460242185556678,
        3.9326546037435417,
        6.37605706542766,
        6.40799699173842,
        5.016912463547269,
        5.74933095889306,
        5.958912506172032,
        7.809376389068474,
        7.410553402330678,
        4.796559533586937,
        4.476478064909061,
        5.182787468123514,
        6.4709055375233095,
        5.889923275643541,
        5.828125703223957,
        5.342614608012163,
        6.283502177876973,
        5.956313789543437,
        3.856608036368407,
        4.9303189224660855,
        6.349917453935827,
        3.436582630792614,
        4.7426346526063385,
        1.9173634687304815,
        1.4895773467639986,
        0.9718370276425778,
        0.8653581561939331,
        1.9977411903637359
    ],
    "electricity_cost": [
        0.2068,
        0.2068,
        0.2068,
        0.2068,
        0.2068,
        0.2068,
        0.2068,
        0.2068,
        0.2068,
        0.2068,
        0.2068,
        0.2068,
        0.2068,
        0.2068,
        0.2516,
        0.2516,
        0.2516,
        0.2516,
        0.2516,
        0.2516,
        0.2516,
        0.2516,
        0.2516,
        0.2516,
        0.2516,
        0.2516,
        0.2516,
        0.2516,
        0.2516,
        0.2516,
        0.2516,
        0.2516,
        0.2516,
        0.2516,
        0.2516,
        0.2516,
        0.2516,
        0.2516,
        0.2516,
        0.2516,
        0.2516,
        0.2516,
        0.2516,
        0.2516,
        0.2516,
        0.2516,
        0.2068,
        0.2068
    ]
}