{
    "name": "tcl26",
    "input_path": "tcl/input/tcl26",
    "output_path": "tcl/output/tcl26",
    "working_dir": "tcl/input/tcl26",
    "initial_temperature": 18.710137629199156,
    "coefDeltaTemp": 0.05625,
    "coefConso": 1,
    "puissanceMin": 0,
    "puissanceMax": 4,
    "temperature_max": 21.338580218533437,
    "temperature_min": 15.343532351814973,
    "chroniqueTempExt": [
        8.473663092454144,
        6.067261293420191,
        6.018656810203535,
        3.793936975394167,
        6.291574554250014,
        6.136049451369194,
        6.114395733178878,
        6.684512359486373,
        6.388909990300145,
        5.792757708179713,
        6.182442769860591,
        4.811593417193134,
        5.159631945775103,
        6.820580364710747,
        6.833938151639074,
        7.3541449817860185,
        8.882416688329942,
        9.725780109811952,
        9.722930320613447,
        11.944884654468055,
        8.109020479289077,
        10.803253164037503,
        10.602376013259374,
        12.397111403785393,
        13.036699876370568,
        11.501177042649841,
        13.350967282339997,
        12.498647776536872,
        12.910670687461746,
        13.223715564616484,
        13.2884494476491,
        13.569825559918055,
        10.729121951520415,
        12.24070128340914,
        12.944422634641167,
        12.460720207325481,
        12.338451494710526,
        11.959187614212558,
        9.169756040767162,
        11.753937938548287,
        9.432877371514124,
        9.207029021373422,
        6.815421818289186,
        7.658617321472941,
        8.179370446150058,
        6.181065294990503,
        5.523480793283748,
        6.412920232783431
    ],
    "electricity_cost": [
        0.2068,
        0.2068,
        0.2068,
        0.2068,
        0.2068,
        0.2068,
        0.2068,
        0.2068,
        0.2068,
        0.2068,
        0.2068,
        0.2068,
        0.2068,
        0.2068,
        0.2516,
        0.2516,
        0.2516,
        0.2516,
        0.2516,
        0.2516,
        0.2516,
        0.2516,
        0.2516,
        0.2516,
        0.2516,
        0.2516,
        0.2516,
        0.2516,
        0.2516,
        0.2516,
        0.2516,
        0.2516,
        0.2516,
        0.2516,
        0.2516,
        0.2516,
        0.2516,
        0.2516,
        0.2516,
        0.2516,
        0.2516,
        0.2516,
        0.2516,
        0.2516,
        0.2516,
        0.2516,
        0.2068,
        0.2068
    ]
}