{
    "name": "tcl40",
    "input_path": "tcl/input/tcl40",
    "output_path": "tcl/output/tcl40",
    "working_dir": "tcl/input/tcl40",
    "initial_temperature": 17.563205898461664,
    "coefDeltaTemp": 0.05625,
    "coefConso": 1.0,
    "puissanceMin": 0,
    "puissanceMax": 4,
    "temperature_max": 20.21336215752812,
    "temperature_min": 16.74127534121635,
    "chroniqueTempExt": [
        2.457850572531383,
        -1.099117229049701,
        1.9846138346174917,
        0.8018375489061874,
        0.18239931768624829,
        1.279569243915953,
        2.007577983733536,
        -1.2866862917245094,
        1.3115692686713014,
        1.548496618242152,
        0.3334105721903401,
        0.309575425595377,
        1.664199912317542,
        0.23348412344937675,
        1.1460875363988134,
        2.8699725747598803,
        4.132257034792759,
        3.701507957699199,
        2.3182321478225125,
        4.507415448483088,
        4.4648377375540065,
        3.3006802600440457,
        4.230408577538815,
        7.043684961808158,
        6.295107438793203,
        5.763830946762223,
        5.103447408952396,
        8.729811155685379,
        5.0888133847614885,
        6.872309208298996,
        4.266506423428873,
        7.329198294190286,
        6.167685596469792,
        4.106170246798569,
        6.5340953770248085,
        5.066015964611127,
        6.777921011166649,
        4.79953879003436,
        5.225623441220761,
        6.2375216235576865,
        4.794331887941699,
        1.9932704821019105,
        2.3893761736488384,
        2.3572005210439895,
        1.4045753290911533,
        1.9359389997354801,
        0.5502324305018897,
        -0.4067488340228915
    ],
    "electricity_cost": [
        0.2068,
        0.2068,
        0.2068,
        0.2068,
        0.2068,
        0.2068,
        0.2068,
        0.2068,
        0.2068,
        0.2068,
        0.2068,
        0.2068,
        0.2068,
        0.2068,
        0.2516,
        0.2516,
        0.2516,
        0.2516,
        0.2516,
        0.2516,
        0.2516,
        0.2516,
        0.2516,
        0.2516,
        0.2516,
        0.2516,
        0.2516,
        0.2516,
        0.2516,
        0.2516,
        0.2516,
        0.2516,
        0.2516,
        0.2516,
        0.2516,
        0.2516,
        0.2516,
        0.2516,
        0.2516,
        0.2516,
        0.2516,
        0.2516,
        0.2516,
        0.2516,
        0.2516,
        0.2516,
        0.2068,
        0.2068
    ]
}