{
    "name": "tcl25",
    "input_path": "tcl/input/tcl25",
    "output_path": "tcl/output/tcl25",
    "working_dir": "tcl/input/tcl25",
    "initial_temperature": 17.44098373845383,
    "coefDeltaTemp": 0.05625,
    "coefConso": 1,
    "puissanceMin": 0,
    "puissanceMax": 4,
    "temperature_max": 21.254207281365808,
    "temperature_min": 15.932360008940966,
    "chroniqueTempExt": [
        0.9536455929088523,
        0.8226817995639055,
        1.4028552908146548,
        0.49533605365441635,
        1.0583446686497704,
        0.14640754397948597,
        0.4093095719385772,
        2.1383895855240844,
        -0.40705946256760384,
        0.15440944449023308,
        1.776223231851979,
        -0.13751855894538956,
        -0.6210842540772148,
        -0.6042876444357037,
        -1.3169835299449595,
        1.8904050945298108,
        2.2275403763190686,
        1.0092116154916813,
        2.025063053015815,
        4.178141159139,
        4.220708272626078,
        3.465213865467206,
        3.5427249653153754,
        5.676781006367709,
        5.369553186161532,
        5.168110402847496,
        4.906503546871678,
        5.628878493278469,
        4.39190966999365,
        6.28186646167767,
        4.501217849081459,
        4.653183494047572,
        6.058506732077144,
        5.697055121216483,
        7.374415935873464,
        6.7243791535558675,
        6.202176903106913,
        7.1768145241168515,
        5.663863466031373,
        3.870360051620764,
        5.607888589399012,
        4.672484499556957,
        3.320253940275505,
        4.39754014383359,
        3.2009915864949416,
        3.7126031544648566,
        0.01971309489244999,
        0.08875916353869007
    ],
    "electricity_cost": [
        0.2068,
        0.2068,
        0.2068,
        0.2068,
        0.2068,
        0.2068,
        0.2068,
        0.2068,
        0.2068,
        0.2068,
        0.2068,
        0.2068,
        0.2068,
        0.2068,
        0.2516,
        0.2516,
        0.2516,
        0.2516,
        0.2516,
        0.2516,
        0.2516,
        0.2516,
        0.2516,
        0.2516,
        0.2516,
        0.2516,
        0.2516,
        0.2516,
        0.2516,
        0.2516,
        0.2516,
        0.2516,
        0.2516,
        0.2516,
        0.2516,
        0.2516,
        0.2516,
        0.2516,
        0.2516,
        0.2516,
        0.2516,
        0.2516,
        0.2516,
        0.2516,
        0.2516,
        0.2516,
        0.2068,
        0.2068
    ]
}