{
    "name": "tcl113",
    "input_path": "tcl/input/tcl113",
    "output_path": "tcl/output/tcl113",
    "working_dir": "tcl/input/tcl113",
    "initial_temperature": 19.046394437478,
    "coefDeltaTemp": 0.05625,
    "coefConso": 1.0,
    "puissanceMin": 0,
    "puissanceMax": 4,
    "temperature_max": 21.8095155785761,
    "temperature_min": 15.159087331044846,
    "chroniqueTempExt": [
        7.62963463878238,
        9.308050698739413,
        7.402308724364461,
        7.599512217368202,
        7.040874028849138,
        9.393928219551626,
        8.778468267356779,
        6.157510324090755,
        7.181464444890958,
        8.170979655656124,
        6.145590324494025,
        7.074137048387374,
        6.97486153621215,
        6.820855920593452,
        9.267702213223389,
        9.571015837260813,
        10.880633359321617,
        10.762877343993793,
        10.735244527441553,
        11.566059658614655,
        11.443891715343932,
        12.904652544102671,
        14.033953685725377,
        13.465831315851212,
        14.528263381935485,
        14.421525999450228,
        14.653043372356056,
        14.706207139854959,
        14.433283870351637,
        14.503783785234205,
        14.799979588462383,
        14.417796069691313,
        14.770276389232105,
        15.102318260812165,
        15.026646699392895,
        13.332432870031866,
        13.372062550205767,
        12.460864773106913,
        12.735457115497386,
        10.967028618985992,
        11.711590637070612,
        11.314259901684238,
        9.884135702078758,
        8.930220731287537,
        9.57653116737044,
        7.669237349258106,
        7.90864941526879,
        7.541611080911859
    ],
    "electricity_cost": [
        0.2068,
        0.2068,
        0.2068,
        0.2068,
        0.2068,
        0.2068,
        0.2068,
        0.2068,
        0.2068,
        0.2068,
        0.2068,
        0.2068,
        0.2068,
        0.2068,
        0.2516,
        0.2516,
        0.2516,
        0.2516,
        0.2516,
        0.2516,
        0.2516,
        0.2516,
        0.2516,
        0.2516,
        0.2516,
        0.2516,
        0.2516,
        0.2516,
        0.2516,
        0.2516,
        0.2516,
        0.2516,
        0.2516,
        0.2516,
        0.2516,
        0.2516,
        0.2516,
        0.2516,
        0.2516,
        0.2516,
        0.2516,
        0.2516,
        0.2516,
        0.2516,
        0.2516,
        0.2516,
        0.2068,
        0.2068
    ]
}