{
    "name": "tcl61",
    "input_path": "tcl/input/tcl61",
    "output_path": "tcl/output/tcl61",
    "working_dir": "tcl/input/tcl61",
    "initial_temperature": 17.97288548072766,
    "coefDeltaTemp": 0.05625,
    "coefConso": 1.0,
    "puissanceMin": 0,
    "puissanceMax": 4,
    "temperature_max": 20.1770558298021,
    "temperature_min": 15.937060082509097,
    "chroniqueTempExt": [
        12.751778791576934,
        13.516444268870885,
        12.697598593737428,
        11.512714012249186,
        13.63613071538692,
        11.843219640426325,
        12.74886436303618,
        11.838327626994356,
        12.23167914682586,
        11.124248144423865,
        11.966041489910308,
        12.303336950907246,
        11.09331948100088,
        12.970927019980516,
        12.288702001178414,
        14.910639575089055,
        13.867467265733373,
        15.481789474167853,
        15.943385995786182,
        15.541344529889674,
        16.795757254320378,
        18.690959412009857,
        19.506812283115604,
        18.6447178775231,
        18.831307932663965,
        20.93384048798119,
        19.293288129650808,
        18.96890673483626,
        16.956625573641492,
        18.93299757391828,
        18.965212548203244,
        19.115924735754344,
        18.302105492735116,
        17.970516747674072,
        18.095972232784593,
        19.721482123712853,
        19.24143548749316,
        19.36401428290042,
        16.658830401274123,
        17.40759653874485,
        13.995629040583573,
        14.867880309319892,
        15.591974157611396,
        13.975699293577373,
        14.71269512239304,
        13.186617976969352,
        12.613661518517192,
        12.76911700249183
    ],
    "electricity_cost": [
        0.2068,
        0.2068,
        0.2068,
        0.2068,
        0.2068,
        0.2068,
        0.2068,
        0.2068,
        0.2068,
        0.2068,
        0.2068,
        0.2068,
        0.2068,
        0.2068,
        0.2516,
        0.2516,
        0.2516,
        0.2516,
        0.2516,
        0.2516,
        0.2516,
        0.2516,
        0.2516,
        0.2516,
        0.2516,
        0.2516,
        0.2516,
        0.2516,
        0.2516,
        0.2516,
        0.2516,
        0.2516,
        0.2516,
        0.2516,
        0.2516,
        0.2516,
        0.2516,
        0.2516,
        0.2516,
        0.2516,
        0.2516,
        0.2516,
        0.2516,
        0.2516,
        0.2516,
        0.2516,
        0.2068,
        0.2068
    ]
}