{
    "name": "tcl172",
    "input_path": "tcl/input/tcl172",
    "output_path": "tcl/output/tcl172",
    "working_dir": "tcl/input/tcl172",
    "initial_temperature": 18.759243261725235,
    "coefDeltaTemp": 0.05625,
    "coefConso": 1.0,
    "puissanceMin": 0,
    "puissanceMax": 4,
    "temperature_max": 20.058941705363985,
    "temperature_min": 15.850912794801975,
    "chroniqueTempExt": [
        10.973705934606024,
        11.796481068659284,
        9.688319750539392,
        9.528811687200177,
        9.800780385573436,
        11.467692669418167,
        10.632095330891165,
        10.921541066835493,
        9.774645406045813,
        10.218345819098428,
        8.117098050579077,
        10.689832348594791,
        9.859940372835945,
        10.311869859420527,
        11.4103429342802,
        11.88704840363174,
        12.924283798201419,
        11.767022205723329,
        13.256165968404046,
        14.80177102543774,
        14.330776604411485,
        15.145369401150127,
        15.223838441463537,
        15.600594417925485,
        17.031113046543684,
        16.378411215835925,
        16.815831128246547,
        17.102560830396175,
        16.441514918316056,
        14.31082153256995,
        15.510940745074834,
        14.786040231760696,
        17.31620447509035,
        15.40959360593676,
        16.544648736371038,
        14.27300731033534,
        16.032760837045146,
        14.764254162442436,
        15.714944029312571,
        13.886887963063419,
        12.63682091471571,
        13.033971259677559,
        12.519597421798402,
        13.26354848135989,
        11.27758962330998,
        9.810474759387908,
        9.925766222283295,
        10.749443262141401
    ],
    "electricity_cost": [
        0.2068,
        0.2068,
        0.2068,
        0.2068,
        0.2068,
        0.2068,
        0.2068,
        0.2068,
        0.2068,
        0.2068,
        0.2068,
        0.2068,
        0.2068,
        0.2068,
        0.2516,
        0.2516,
        0.2516,
        0.2516,
        0.2516,
        0.2516,
        0.2516,
        0.2516,
        0.2516,
        0.2516,
        0.2516,
        0.2516,
        0.2516,
        0.2516,
        0.2516,
        0.2516,
        0.2516,
        0.2516,
        0.2516,
        0.2516,
        0.2516,
        0.2516,
        0.2516,
        0.2516,
        0.2516,
        0.2516,
        0.2516,
        0.2516,
        0.2516,
        0.2516,
        0.2516,
        0.2516,
        0.2068,
        0.2068
    ]
}