{
    "name": "tcl29",
    "input_path": "tcl/input/tcl29",
    "output_path": "tcl/output/tcl29",
    "working_dir": "tcl/input/tcl29",
    "initial_temperature": 18.3903599259563,
    "coefDeltaTemp": 0.05625,
    "coefConso": 1,
    "puissanceMin": 0,
    "puissanceMax": 4,
    "temperature_max": 21.385127433272366,
    "temperature_min": 16.681704440579125,
    "chroniqueTempExt": [
        1.4291986681479756,
        -0.5138904680447571,
        1.9904131355331165,
        0.3731317307166473,
        2.1970086257833588,
        2.3261904710679913,
        1.7371488987348982,
        3.578343804791269,
        -0.9101566375295724,
        -1.7073955475551212,
        0.21227679845929714,
        2.235618483094496,
        3.223344697754031,
        1.245054675224102,
        3.0850298257581543,
        2.809790021789478,
        2.012262902918522,
        4.777666797038769,
        5.01305933886167,
        3.748260186540617,
        5.759100550269728,
        4.109863898477732,
        4.619483746265067,
        7.379108339955902,
        5.981405142565607,
        5.8788208565368105,
        4.294912406600585,
        7.362414363407211,
        6.1201786372137335,
        6.048188474222211,
        6.834428988104552,
        6.887456075780099,
        5.793637552120844,
        5.902541163103381,
        5.758971221427332,
        6.7945955698570515,
        7.5439627380105,
        6.324097607854165,
        4.397758080261618,
        5.285642161916001,
        6.18604193255347,
        4.686011331389911,
        3.186042559609933,
        2.5633393947919965,
        0.4907126403036772,
        3.1398921856809485,
        0.819288482311239,
        2.41305413976406
    ],
    "electricity_cost": [
        0.2068,
        0.2068,
        0.2068,
        0.2068,
        0.2068,
        0.2068,
        0.2068,
        0.2068,
        0.2068,
        0.2068,
        0.2068,
        0.2068,
        0.2068,
        0.2068,
        0.2516,
        0.2516,
        0.2516,
        0.2516,
        0.2516,
        0.2516,
        0.2516,
        0.2516,
        0.2516,
        0.2516,
        0.2516,
        0.2516,
        0.2516,
        0.2516,
        0.2516,
        0.2516,
        0.2516,
        0.2516,
        0.2516,
        0.2516,
        0.2516,
        0.2516,
        0.2516,
        0.2516,
        0.2516,
        0.2516,
        0.2516,
        0.2516,
        0.2516,
        0.2516,
        0.2516,
        0.2516,
        0.2068,
        0.2068
    ]
}