{
    "name": "tcl232",
    "input_path": "tcl/input/tcl232",
    "output_path": "tcl/output/tcl232",
    "working_dir": "tcl/input/tcl232",
    "initial_temperature": 17.57288992373773,
    "coefDeltaTemp": 0.05625,
    "coefConso": 1.0,
    "puissanceMin": 0,
    "puissanceMax": 4,
    "temperature_max": 20.03703430764046,
    "temperature_min": 16.324059447910933,
    "chroniqueTempExt": [
        13.089175150684666,
        11.141510533921158,
        12.657339682583817,
        12.551515337833147,
        10.871153914537299,
        12.415015553211616,
        12.520833905163459,
        12.17181793474156,
        13.556442035394443,
        10.737556282092564,
        13.077972496223893,
        10.82265917969181,
        11.209702128795383,
        12.22231245475974,
        13.346832009687805,
        15.022922183700844,
        13.847051780908782,
        13.043569061676159,
        17.90937832686846,
        16.018632109500285,
        17.52953235100465,
        17.84495549168417,
        18.440821037818523,
        18.157535459322446,
        19.977784148758143,
        20.155259042112448,
        17.763305662479308,
        18.55322044783133,
        18.281510144120567,
        20.232986304432366,
        19.122770451362427,
        19.39745209329037,
        20.04329869462751,
        20.0019974443812,
        20.915985226434955,
        18.923553321669335,
        18.32650090714514,
        18.40390198484503,
        17.685358050863325,
        18.014689165900215,
        16.28415362611441,
        15.543535189644794,
        14.847470569349364,
        13.85383518295616,
        13.712315875151399,
        13.98777325084316,
        13.213957340784727,
        12.770462972712659
    ],
    "electricity_cost": [
        0.2068,
        0.2068,
        0.2068,
        0.2068,
        0.2068,
        0.2068,
        0.2068,
        0.2068,
        0.2068,
        0.2068,
        0.2068,
        0.2068,
        0.2068,
        0.2068,
        0.2516,
        0.2516,
        0.2516,
        0.2516,
        0.2516,
        0.2516,
        0.2516,
        0.2516,
        0.2516,
        0.2516,
        0.2516,
        0.2516,
        0.2516,
        0.2516,
        0.2516,
        0.2516,
        0.2516,
        0.2516,
        0.2516,
        0.2516,
        0.2516,
        0.2516,
        0.2516,
        0.2516,
        0.2516,
        0.2516,
        0.2516,
        0.2516,
        0.2516,
        0.2516,
        0.2516,
        0.2516,
        0.2068,
        0.2068
    ]
}