{
    "name": "tcl44",
    "input_path": "tcl/input/tcl44",
    "output_path": "tcl/output/tcl44",
    "working_dir": "tcl/input/tcl44",
    "initial_temperature": 19.35692584425896,
    "coefDeltaTemp": 0.05625,
    "coefConso": 1.0,
    "puissanceMin": 0,
    "puissanceMax": 4,
    "temperature_max": 21.965923453885168,
    "temperature_min": 16.698144742617977,
    "chroniqueTempExt": [
        6.8579327536003385,
        8.977109450641693,
        7.591365278917001,
        6.342903379777992,
        8.273187087920133,
        8.012236709965622,
        7.956859462754676,
        9.248975382465655,
        7.473988536776647,
        7.721973711139634,
        7.555023816253824,
        7.3046438110683525,
        5.384953285821897,
        9.25322916513855,
        9.840652354304693,
        10.360267350556532,
        10.619086969968787,
        10.530442221082273,
        12.982617160538085,
        12.44535160631872,
        11.798942101406496,
        12.571496201435094,
        14.41769963869332,
        13.63286951416066,
        12.489208347832298,
        14.33221627616014,
        13.414664221286994,
        12.656438224858725,
        14.46688994296093,
        14.52162645420575,
        13.007337920470032,
        14.535326652226873,
        13.23173127997931,
        12.46179828064265,
        12.947880180993746,
        14.600952245135122,
        13.662669295219567,
        13.693674195445709,
        12.006887099515973,
        13.097667638444227,
        12.210903815088088,
        10.098597218344125,
        9.321080007679717,
        10.552343946101388,
        6.761253439523379,
        9.260726722758404,
        10.276011969530137,
        7.917392682115175
    ],
    "electricity_cost": [
        0.2068,
        0.2068,
        0.2068,
        0.2068,
        0.2068,
        0.2068,
        0.2068,
        0.2068,
        0.2068,
        0.2068,
        0.2068,
        0.2068,
        0.2068,
        0.2068,
        0.2516,
        0.2516,
        0.2516,
        0.2516,
        0.2516,
        0.2516,
        0.2516,
        0.2516,
        0.2516,
        0.2516,
        0.2516,
        0.2516,
        0.2516,
        0.2516,
        0.2516,
        0.2516,
        0.2516,
        0.2516,
        0.2516,
        0.2516,
        0.2516,
        0.2516,
        0.2516,
        0.2516,
        0.2516,
        0.2516,
        0.2516,
        0.2516,
        0.2516,
        0.2516,
        0.2516,
        0.2516,
        0.2068,
        0.2068
    ]
}