{
    "name": "tcl169",
    "input_path": "tcl/input/tcl169",
    "output_path": "tcl/output/tcl169",
    "working_dir": "tcl/input/tcl169",
    "initial_temperature": 18.280511460274038,
    "coefDeltaTemp": 0.05625,
    "coefConso": 1.0,
    "puissanceMin": 0,
    "puissanceMax": 4,
    "temperature_max": 20.328923213694758,
    "temperature_min": 16.591241128133056,
    "chroniqueTempExt": [
        2.8115167883879506,
        2.8533582115697183,
        3.5925148886933562,
        4.180741989171748,
        4.253212398578524,
        4.851266705558046,
        4.021581049474715,
        5.2955766491145635,
        2.7030652363290812,
        4.132237344719869,
        3.9512515256931464,
        2.6585070211276767,
        3.380577450564347,
        5.420048223441804,
        5.361720328248126,
        5.968608107547357,
        5.547545281925708,
        5.972594965422099,
        5.861682164217703,
        7.384081759595851,
        9.576279926134593,
        8.045894606437813,
        8.37869233774541,
        7.5714980511527035,
        10.382664295599481,
        9.36803994690816,
        9.03363212542158,
        8.877435303732517,
        10.103032317417398,
        9.977573750080882,
        8.220759198855436,
        9.767076545439236,
        7.325040119478389,
        9.326983648407671,
        9.427236179680005,
        10.129090167167323,
        9.805266868824367,
        9.012143149937184,
        8.149458986819162,
        6.506006290283067,
        6.682595987823504,
        5.616789315363121,
        6.547626482008491,
        7.0496433838651615,
        5.471020110720163,
        3.6455133244947326,
        3.429263414549175,
        5.836778690358311
    ],
    "electricity_cost": [
        0.2068,
        0.2068,
        0.2068,
        0.2068,
        0.2068,
        0.2068,
        0.2068,
        0.2068,
        0.2068,
        0.2068,
        0.2068,
        0.2068,
        0.2068,
        0.2068,
        0.2516,
        0.2516,
        0.2516,
        0.2516,
        0.2516,
        0.2516,
        0.2516,
        0.2516,
        0.2516,
        0.2516,
        0.2516,
        0.2516,
        0.2516,
        0.2516,
        0.2516,
        0.2516,
        0.2516,
        0.2516,
        0.2516,
        0.2516,
        0.2516,
        0.2516,
        0.2516,
        0.2516,
        0.2516,
        0.2516,
        0.2516,
        0.2516,
        0.2516,
        0.2516,
        0.2516,
        0.2516,
        0.2068,
        0.2068
    ]
}