{
    "name": "tcl71",
    "input_path": "tcl/input/tcl71",
    "output_path": "tcl/output/tcl71",
    "working_dir": "tcl/input/tcl71",
    "initial_temperature": 18.310376178330223,
    "coefDeltaTemp": 0.05625,
    "coefConso": 1.0,
    "puissanceMin": 0,
    "puissanceMax": 4,
    "temperature_max": 21.490145169365547,
    "temperature_min": 15.225449957191945,
    "chroniqueTempExt": [
        1.8317331927068319,
        0.8075729119707727,
        2.5142815748301226,
        2.3911255310848447,
        1.1924424835628769,
        2.0774238855049827,
        1.6433082094771296,
        -0.1785683226900312,
        -0.9874812947334313,
        1.5442353568714857,
        0.9418124528178682,
        0.3119715165144282,
        1.7092363976003027,
        0.21506877975054084,
        0.6253718029329589,
        0.7667027141606948,
        3.1642066549182815,
        1.0052143439902026,
        3.756899239151197,
        4.82199532781732,
        6.28425340024971,
        6.017884638788164,
        4.487234139989299,
        6.677371865577194,
        5.993477202981122,
        5.838858412266153,
        4.949232041845707,
        7.871847812424282,
        5.934162617806855,
        6.153722578111212,
        5.514600893513118,
        5.543647874253351,
        6.800244525733684,
        5.597119705138082,
        8.10996250883203,
        6.365390322422626,
        6.475575852534702,
        5.194230364453735,
        5.4271180596712405,
        6.523967691201415,
        3.368862884163896,
        4.83613261878748,
        2.5904842986663077,
        4.448945571394202,
        2.699584622012356,
        0.8657344828293843,
        1.5060940508890053,
        1.4799914295665162
    ],
    "electricity_cost": [
        0.2068,
        0.2068,
        0.2068,
        0.2068,
        0.2068,
        0.2068,
        0.2068,
        0.2068,
        0.2068,
        0.2068,
        0.2068,
        0.2068,
        0.2068,
        0.2068,
        0.2516,
        0.2516,
        0.2516,
        0.2516,
        0.2516,
        0.2516,
        0.2516,
        0.2516,
        0.2516,
        0.2516,
        0.2516,
        0.2516,
        0.2516,
        0.2516,
        0.2516,
        0.2516,
        0.2516,
        0.2516,
        0.2516,
        0.2516,
        0.2516,
        0.2516,
        0.2516,
        0.2516,
        0.2516,
        0.2516,
        0.2516,
        0.2516,
        0.2516,
        0.2516,
        0.2516,
        0.2516,
        0.2068,
        0.2068
    ]
}