{
    "name": "tcl100",
    "input_path": "tcl/input/tcl100",
    "output_path": "tcl/output/tcl100",
    "working_dir": "tcl/input/tcl100",
    "initial_temperature": 18.88496824977046,
    "coefDeltaTemp": 0.05625,
    "coefConso": 1.0,
    "puissanceMin": 0,
    "puissanceMax": 4,
    "temperature_max": 20.440548829644616,
    "temperature_min": 15.741738076435407,
    "chroniqueTempExt": [
        -0.5712999882917118,
        1.2197442201212183,
        -0.2999477980972833,
        1.2731865817467671,
        -0.03191908994435494,
        0.2619758331913197,
        -0.114857154335064,
        0.7922156062425268,
        -1.419844795437127,
        -0.643849021949851,
        0.68002704552833,
        -1.3657687165818595,
        -0.07911649265108422,
        0.5898992032454173,
        3.1956261161536226,
        4.3523442491406,
        2.6463705480132482,
        2.0902020762167317,
        1.4508945217541118,
        3.3407095339588526,
        2.277985537854603,
        5.0586296365558745,
        5.301928251241382,
        5.3673742627573064,
        5.242517601048573,
        5.1986100773588815,
        3.9698888819015874,
        5.135123179596727,
        7.130397176675565,
        5.69309281573996,
        5.174721527982986,
        5.212051165276842,
        3.460948313034341,
        5.796306216065718,
        6.012085905974095,
        3.973992047446722,
        5.046112097054207,
        3.5402014059615166,
        5.179755664870756,
        6.5965648159334815,
        2.4925126606968786,
        3.781351335902431,
        1.9281110331872215,
        -0.6718381512515013,
        1.1216125590162038,
        -0.1154367520474695,
        0.8778554976329007,
        1.6201922250766987
    ],
    "electricity_cost": [
        0.2068,
        0.2068,
        0.2068,
        0.2068,
        0.2068,
        0.2068,
        0.2068,
        0.2068,
        0.2068,
        0.2068,
        0.2068,
        0.2068,
        0.2068,
        0.2068,
        0.2516,
        0.2516,
        0.2516,
        0.2516,
        0.2516,
        0.2516,
        0.2516,
        0.2516,
        0.2516,
        0.2516,
        0.2516,
        0.2516,
        0.2516,
        0.2516,
        0.2516,
        0.2516,
        0.2516,
        0.2516,
        0.2516,
        0.2516,
        0.2516,
        0.2516,
        0.2516,
        0.2516,
        0.2516,
        0.2516,
        0.2516,
        0.2516,
        0.2516,
        0.2516,
        0.2516,
        0.2516,
        0.2068,
        0.2068
    ]
}