{
    "name": "tcl211",
    "input_path": "tcl/input/tcl211",
    "output_path": "tcl/output/tcl211",
    "working_dir": "tcl/input/tcl211",
    "initial_temperature": 18.97576557533963,
    "coefDeltaTemp": 0.05625,
    "coefConso": 1.0,
    "puissanceMin": 0,
    "puissanceMax": 4,
    "temperature_max": 20.440611788491097,
    "temperature_min": 16.801323587961228,
    "chroniqueTempExt": [
        1.043071187206438,
        0.4424603655958562,
        2.0138324577465685,
        2.5847396226343844,
        1.1791438175929037,
        2.5638631077070224,
        1.541654166180748,
        -0.9283623376675914,
        0.2716805329894929,
        1.1239772204387792,
        -0.520860342488277,
        1.3101381358283712,
        1.6333079639249044,
        1.7408293830517148,
        1.3537048770755586,
        2.528621913996939,
        4.07691069376448,
        3.744896636699367,
        3.265829072966448,
        5.030065535243578,
        2.9946104355708374,
        6.801068163070871,
        4.678201441178833,
        4.4918650293038045,
        6.694675555312635,
        6.502856891750823,
        5.343117302335062,
        7.3804608855836555,
        6.051448518053791,
        4.774556006044277,
        5.216366370809245,
        5.581864301785478,
        6.535438615938167,
        7.192037251886826,
        6.66969180714328,
        6.74492116359955,
        5.120382180897837,
        4.64704864477868,
        6.59601292664031,
        4.785416798712506,
        3.678850329803903,
        3.554933371251889,
        4.392561229153945,
        4.560686800159114,
        2.3312742389377386,
        1.8742398185041396,
        1.0125485368868017,
        2.0857270827558905
    ],
    "electricity_cost": [
        0.2068,
        0.2068,
        0.2068,
        0.2068,
        0.2068,
        0.2068,
        0.2068,
        0.2068,
        0.2068,
        0.2068,
        0.2068,
        0.2068,
        0.2068,
        0.2068,
        0.2516,
        0.2516,
        0.2516,
        0.2516,
        0.2516,
        0.2516,
        0.2516,
        0.2516,
        0.2516,
        0.2516,
        0.2516,
        0.2516,
        0.2516,
        0.2516,
        0.2516,
        0.2516,
        0.2516,
        0.2516,
        0.2516,
        0.2516,
        0.2516,
        0.2516,
        0.2516,
        0.2516,
        0.2516,
        0.2516,
        0.2516,
        0.2516,
        0.2516,
        0.2516,
        0.2516,
        0.2516,
        0.2068,
        0.2068
    ]
}