{
    "load": [
        0.0,
        0.0,
        0.939581298982965,
        0.9836049453655502,
        0.9784329763001502,
        1.0325122115329501,
        0.9838639867155502,
        0.9145379539703502,
        0.9828590235439502,
        1.0155320827811503,
        0.9756258364445503,
        1.0083931423729502,
        2.7040261456310546,
        4.0,
        0.0,
        0.0,
        0.0,
        0.0,
        0.0,
        0.8448847061183502,
        0.7467488910637502,
        0.8811943667419502,
        0.6687342840917503,
        0.7460532099897502,
        0.7253908176377502,
        0.6761176568077503,
        0.7083193070757502,
        0.6680313787057501,
        0.5939004534897502,
        0.7243879183137503,
        0.6624592533417502,
        0.6780559066637502,
        0.6570096437777502,
        0.5787788877417501,
        0.7492987094377502,
        0.6255142191057502,
        4.0,
        2.1393631352139693,
        0.0,
        0.0,
        4.0,
        4.0,
        0.0,
        0.0,
        0.0,
        0.0,
        0.0,
        0.0
    ],
    "cost": -101.83908177943925
}