{
    "load": [
        0.0,
        0.0,
        0.939581298982965,
        0.9836049453655491,
        0.978432976300148,
        1.0325122115329535,
        0.9838639867155479,
        0.9145379539703526,
        0.982859023543952,
        1.0155320827811494,
        0.97562583644455,
        1.0083931423729524,
        2.704026145631069,
        4.0,
        0.0,
        0.0,
        0.0,
        0.0,
        0.0,
        0.84488470611835,
        0.7467488910637528,
        0.8811943667419513,
        0.6687342840917481,
        0.7460532099897534,
        0.7253908176377521,
        0.6761176568077474,
        0.7083193070757474,
        0.6680313787057486,
        0.5939004534897521,
        0.7243879183137523,
        0.6624592533417513,
        0.6780559066637508,
        0.657009643777748,
        0.5787788877417483,
        0.7492987094377526,
        0.625514219105753,
        4.0,
        2.1393631352139764,
        0.0,
        0.0,
        4.0,
        4.0,
        0.0,
        0.0,
        0.0,
        0.0,
        0.0,
        0.0
    ],
    "cost": -101.83897811708235
}