{
    "name": "tcl62",
    "input_path": "tcl/input/tcl62",
    "output_path": "tcl/output/tcl62",
    "working_dir": "tcl/input/tcl62",
    "initial_temperature": 17.69486776983823,
    "coefDeltaTemp": 0.05625,
    "coefConso": 1.0,
    "puissanceMin": 0,
    "puissanceMax": 4,
    "temperature_max": 21.021241039972224,
    "temperature_min": 15.16211273610913,
    "chroniqueTempExt": [
        11.032843229288538,
        10.139586192742438,
        11.241496674579253,
        13.20695698073786,
        12.184101440185408,
        12.592414799351108,
        12.784748350729826,
        13.162270601596582,
        11.234853461421228,
        10.807592531499015,
        13.04011189184847,
        12.026199250334985,
        13.296413839391779,
        11.187476096458212,
        11.957257116170085,
        14.698780775805384,
        13.34834524283919,
        14.040213037719072,
        16.100354712202346,
        15.749319233056916,
        16.85704883918394,
        18.800608370012377,
        19.708660668103075,
        19.52625062942566,
        19.271572101009884,
        19.37837667057298,
        18.767812265096843,
        20.36483049707769,
        18.14129621384785,
        18.183003837339072,
        19.361155582197036,
        19.297475597538334,
        20.58536658598796,
        19.464216639740915,
        18.60974069476788,
        19.40689940257852,
        18.593069574264316,
        15.8812098793072,
        17.416520745736104,
        18.816946837558437,
        18.04513040965042,
        15.814207093770085,
        13.251234914919335,
        14.133148258338151,
        13.410911053966329,
        13.751944818152575,
        11.219012162022162,
        12.322901290046568
    ],
    "electricity_cost": [
        0.2068,
        0.2068,
        0.2068,
        0.2068,
        0.2068,
        0.2068,
        0.2068,
        0.2068,
        0.2068,
        0.2068,
        0.2068,
        0.2068,
        0.2068,
        0.2068,
        0.2516,
        0.2516,
        0.2516,
        0.2516,
        0.2516,
        0.2516,
        0.2516,
        0.2516,
        0.2516,
        0.2516,
        0.2516,
        0.2516,
        0.2516,
        0.2516,
        0.2516,
        0.2516,
        0.2516,
        0.2516,
        0.2516,
        0.2516,
        0.2516,
        0.2516,
        0.2516,
        0.2516,
        0.2516,
        0.2516,
        0.2516,
        0.2516,
        0.2516,
        0.2516,
        0.2516,
        0.2516,
        0.2068,
        0.2068
    ]
}