{
    "name": "tcl6",
    "input_path": "tcl/input/tcl6",
    "output_path": "tcl/output/tcl6",
    "working_dir": "tcl/input/tcl6",
    "initial_temperature": 19.458686194571925,
    "coefDeltaTemp": 0.05625,
    "coefConso": 1.0,
    "puissanceMin": 0,
    "puissanceMax": 4,
    "temperature_max": 21.175962830108414,
    "temperature_min": 16.252193721116413,
    "chroniqueTempExt": [
        7.459481688931827,
        6.845914298235922,
        8.765894479975588,
        6.897347507477663,
        6.823049867551518,
        9.438857632791905,
        5.767815201101001,
        7.081237031854978,
        9.234879568386201,
        9.320452098555066,
        9.761143455452979,
        8.988512646658982,
        7.992721269307681,
        7.884001962441146,
        9.752106956650788,
        9.260473785101038,
        9.088988264906932,
        10.836970486573305,
        11.434595730162448,
        11.357938596685232,
        11.00879509816404,
        12.791330467020337,
        14.503918184407953,
        15.526414529984336,
        12.676065213346616,
        12.744205824179767,
        13.983234089190306,
        13.293834409147285,
        14.055717743584799,
        14.844995262347508,
        14.178540245971778,
        14.167330930382569,
        12.661660474200714,
        13.936120093825368,
        13.882626740003692,
        12.429012290707558,
        13.756427906392222,
        14.381110002236069,
        13.220877718798842,
        12.876548876200946,
        12.3375270676684,
        11.338044234084354,
        11.19156101382819,
        11.403779219492197,
        9.817322332384624,
        11.844676100317553,
        7.282138172586332,
        7.651342201709195
    ],
    "electricity_cost": [
        0.2068,
        0.2068,
        0.2068,
        0.2068,
        0.2068,
        0.2068,
        0.2068,
        0.2068,
        0.2068,
        0.2068,
        0.2068,
        0.2068,
        0.2068,
        0.2068,
        0.2516,
        0.2516,
        0.2516,
        0.2516,
        0.2516,
        0.2516,
        0.2516,
        0.2516,
        0.2516,
        0.2516,
        0.2516,
        0.2516,
        0.2516,
        0.2516,
        0.2516,
        0.2516,
        0.2516,
        0.2516,
        0.2516,
        0.2516,
        0.2516,
        0.2516,
        0.2516,
        0.2516,
        0.2516,
        0.2516,
        0.2516,
        0.2516,
        0.2516,
        0.2516,
        0.2516,
        0.2516,
        0.2068,
        0.2068
    ]
}