{
    "name": "tcl18",
    "input_path": "tcl/input/tcl18",
    "output_path": "tcl/output/tcl18",
    "working_dir": "tcl/input/tcl18",
    "initial_temperature": 18.565719609587813,
    "coefDeltaTemp": 0.05625,
    "coefConso": 1,
    "puissanceMin": 0,
    "puissanceMax": 4,
    "temperature_max": 20.742377884825807,
    "temperature_min": 15.970123751162793,
    "chroniqueTempExt": [
        13.170192316012546,
        11.905593524605074,
        12.318430429060871,
        15.023518744629701,
        13.799601167168124,
        13.884802904016585,
        13.28512176680881,
        13.741672764820311,
        13.985257635757202,
        11.326375761040598,
        12.258045848357913,
        11.926219263200762,
        12.50645617808509,
        11.549586555978829,
        15.4274585197393,
        14.01238132624543,
        15.336525750293543,
        15.989217556520202,
        16.21626562590121,
        16.804947608286568,
        15.590952321444156,
        17.855827816712,
        19.14962914070407,
        19.590807300530326,
        17.566689486609448,
        18.837348456572578,
        18.40821447517017,
        18.814092721221325,
        18.248739817469026,
        16.957235645918253,
        19.03739990862682,
        18.20832550219257,
        18.627186554830132,
        20.505491134669477,
        20.110916822718707,
        18.36073565511398,
        17.040878969593177,
        18.965224697536982,
        17.675610690823834,
        16.558168077415182,
        15.626221324596278,
        17.655472707819776,
        16.283113767949725,
        15.537169824617685,
        15.258265792921836,
        15.60787341416455,
        14.725688907192541,
        11.865369002392276
    ],
    "electricity_cost": [
        0.2068,
        0.2068,
        0.2068,
        0.2068,
        0.2068,
        0.2068,
        0.2068,
        0.2068,
        0.2068,
        0.2068,
        0.2068,
        0.2068,
        0.2068,
        0.2068,
        0.2516,
        0.2516,
        0.2516,
        0.2516,
        0.2516,
        0.2516,
        0.2516,
        0.2516,
        0.2516,
        0.2516,
        0.2516,
        0.2516,
        0.2516,
        0.2516,
        0.2516,
        0.2516,
        0.2516,
        0.2516,
        0.2516,
        0.2516,
        0.2516,
        0.2516,
        0.2516,
        0.2516,
        0.2516,
        0.2516,
        0.2516,
        0.2516,
        0.2516,
        0.2516,
        0.2516,
        0.2516,
        0.2068,
        0.2068
    ]
}