{
    "name": "tcl230",
    "input_path": "tcl/input/tcl230",
    "output_path": "tcl/output/tcl230",
    "working_dir": "tcl/input/tcl230",
    "initial_temperature": 18.28235448449922,
    "coefDeltaTemp": 0.05625,
    "coefConso": 1.0,
    "puissanceMin": 0,
    "puissanceMax": 4,
    "temperature_max": 21.53040982739545,
    "temperature_min": 15.868733786037376,
    "chroniqueTempExt": [
        0.5454337855124453,
        0.05462561065791313,
        -0.2693037331473932,
        -1.1863453046941816,
        -0.7977270323465276,
        2.0045567617667643,
        -0.24011300867108856,
        0.7556983132282464,
        -0.7953704333246955,
        1.3707411888469865,
        1.830717240539566,
        -0.20902427514106325,
        -0.8339658869329091,
        1.864472377943489,
        2.4437528055976268,
        1.2904542799153442,
        2.6800732237811213,
        3.14957572202227,
        3.129777059131651,
        3.998838595163893,
        2.172015190458958,
        4.078726478891291,
        4.57351933688713,
        4.816845378682379,
        4.788200435407528,
        5.217080344828513,
        4.947376236493321,
        4.201319403549968,
        5.4077281612917725,
        4.029866081979125,
        3.83089297483885,
        4.461998255540056,
        6.128503714003373,
        3.937689576772163,
        3.9436041604209446,
        3.8894456717306056,
        6.137194491489909,
        6.499710961335689,
        2.605949737432994,
        3.4573315509219436,
        3.7208493242511733,
        2.5683492081277537,
        2.5562310814385625,
        1.9307918492070268,
        1.684980371484174,
        0.46633122246353603,
        2.362744224496642,
        1.6146857256313236
    ],
    "electricity_cost": [
        0.2068,
        0.2068,
        0.2068,
        0.2068,
        0.2068,
        0.2068,
        0.2068,
        0.2068,
        0.2068,
        0.2068,
        0.2068,
        0.2068,
        0.2068,
        0.2068,
        0.2516,
        0.2516,
        0.2516,
        0.2516,
        0.2516,
        0.2516,
        0.2516,
        0.2516,
        0.2516,
        0.2516,
        0.2516,
        0.2516,
        0.2516,
        0.2516,
        0.2516,
        0.2516,
        0.2516,
        0.2516,
        0.2516,
        0.2516,
        0.2516,
        0.2516,
        0.2516,
        0.2516,
        0.2516,
        0.2516,
        0.2516,
        0.2516,
        0.2516,
        0.2516,
        0.2516,
        0.2516,
        0.2068,
        0.2068
    ]
}