{
    "name": "tcl23",
    "input_path": "tcl/input/tcl23",
    "output_path": "tcl/output/tcl23",
    "working_dir": "tcl/input/tcl23",
    "initial_temperature": 19.48887264906572,
    "coefDeltaTemp": 0.05625,
    "coefConso": 1.0,
    "puissanceMin": 0,
    "puissanceMax": 4,
    "temperature_max": 20.667019917173373,
    "temperature_min": 15.588195802391983,
    "chroniqueTempExt": [
        2.281871267429596,
        0.5248651443057314,
        1.8097776624673358,
        -1.6025651613526635,
        2.258205895997417,
        0.052647626813639326,
        0.09965959538237901,
        2.03738224253838,
        2.5679081061098104,
        0.2576833525889588,
        1.033211230388049,
        2.2626493950817705,
        0.2764964009652391,
        1.4994456598379502,
        1.133957986309354,
        1.4707060647308048,
        2.331247946505014,
        5.088784156446526,
        3.690628799732674,
        5.803540400875276,
        5.028574366047787,
        4.690680625441275,
        5.700506933698731,
        6.141421074813247,
        6.2968728486915415,
        6.939265229382662,
        6.951776917295571,
        6.432308795226718,
        5.208025578371305,
        4.814759691462573,
        5.083850372196359,
        5.295157822676385,
        5.660688068545776,
        7.374180727304152,
        7.788134502141977,
        6.293444800688805,
        6.089917750824039,
        6.032689084093215,
        5.477012098888869,
        4.765118369934078,
        2.742807508502738,
        5.085605964462082,
        4.423637944800845,
        1.3044550344075414,
        1.1317231139769814,
        1.6602972864954109,
        1.6301861673236617,
        1.9394062968836798
    ],
    "electricity_cost": [
        0.2068,
        0.2068,
        0.2068,
        0.2068,
        0.2068,
        0.2068,
        0.2068,
        0.2068,
        0.2068,
        0.2068,
        0.2068,
        0.2068,
        0.2068,
        0.2068,
        0.2516,
        0.2516,
        0.2516,
        0.2516,
        0.2516,
        0.2516,
        0.2516,
        0.2516,
        0.2516,
        0.2516,
        0.2516,
        0.2516,
        0.2516,
        0.2516,
        0.2516,
        0.2516,
        0.2516,
        0.2516,
        0.2516,
        0.2516,
        0.2516,
        0.2516,
        0.2516,
        0.2516,
        0.2516,
        0.2516,
        0.2516,
        0.2516,
        0.2516,
        0.2516,
        0.2516,
        0.2516,
        0.2068,
        0.2068
    ]
}