{
    "name": "tcl183",
    "input_path": "tcl/input/tcl183",
    "output_path": "tcl/output/tcl183",
    "working_dir": "tcl/input/tcl183",
    "initial_temperature": 18.82497749013166,
    "coefDeltaTemp": 0.05625,
    "coefConso": 1.0,
    "puissanceMin": 0,
    "puissanceMax": 4,
    "temperature_max": 20.057360073611115,
    "temperature_min": 16.65838184314906,
    "chroniqueTempExt": [
        9.028014966344585,
        9.115839213045618,
        10.354785395654153,
        8.442661893811698,
        10.57819031728376,
        8.176148046349434,
        7.782085628696751,
        8.134577088758148,
        7.906999904841804,
        6.163307030385665,
        8.296886371528917,
        8.3890323141167,
        9.103182639833793,
        8.537966438372264,
        8.10200347165614,
        11.841205105476362,
        7.941257739017328,
        10.027181565497154,
        9.558322094824153,
        12.035419202416994,
        11.47405771852354,
        12.044345967775484,
        14.711705126192706,
        12.21938593534515,
        13.0964032284032,
        14.08965975347365,
        13.066685739188541,
        13.6232199117781,
        14.937954429324488,
        12.555534282293392,
        13.632874038846582,
        12.33438882425638,
        14.131366898734445,
        13.552527290015508,
        15.190045182033199,
        13.698185045106689,
        13.547985547891853,
        13.005715707195556,
        14.55104700421915,
        14.88423018781248,
        12.981433427133329,
        10.863837130622073,
        10.8495078082195,
        10.106470710312912,
        9.460329180514002,
        6.955590256535143,
        7.628443812028715,
        9.240956001998471
    ],
    "electricity_cost": [
        0.2068,
        0.2068,
        0.2068,
        0.2068,
        0.2068,
        0.2068,
        0.2068,
        0.2068,
        0.2068,
        0.2068,
        0.2068,
        0.2068,
        0.2068,
        0.2068,
        0.2516,
        0.2516,
        0.2516,
        0.2516,
        0.2516,
        0.2516,
        0.2516,
        0.2516,
        0.2516,
        0.2516,
        0.2516,
        0.2516,
        0.2516,
        0.2516,
        0.2516,
        0.2516,
        0.2516,
        0.2516,
        0.2516,
        0.2516,
        0.2516,
        0.2516,
        0.2516,
        0.2516,
        0.2516,
        0.2516,
        0.2516,
        0.2516,
        0.2516,
        0.2516,
        0.2516,
        0.2516,
        0.2068,
        0.2068
    ]
}