{
    "name": "tcl228",
    "input_path": "tcl/input/tcl228",
    "output_path": "tcl/output/tcl228",
    "working_dir": "tcl/input/tcl228",
    "initial_temperature": 17.930470476219764,
    "coefDeltaTemp": 0.05625,
    "coefConso": 1.0,
    "puissanceMin": 0,
    "puissanceMax": 4,
    "temperature_max": 20.941449945155746,
    "temperature_min": 15.530416596509546,
    "chroniqueTempExt": [
        6.89319800684569,
        7.408922656009898,
        7.186553901220211,
        10.067582557992502,
        7.919235727868761,
        9.654206861811728,
        8.665740017460736,
        7.985296929321984,
        7.835459437826862,
        7.612340310685648,
        7.429775965047569,
        8.0526606553926,
        7.474182790655675,
        8.032219842296689,
        7.426124359810934,
        9.30873647807553,
        10.205305322746497,
        10.200247444774012,
        11.945310436503561,
        12.060183602645763,
        13.033669535973006,
        12.886812105923983,
        12.1874480788771,
        14.23349733951242,
        12.15277305245143,
        13.628347342314697,
        13.08569388876162,
        14.934510493368618,
        14.92246653188738,
        14.2965529704285,
        14.545515550224385,
        12.820425818343233,
        13.957877532936449,
        14.132058929760753,
        13.414495865643566,
        12.297887446979573,
        13.444363811562809,
        15.119342689375223,
        13.525567025963083,
        12.631600842033171,
        11.279391801049794,
        10.921149660028886,
        9.728975965130136,
        11.176242921422194,
        9.987588305003298,
        9.198053107431145,
        7.63160571546999,
        6.897430060106947
    ],
    "electricity_cost": [
        0.2068,
        0.2068,
        0.2068,
        0.2068,
        0.2068,
        0.2068,
        0.2068,
        0.2068,
        0.2068,
        0.2068,
        0.2068,
        0.2068,
        0.2068,
        0.2068,
        0.2516,
        0.2516,
        0.2516,
        0.2516,
        0.2516,
        0.2516,
        0.2516,
        0.2516,
        0.2516,
        0.2516,
        0.2516,
        0.2516,
        0.2516,
        0.2516,
        0.2516,
        0.2516,
        0.2516,
        0.2516,
        0.2516,
        0.2516,
        0.2516,
        0.2516,
        0.2516,
        0.2516,
        0.2516,
        0.2516,
        0.2516,
        0.2516,
        0.2516,
        0.2516,
        0.2516,
        0.2516,
        0.2068,
        0.2068
    ]
}