{
    "name": "tcl204",
    "input_path": "tcl/input/tcl204",
    "output_path": "tcl/output/tcl204",
    "working_dir": "tcl/input/tcl204",
    "initial_temperature": 19.242443499087464,
    "coefDeltaTemp": 0.05625,
    "coefConso": 1.0,
    "puissanceMin": 0,
    "puissanceMax": 4,
    "temperature_max": 21.829425071670133,
    "temperature_min": 16.92083825245952,
    "chroniqueTempExt": [
        11.15981482678805,
        13.958749009749805,
        13.151881169894638,
        10.386232252700461,
        11.609792856363386,
        12.683425987107016,
        11.229944824968989,
        12.30295376125897,
        13.018829097522202,
        11.667201706800201,
        11.293128590063318,
        12.596919260858154,
        10.798580797523908,
        12.31158577281601,
        12.804459835713415,
        15.376220188701536,
        14.08486699952365,
        14.389976353133314,
        16.793465569372508,
        17.219638321714903,
        18.16055951392138,
        18.91322408762891,
        16.14256639214469,
        19.486461182668645,
        19.503418262018155,
        19.884159621222366,
        17.51064760439466,
        19.451941486133947,
        18.12843400421907,
        18.65864325474436,
        17.937256866338068,
        18.060227556478775,
        18.77077308250704,
        17.187729690473258,
        20.111395064521865,
        19.446955898732146,
        18.293205267184618,
        18.94104080350048,
        17.66564107669561,
        18.010366117755428,
        15.325497121488837,
        17.08666997154907,
        16.663202815985144,
        13.910519728091142,
        12.57251951192336,
        13.043328116263902,
        13.7543333043206,
        11.73618802349202
    ],
    "electricity_cost": [
        0.2068,
        0.2068,
        0.2068,
        0.2068,
        0.2068,
        0.2068,
        0.2068,
        0.2068,
        0.2068,
        0.2068,
        0.2068,
        0.2068,
        0.2068,
        0.2068,
        0.2516,
        0.2516,
        0.2516,
        0.2516,
        0.2516,
        0.2516,
        0.2516,
        0.2516,
        0.2516,
        0.2516,
        0.2516,
        0.2516,
        0.2516,
        0.2516,
        0.2516,
        0.2516,
        0.2516,
        0.2516,
        0.2516,
        0.2516,
        0.2516,
        0.2516,
        0.2516,
        0.2516,
        0.2516,
        0.2516,
        0.2516,
        0.2516,
        0.2516,
        0.2516,
        0.2516,
        0.2516,
        0.2068,
        0.2068
    ]
}