{
    "name": "tcl116",
    "input_path": "tcl/input/tcl116",
    "output_path": "tcl/output/tcl116",
    "working_dir": "tcl/input/tcl116",
    "initial_temperature": 18.427013012209912,
    "coefDeltaTemp": 0.05625,
    "coefConso": 1.0,
    "puissanceMin": 0,
    "puissanceMax": 4,
    "temperature_max": 20.28863822391661,
    "temperature_min": 15.177226572746601,
    "chroniqueTempExt": [
        3.0621646997100505,
        4.072146910662244,
        3.53031453802436,
        2.9645228413072675,
        3.1303772182820007,
        3.3227282430955123,
        3.220039019439567,
        4.2625882180315005,
        5.2852275224567835,
        4.675943964528479,
        4.027031044894454,
        6.997990179633399,
        5.248179654272688,
        3.941164479684084,
        4.435167966002906,
        5.977903086756263,
        5.469490636623992,
        6.781515449440719,
        7.762174903521948,
        6.585393702145264,
        8.146619435221961,
        9.392683284181931,
        8.73207589498648,
        9.242324938944419,
        9.317154107510762,
        8.54533190766688,
        8.610706654330313,
        10.111061895931211,
        8.524947754758141,
        9.760901078811955,
        8.798341591174223,
        9.087836668273718,
        8.683534208895603,
        10.182252363304361,
        10.030870445552088,
        9.532206429475815,
        7.961889867814433,
        7.579883881564891,
        8.643500836788284,
        6.015533157310718,
        7.757071766264996,
        6.499288953817903,
        6.167494325002211,
        5.785983167972573,
        4.800136497837645,
        6.0922229403667565,
        3.983440282841439,
        3.56778393160067
    ],
    "electricity_cost": [
        0.2068,
        0.2068,
        0.2068,
        0.2068,
        0.2068,
        0.2068,
        0.2068,
        0.2068,
        0.2068,
        0.2068,
        0.2068,
        0.2068,
        0.2068,
        0.2068,
        0.2516,
        0.2516,
        0.2516,
        0.2516,
        0.2516,
        0.2516,
        0.2516,
        0.2516,
        0.2516,
        0.2516,
        0.2516,
        0.2516,
        0.2516,
        0.2516,
        0.2516,
        0.2516,
        0.2516,
        0.2516,
        0.2516,
        0.2516,
        0.2516,
        0.2516,
        0.2516,
        0.2516,
        0.2516,
        0.2516,
        0.2516,
        0.2516,
        0.2516,
        0.2516,
        0.2516,
        0.2516,
        0.2068,
        0.2068
    ]
}