{
    "name": "tcl94",
    "input_path": "tcl/input/tcl94",
    "output_path": "tcl/output/tcl94",
    "working_dir": "tcl/input/tcl94",
    "initial_temperature": 18.29031307956554,
    "coefDeltaTemp": 0.05625,
    "coefConso": 1.0,
    "puissanceMin": 0,
    "puissanceMax": 4,
    "temperature_max": 21.971146753461102,
    "temperature_min": 15.535627352038707,
    "chroniqueTempExt": [
        1.5668247866555698,
        3.3720104199274403,
        4.149476407362402,
        2.370594073095235,
        2.299349872085325,
        2.118153883288395,
        2.7516624934541474,
        3.650377125637416,
        1.5874237808203868,
        2.659894589546167,
        2.714990972345744,
        0.6819014610737648,
        3.507640325427954,
        4.278072715479685,
        4.1733125250795595,
        6.741353239520762,
        4.820337687453414,
        4.752182239260577,
        6.467874493193377,
        7.900338221078658,
        6.551184874358391,
        5.661351716608849,
        6.065682747015899,
        12.020069745358434,
        8.051646112344057,
        9.457524663736752,
        11.72506709536666,
        7.1552803316177975,
        9.303145254096952,
        9.042643412286676,
        9.982088066471649,
        9.860804378995352,
        8.479171568818922,
        8.06089173797008,
        10.087242163127861,
        11.86519682234232,
        9.460774368760703,
        9.718715327329459,
        8.654122241707181,
        7.515439824750166,
        7.405733948879468,
        6.040435784653824,
        5.162951241907175,
        6.14917082875297,
        5.069988913908889,
        4.224652489928665,
        3.307484962257201,
        4.000336345316656
    ],
    "electricity_cost": [
        0.2068,
        0.2068,
        0.2068,
        0.2068,
        0.2068,
        0.2068,
        0.2068,
        0.2068,
        0.2068,
        0.2068,
        0.2068,
        0.2068,
        0.2068,
        0.2068,
        0.2516,
        0.2516,
        0.2516,
        0.2516,
        0.2516,
        0.2516,
        0.2516,
        0.2516,
        0.2516,
        0.2516,
        0.2516,
        0.2516,
        0.2516,
        0.2516,
        0.2516,
        0.2516,
        0.2516,
        0.2516,
        0.2516,
        0.2516,
        0.2516,
        0.2516,
        0.2516,
        0.2516,
        0.2516,
        0.2516,
        0.2516,
        0.2516,
        0.2516,
        0.2516,
        0.2516,
        0.2516,
        0.2068,
        0.2068
    ]
}