{
    "name": "tcl224",
    "input_path": "tcl/input/tcl224",
    "output_path": "tcl/output/tcl224",
    "working_dir": "tcl/input/tcl224",
    "initial_temperature": 19.12077585688526,
    "coefDeltaTemp": 0.05625,
    "coefConso": 1.0,
    "puissanceMin": 0,
    "puissanceMax": 4,
    "temperature_max": 21.56343614091628,
    "temperature_min": 15.08257663022979,
    "chroniqueTempExt": [
        1.4706823598269323,
        1.3701084166009931,
        1.123747701297484,
        1.9610121901890771,
        0.6352030195591563,
        0.9953715035802765,
        0.7108557930994259,
        3.192874048417049,
        2.148632385771675,
        2.728291331608168,
        1.6721453492562819,
        0.10592938221183967,
        2.023819231062327,
        3.546862851455158,
        0.8265242456148663,
        3.1298546663549804,
        4.246033761942516,
        3.627585857998504,
        2.2308552076563766,
        3.683386256942228,
        5.0418242562988995,
        5.984166936102765,
        5.08097216307871,
        3.852151730945317,
        6.66989866507689,
        7.873376478003033,
        5.315237883698778,
        4.548160799431918,
        5.9090915614556865,
        7.1214102072692835,
        4.675451343416363,
        6.134388169688761,
        6.927582244747555,
        6.819491963115416,
        5.999375745440192,
        7.0887969558203565,
        6.861628433756449,
        6.503080991065129,
        4.432474779279175,
        5.014044384524486,
        5.5485157280766035,
        4.73532130846724,
        2.71981045673223,
        3.5166261856461394,
        2.7490238911009275,
        0.5160122291868221,
        1.8528517777713098,
        0.8785107371931217
    ],
    "electricity_cost": [
        0.2068,
        0.2068,
        0.2068,
        0.2068,
        0.2068,
        0.2068,
        0.2068,
        0.2068,
        0.2068,
        0.2068,
        0.2068,
        0.2068,
        0.2068,
        0.2068,
        0.2516,
        0.2516,
        0.2516,
        0.2516,
        0.2516,
        0.2516,
        0.2516,
        0.2516,
        0.2516,
        0.2516,
        0.2516,
        0.2516,
        0.2516,
        0.2516,
        0.2516,
        0.2516,
        0.2516,
        0.2516,
        0.2516,
        0.2516,
        0.2516,
        0.2516,
        0.2516,
        0.2516,
        0.2516,
        0.2516,
        0.2516,
        0.2516,
        0.2516,
        0.2516,
        0.2516,
        0.2516,
        0.2068,
        0.2068
    ]
}