{
    "load": [
        0.0,
        0.0,
        0.0,
        0.0,
        0.0,
        0.0,
        0.0,
        0.0,
        0.0,
        0.0,
        0.0,
        0.0,
        0.0,
        2.9936448564963527,
        0.0,
        0.0,
        0.0,
        0.0,
        0.0,
        0.0,
        0.30777184299224947,
        0.30164159595424944,
        0.3083777956542495,
        0.24009519926224943,
        0.1840870999802494,
        0.16175571635824948,
        0.16173408815824952,
        0.21440804673624947,
        0.21305072203024944,
        0.2054613579622495,
        0.12777367587224941,
        0.2674423486062495,
        0.17450322868824952,
        0.2842675475362495,
        0.1807662740442495,
        0.2065549851302495,
        4.0,
        0.0,
        0.0,
        0.0,
        4.0,
        3.7875102902438513,
        0.0,
        0.0,
        0.0,
        0.0,
        0.0,
        0.0
    ],
    "cost": -87.76058902778918
}