{
    "load": [
        0.0,
        0.0,
        0.0,
        0.0,
        0.0,
        0.0,
        0.0,
        0.0,
        0.0,
        0.0,
        0.0,
        0.0,
        0.0,
        2.9936448564963243,
        0.0,
        0.0,
        0.0,
        0.0,
        0.0,
        0.0,
        0.30777184299224913,
        0.3016415959542478,
        0.3083777956542484,
        0.24009519926224954,
        0.18408709998024975,
        0.16175571635825037,
        0.16173408815824786,
        0.21440804673624925,
        0.21305072203024977,
        0.20546135796224974,
        0.1277736758722483,
        0.2674423486062487,
        0.1745032286882484,
        0.28426754753624905,
        0.18076627404424883,
        0.20655498513024995,
        4.0,
        0.0,
        0.0,
        0.0,
        4.0,
        3.7875102902438513,
        0.0,
        0.0,
        0.0,
        0.0,
        0.0,
        0.0
    ],
    "cost": -87.7604652528396
}