{
    "name": "tcl98",
    "input_path": "tcl/input/tcl98",
    "output_path": "tcl/output/tcl98",
    "working_dir": "tcl/input/tcl98",
    "initial_temperature": 18.235520046274864,
    "coefDeltaTemp": 0.05625,
    "coefConso": 1.0,
    "puissanceMin": 0,
    "puissanceMax": 4,
    "temperature_max": 20.95137392639419,
    "temperature_min": 16.16699987830403,
    "chroniqueTempExt": [
        -0.5748720704260599,
        2.3951204819074565,
        -0.6457903182308198,
        1.1148232467417158,
        1.2543666452709235,
        0.543840019625911,
        1.7235961347247453,
        0.8609772751645617,
        1.1417894170276948,
        2.8359936161353243,
        0.8597114081115567,
        3.446509174564423,
        -0.701227466466527,
        1.4158991038047835,
        2.9525015353059247,
        4.786096500503963,
        3.660400702720323,
        4.637360534991103,
        3.551653459089447,
        4.626297064956861,
        3.4638727701415153,
        4.877632633752391,
        5.152985088578545,
        5.77768194168826,
        5.453807203106837,
        5.792861995021198,
        6.151178005542621,
        7.746344410127117,
        5.2294620380500465,
        4.879276109232953,
        6.486802582363586,
        5.8175551052034615,
        7.122527684325693,
        5.7970423543545655,
        6.345554240378703,
        5.973539276267652,
        6.282313034639512,
        5.698191174898667,
        4.01740844873165,
        3.747893876871119,
        5.042412953041622,
        3.1753742659871182,
        3.686556796179309,
        3.938664293453094,
        1.536515778048953,
        1.912173220762336,
        2.087601033769137,
        0.15823303504645292
    ],
    "electricity_cost": [
        0.2068,
        0.2068,
        0.2068,
        0.2068,
        0.2068,
        0.2068,
        0.2068,
        0.2068,
        0.2068,
        0.2068,
        0.2068,
        0.2068,
        0.2068,
        0.2068,
        0.2516,
        0.2516,
        0.2516,
        0.2516,
        0.2516,
        0.2516,
        0.2516,
        0.2516,
        0.2516,
        0.2516,
        0.2516,
        0.2516,
        0.2516,
        0.2516,
        0.2516,
        0.2516,
        0.2516,
        0.2516,
        0.2516,
        0.2516,
        0.2516,
        0.2516,
        0.2516,
        0.2516,
        0.2516,
        0.2516,
        0.2516,
        0.2516,
        0.2516,
        0.2516,
        0.2516,
        0.2516,
        0.2068,
        0.2068
    ]
}