{
    "name": "tcl206",
    "input_path": "tcl/input/tcl206",
    "output_path": "tcl/output/tcl206",
    "working_dir": "tcl/input/tcl206",
    "initial_temperature": 19.01705662837804,
    "coefDeltaTemp": 0.05625,
    "coefConso": 1.0,
    "puissanceMin": 0,
    "puissanceMax": 4,
    "temperature_max": 20.685321999286334,
    "temperature_min": 16.95093352693002,
    "chroniqueTempExt": [
        7.331412013276633,
        7.493259398482764,
        7.212060697084011,
        7.431151821620066,
        7.095206281932451,
        7.201874403781891,
        8.41682708626734,
        8.553882775242224,
        7.729947335564829,
        8.031540536124563,
        7.9895952077859675,
        8.022693177970753,
        8.47955405893261,
        7.390853029662201,
        8.27719000905564,
        9.868198887438878,
        11.14894672135636,
        8.768373559862985,
        11.119599396543668,
        12.176663985768528,
        14.127993602897519,
        11.264858487837424,
        14.284054786404747,
        14.414708133847304,
        14.706547935013752,
        13.290901040060218,
        13.1455059850951,
        14.276743885643954,
        14.433176573055936,
        14.974901079973137,
        12.191918737474111,
        13.69992995511316,
        14.699735752547113,
        13.439804009002636,
        14.978054300406374,
        12.88745893237278,
        12.488181989507227,
        13.616015499593095,
        10.67663356406116,
        13.531313330811951,
        13.11921068591187,
        9.919585613690467,
        9.954586124677208,
        10.310512155479968,
        10.17884698660741,
        10.300140857973151,
        6.334729477031086,
        7.260564745584127
    ],
    "electricity_cost": [
        0.2068,
        0.2068,
        0.2068,
        0.2068,
        0.2068,
        0.2068,
        0.2068,
        0.2068,
        0.2068,
        0.2068,
        0.2068,
        0.2068,
        0.2068,
        0.2068,
        0.2516,
        0.2516,
        0.2516,
        0.2516,
        0.2516,
        0.2516,
        0.2516,
        0.2516,
        0.2516,
        0.2516,
        0.2516,
        0.2516,
        0.2516,
        0.2516,
        0.2516,
        0.2516,
        0.2516,
        0.2516,
        0.2516,
        0.2516,
        0.2516,
        0.2516,
        0.2516,
        0.2516,
        0.2516,
        0.2516,
        0.2516,
        0.2516,
        0.2516,
        0.2516,
        0.2516,
        0.2516,
        0.2068,
        0.2068
    ]
}