{
    "name": "tcl129",
    "input_path": "tcl/input/tcl129",
    "output_path": "tcl/output/tcl129",
    "working_dir": "tcl/input/tcl129",
    "initial_temperature": 18.148215970602738,
    "coefDeltaTemp": 0.05625,
    "coefConso": 1.0,
    "puissanceMin": 0,
    "puissanceMax": 4,
    "temperature_max": 21.101515338380374,
    "temperature_min": 15.245437857114855,
    "chroniqueTempExt": [
        12.696606898102376,
        13.696230473071015,
        13.085027810213397,
        11.425638851856316,
        11.891443158081636,
        12.809663413217871,
        11.80900520937447,
        12.373702826645435,
        13.165117223924735,
        12.881809373729359,
        12.661577722500473,
        13.315526382062526,
        14.359263064553314,
        13.80620199493663,
        13.616419036162641,
        13.457173905913363,
        14.577588684411541,
        15.744102451406004,
        15.971636319423103,
        18.784958349833914,
        16.960875307980167,
        19.010425248883706,
        16.998074485735273,
        20.49195840562102,
        20.284895457067943,
        20.450397064210975,
        17.507962358687248,
        20.084681313898834,
        20.118457701115823,
        17.03418584368359,
        16.998363422016826,
        19.714324059996112,
        19.867466487939733,
        19.05112321829622,
        18.483200019902796,
        16.985329119907362,
        18.11982120587585,
        18.406896435721194,
        16.31126010392406,
        18.287132606270426,
        16.726888050385856,
        17.770130058573244,
        13.292903416720247,
        14.148456966352821,
        15.353323140070348,
        13.820618151867793,
        13.225559143504249,
        13.615403700785123
    ],
    "electricity_cost": [
        0.2068,
        0.2068,
        0.2068,
        0.2068,
        0.2068,
        0.2068,
        0.2068,
        0.2068,
        0.2068,
        0.2068,
        0.2068,
        0.2068,
        0.2068,
        0.2068,
        0.2516,
        0.2516,
        0.2516,
        0.2516,
        0.2516,
        0.2516,
        0.2516,
        0.2516,
        0.2516,
        0.2516,
        0.2516,
        0.2516,
        0.2516,
        0.2516,
        0.2516,
        0.2516,
        0.2516,
        0.2516,
        0.2516,
        0.2516,
        0.2516,
        0.2516,
        0.2516,
        0.2516,
        0.2516,
        0.2516,
        0.2516,
        0.2516,
        0.2516,
        0.2516,
        0.2516,
        0.2516,
        0.2068,
        0.2068
    ]
}