{
    "name": "tcl35",
    "input_path": "tcl/input/tcl35",
    "output_path": "tcl/output/tcl35",
    "working_dir": "tcl/input/tcl35",
    "initial_temperature": 17.578816415470268,
    "coefDeltaTemp": 0.05625,
    "coefConso": 1.0,
    "puissanceMin": 0,
    "puissanceMax": 4,
    "temperature_max": 20.213231697746213,
    "temperature_min": 15.952744631618398,
    "chroniqueTempExt": [
        15.326610580112392,
        14.595939770185458,
        14.867927482070522,
        15.185630403716443,
        13.971362147170007,
        14.817246928187247,
        13.984844405395059,
        14.524867712069213,
        14.725482038687398,
        13.496638248108004,
        14.748084353658946,
        15.561740857246779,
        14.849121623714558,
        15.435909005363882,
        15.81810222158027,
        16.592050176201127,
        16.552729681090717,
        20.219497533504846,
        18.85749375096045,
        19.194579633280437,
        19.07205733613531,
        20.56900593710568,
        23.867503534854748,
        22.8294761300186,
        22.083639519867322,
        21.68551935457448,
        21.544284951336273,
        23.391131508212986,
        22.410286332915167,
        20.78682314603727,
        21.002371654044733,
        20.10743519220506,
        21.916495993859836,
        23.214434872873767,
        22.662277445175278,
        21.405129150373877,
        22.565349906450923,
        21.099909469685215,
        22.742312116737033,
        19.376771676890495,
        19.491765113791914,
        20.25442624361048,
        17.87662023507426,
        17.493595978152957,
        17.307281725624726,
        15.01080616491605,
        14.13218380758177,
        14.422202956479106
    ],
    "electricity_cost": [
        0.2068,
        0.2068,
        0.2068,
        0.2068,
        0.2068,
        0.2068,
        0.2068,
        0.2068,
        0.2068,
        0.2068,
        0.2068,
        0.2068,
        0.2068,
        0.2068,
        0.2516,
        0.2516,
        0.2516,
        0.2516,
        0.2516,
        0.2516,
        0.2516,
        0.2516,
        0.2516,
        0.2516,
        0.2516,
        0.2516,
        0.2516,
        0.2516,
        0.2516,
        0.2516,
        0.2516,
        0.2516,
        0.2516,
        0.2516,
        0.2516,
        0.2516,
        0.2516,
        0.2516,
        0.2516,
        0.2516,
        0.2516,
        0.2516,
        0.2516,
        0.2516,
        0.2516,
        0.2516,
        0.2068,
        0.2068
    ]
}