{
    "load": [
        0.0,
        0.0,
        0.0,
        0.0,
        0.0,
        0.0,
        0.0,
        0.0,
        0.0,
        0.0,
        0.25076934653958105,
        0.3437575105082489,
        0.49416747122024895,
        1.9266999743935571,
        0.0,
        0.0,
        0.0,
        0.0,
        0.0,
        0.0,
        0.06508877276824898,
        0.06553422132624898,
        0.0534638830782489,
        0.0748659873182489,
        0.028261630874248933,
        0.05364184389824889,
        0.0,
        0.0,
        0.0,
        0.013224912068970696,
        0.007258941260248952,
        0.0,
        0.0,
        0.032455843715570865,
        0.0,
        0.0,
        4.0,
        0.5480699812123078,
        0.0,
        0.0,
        4.0,
        4.0,
        0.0,
        0.0,
        0.0,
        0.0,
        0.0,
        0.0
    ],
    "cost": -93.62155968326451
}