{
    "load": [
        0.0,
        0.0,
        0.0,
        0.0,
        0.0,
        0.0,
        0.0,
        0.0,
        0.0,
        0.0,
        0.25076934653958105,
        0.3437575105082473,
        0.49416747122024773,
        1.9266999743935571,
        0.0,
        0.0,
        0.0,
        0.0,
        0.0,
        0.0,
        0.06508877276824876,
        0.06553422132624931,
        0.053463883078247676,
        0.07486598731824756,
        0.0282616308742476,
        0.053641843898248,
        0.0,
        0.0,
        0.0,
        0.013224912068970696,
        0.0072589412602503955,
        0.0,
        0.0,
        0.032455843715570865,
        0.0,
        0.0,
        4.0,
        0.5480699812123078,
        0.0,
        0.0,
        4.0,
        4.0,
        0.0,
        0.0,
        0.0,
        0.0,
        0.0,
        0.0
    ],
    "cost": -93.6214377424873
}