{
    "name": "tcl212",
    "input_path": "tcl/input/tcl212",
    "output_path": "tcl/output/tcl212",
    "working_dir": "tcl/input/tcl212",
    "initial_temperature": 18.221005187003033,
    "coefDeltaTemp": 0.05625,
    "coefConso": 1.0,
    "puissanceMin": 0,
    "puissanceMax": 4,
    "temperature_max": 20.341935716708917,
    "temperature_min": 15.709544640478757,
    "chroniqueTempExt": [
        13.828944053220802,
        14.781557026480831,
        16.70085566609642,
        15.333051211438185,
        15.614559301338593,
        14.94980311140426,
        16.621133492919846,
        15.798024529988586,
        14.924106688273069,
        17.530373826756616,
        16.301196173089743,
        14.542236704602384,
        15.070186678351646,
        14.369439503870474,
        14.534615733853297,
        16.968815433166892,
        18.44177661311474,
        18.009803910079,
        18.076040890840503,
        19.81140739658279,
        21.844119040292,
        20.075475947734297,
        21.25242078455067,
        19.913103437963542,
        23.028972486232195,
        20.317155543207104,
        22.726742025076554,
        23.03261094412877,
        21.113384287087737,
        21.640588196171556,
        20.58561356398726,
        22.76351989364525,
        21.850793682185454,
        22.411839362539784,
        22.084722714642556,
        21.558069061069265,
        21.61660612301785,
        21.439643834183705,
        19.053454659357126,
        19.109099878979265,
        19.638244231330358,
        17.5555341383194,
        18.70269965245869,
        16.34140809801225,
        15.345083404029957,
        15.463102263479865,
        16.425532853264965,
        16.177338803063535
    ],
    "electricity_cost": [
        0.2068,
        0.2068,
        0.2068,
        0.2068,
        0.2068,
        0.2068,
        0.2068,
        0.2068,
        0.2068,
        0.2068,
        0.2068,
        0.2068,
        0.2068,
        0.2068,
        0.2516,
        0.2516,
        0.2516,
        0.2516,
        0.2516,
        0.2516,
        0.2516,
        0.2516,
        0.2516,
        0.2516,
        0.2516,
        0.2516,
        0.2516,
        0.2516,
        0.2516,
        0.2516,
        0.2516,
        0.2516,
        0.2516,
        0.2516,
        0.2516,
        0.2516,
        0.2516,
        0.2516,
        0.2516,
        0.2516,
        0.2516,
        0.2516,
        0.2516,
        0.2516,
        0.2516,
        0.2516,
        0.2068,
        0.2068
    ]
}