{
    "name": "tcl141",
    "input_path": "tcl/input/tcl141",
    "output_path": "tcl/output/tcl141",
    "working_dir": "tcl/input/tcl141",
    "initial_temperature": 18.54745227776137,
    "coefDeltaTemp": 0.05625,
    "coefConso": 1.0,
    "puissanceMin": 0,
    "puissanceMax": 4,
    "temperature_max": 20.678159083117293,
    "temperature_min": 15.327287094265031,
    "chroniqueTempExt": [
        7.560128937384226,
        6.8022042494880335,
        7.970161839808913,
        8.532208356169544,
        9.135482487901301,
        9.154166378892494,
        8.061461983618932,
        9.516130293931239,
        6.46285598678127,
        7.617152429415822,
        8.470890297036544,
        9.170137776498402,
        6.878364837850048,
        7.97442228867729,
        9.065492685721772,
        11.273410453658611,
        10.824879476028192,
        11.594155385923772,
        10.518413363397821,
        12.34181456650295,
        11.398235444005921,
        14.037407928398109,
        14.735623162620117,
        14.698257663173273,
        13.072057563369606,
        12.860759615658395,
        13.580320291739383,
        13.99021812761252,
        14.403459192476932,
        14.236006203180256,
        14.082801933020988,
        12.423623965031018,
        15.378479917738037,
        15.40736235152157,
        14.488265785418704,
        14.479430117377794,
        13.386982438522312,
        13.470950262115718,
        12.886205370432268,
        12.444289257827386,
        12.84095919362315,
        12.336711607165814,
        11.006153485071614,
        9.578584584572326,
        12.182924410671191,
        8.302001428091756,
        8.392454910252091,
        7.994137388933107
    ],
    "electricity_cost": [
        0.2068,
        0.2068,
        0.2068,
        0.2068,
        0.2068,
        0.2068,
        0.2068,
        0.2068,
        0.2068,
        0.2068,
        0.2068,
        0.2068,
        0.2068,
        0.2068,
        0.2516,
        0.2516,
        0.2516,
        0.2516,
        0.2516,
        0.2516,
        0.2516,
        0.2516,
        0.2516,
        0.2516,
        0.2516,
        0.2516,
        0.2516,
        0.2516,
        0.2516,
        0.2516,
        0.2516,
        0.2516,
        0.2516,
        0.2516,
        0.2516,
        0.2516,
        0.2516,
        0.2516,
        0.2516,
        0.2516,
        0.2516,
        0.2516,
        0.2516,
        0.2516,
        0.2516,
        0.2516,
        0.2068,
        0.2068
    ]
}