{
    "name": "tcl82",
    "input_path": "tcl/input/tcl82",
    "output_path": "tcl/output/tcl82",
    "working_dir": "tcl/input/tcl82",
    "initial_temperature": 18.065539925400376,
    "coefDeltaTemp": 0.05625,
    "coefConso": 1.0,
    "puissanceMin": 0,
    "puissanceMax": 4,
    "temperature_max": 21.983067393901635,
    "temperature_min": 15.237343140737423,
    "chroniqueTempExt": [
        0.15995453012133518,
        -0.6426658317001879,
        0.24586878081619784,
        1.1736321410861994,
        -0.7374565236548186,
        -1.1872572408986422,
        -0.5190598094496053,
        -1.3314105055500536,
        0.5454380232370113,
        -0.9927571690284525,
        -0.6308574365351027,
        -0.026321505765527768,
        -1.9143733382440795,
        1.9648585310103193,
        1.6894303609858978,
        2.456394786515792,
        1.9192228561609208,
        1.6006469461535837,
        2.434810340392019,
        3.9224809620369876,
        3.9252643779029803,
        3.1644310607001755,
        6.505132567128937,
        4.167785146940316,
        4.722394636338808,
        4.629409209176058,
        4.728969297370371,
        4.0259636915071315,
        3.1953002645342083,
        4.0374861324710745,
        4.881553251323765,
        5.735857148876212,
        3.298968579946311,
        6.278081262419225,
        3.47263374795374,
        5.828167266460396,
        4.924224522781164,
        4.211489781381498,
        3.1502662347751977,
        2.978914772858731,
        3.711783961618408,
        4.559693324710452,
        3.9609448479267106,
        1.6998406040003877,
        3.7723116242516617,
        1.453222734094234,
        0.8633526407613588,
        0.4031188320544359
    ],
    "electricity_cost": [
        0.2068,
        0.2068,
        0.2068,
        0.2068,
        0.2068,
        0.2068,
        0.2068,
        0.2068,
        0.2068,
        0.2068,
        0.2068,
        0.2068,
        0.2068,
        0.2068,
        0.2516,
        0.2516,
        0.2516,
        0.2516,
        0.2516,
        0.2516,
        0.2516,
        0.2516,
        0.2516,
        0.2516,
        0.2516,
        0.2516,
        0.2516,
        0.2516,
        0.2516,
        0.2516,
        0.2516,
        0.2516,
        0.2516,
        0.2516,
        0.2516,
        0.2516,
        0.2516,
        0.2516,
        0.2516,
        0.2516,
        0.2516,
        0.2516,
        0.2516,
        0.2516,
        0.2516,
        0.2516,
        0.2068,
        0.2068
    ]
}