{
    "name": "tcl21",
    "input_path": "tcl/input/tcl21",
    "output_path": "tcl/output/tcl21",
    "working_dir": "tcl/input/tcl21",
    "initial_temperature": 17.65091024384834,
    "coefDeltaTemp": 0.05625,
    "coefConso": 1.0,
    "puissanceMin": 0,
    "puissanceMax": 4,
    "temperature_max": 21.028008037066467,
    "temperature_min": 15.721211262490044,
    "chroniqueTempExt": [
        3.9951408365712076,
        5.387770692133814,
        3.05600479032612,
        2.8709630729190896,
        5.266602780317276,
        3.1948465726551083,
        3.6124322832585656,
        3.4116377367644266,
        3.8070140669859938,
        4.6528794131295665,
        5.390942303306128,
        4.2315576272237765,
        5.744152278366786,
        3.7039515519224437,
        5.112494330090924,
        5.733443267156082,
        5.179798828247128,
        5.63261177383753,
        4.810541991064039,
        7.320051822527289,
        5.74404647525627,
        6.709396506753922,
        8.083494934205698,
        7.845721933444215,
        10.250512525324336,
        8.44829767928078,
        9.410775779084382,
        8.951885281547916,
        9.425314346226767,
        8.590359471511345,
        7.2938217523932,
        9.705580338832696,
        11.0408037079507,
        9.159320549779974,
        9.453457728458236,
        11.215891976769333,
        9.1862824143732,
        8.365902775889241,
        8.520415083191232,
        8.486966999533365,
        8.290197667326563,
        6.564082199828396,
        7.137967809742015,
        5.204295702632959,
        5.40603787071669,
        2.7449141889616016,
        3.4123200695811917,
        3.150808022581258
    ],
    "electricity_cost": [
        0.2068,
        0.2068,
        0.2068,
        0.2068,
        0.2068,
        0.2068,
        0.2068,
        0.2068,
        0.2068,
        0.2068,
        0.2068,
        0.2068,
        0.2068,
        0.2068,
        0.2516,
        0.2516,
        0.2516,
        0.2516,
        0.2516,
        0.2516,
        0.2516,
        0.2516,
        0.2516,
        0.2516,
        0.2516,
        0.2516,
        0.2516,
        0.2516,
        0.2516,
        0.2516,
        0.2516,
        0.2516,
        0.2516,
        0.2516,
        0.2516,
        0.2516,
        0.2516,
        0.2516,
        0.2516,
        0.2516,
        0.2516,
        0.2516,
        0.2516,
        0.2516,
        0.2516,
        0.2516,
        0.2068,
        0.2068
    ]
}