{
    "name": "tcl214",
    "input_path": "tcl/input/tcl214",
    "output_path": "tcl/output/tcl214",
    "working_dir": "tcl/input/tcl214",
    "initial_temperature": 19.305424381047022,
    "coefDeltaTemp": 0.05625,
    "coefConso": 1.0,
    "puissanceMin": 0,
    "puissanceMax": 4,
    "temperature_max": 21.98260050727003,
    "temperature_min": 16.681641538563287,
    "chroniqueTempExt": [
        12.431536476476454,
        13.562325870700608,
        14.373839054057658,
        13.39314528113289,
        14.28579404204597,
        10.997280357093366,
        14.12061559027123,
        11.711614651501726,
        11.870102471013965,
        12.284367905967732,
        13.274466175200294,
        12.022860921703987,
        16.477385540507726,
        13.64505109984691,
        14.951256439689333,
        14.046873510999609,
        16.03935355017071,
        14.69717170174047,
        17.614400957501072,
        15.84584076885386,
        17.43836394083737,
        18.194969648937118,
        20.436160739013612,
        19.396347293743577,
        17.6313964918708,
        21.37913046560405,
        18.734155978947122,
        19.528625896253892,
        18.375584356314764,
        17.04717268416217,
        21.36046090397023,
        18.500209231351683,
        21.037312649312575,
        18.832884376983927,
        18.340203332951408,
        18.659394183693507,
        20.11844683226256,
        17.999216655737477,
        16.17478861733066,
        19.12833767823233,
        17.401327825073274,
        16.77257397425887,
        16.03598815660142,
        14.891860472421245,
        14.761463737268011,
        15.407009126698958,
        13.216883406853663,
        12.624943414674346
    ],
    "electricity_cost": [
        0.2068,
        0.2068,
        0.2068,
        0.2068,
        0.2068,
        0.2068,
        0.2068,
        0.2068,
        0.2068,
        0.2068,
        0.2068,
        0.2068,
        0.2068,
        0.2068,
        0.2516,
        0.2516,
        0.2516,
        0.2516,
        0.2516,
        0.2516,
        0.2516,
        0.2516,
        0.2516,
        0.2516,
        0.2516,
        0.2516,
        0.2516,
        0.2516,
        0.2516,
        0.2516,
        0.2516,
        0.2516,
        0.2516,
        0.2516,
        0.2516,
        0.2516,
        0.2516,
        0.2516,
        0.2516,
        0.2516,
        0.2516,
        0.2516,
        0.2516,
        0.2516,
        0.2516,
        0.2516,
        0.2068,
        0.2068
    ]
}