{
    "name": "tcl80",
    "input_path": "tcl/input/tcl80",
    "output_path": "tcl/output/tcl80",
    "working_dir": "tcl/input/tcl80",
    "initial_temperature": 18.72015275922294,
    "coefDeltaTemp": 0.05625,
    "coefConso": 1.0,
    "puissanceMin": 0,
    "puissanceMax": 4,
    "temperature_max": 20.477705259092115,
    "temperature_min": 16.24451151128907,
    "chroniqueTempExt": [
        7.291205829757681,
        8.357559934044298,
        8.44375072196731,
        9.128874851125095,
        9.426323676722616,
        8.555058483477039,
        7.509832222699179,
        8.98305755260095,
        8.674603369566386,
        9.98769136216466,
        8.789751417053917,
        6.5830000413512835,
        7.501613976786471,
        8.932818365358077,
        10.399725001506976,
        7.833998384609915,
        11.014887219804969,
        10.880310227577732,
        14.031051565582647,
        12.270382745000946,
        12.276289613583941,
        13.863053344593293,
        13.407038520512756,
        15.419106620153485,
        13.831028781764658,
        14.768494750919626,
        14.056111249268485,
        14.637142472896006,
        15.150129714291328,
        13.270558374707095,
        14.747749510225987,
        15.436993029272601,
        12.693168456537531,
        13.88109283743213,
        15.041068423276837,
        14.095496887341698,
        13.80992161190447,
        14.332303860245297,
        11.055150087940433,
        13.108697847698242,
        9.769815789220052,
        12.47491148411535,
        9.581663277194686,
        9.734650826364492,
        10.970195136609426,
        9.38786643674628,
        8.061228616961978,
        7.515742580117088
    ],
    "electricity_cost": [
        0.2068,
        0.2068,
        0.2068,
        0.2068,
        0.2068,
        0.2068,
        0.2068,
        0.2068,
        0.2068,
        0.2068,
        0.2068,
        0.2068,
        0.2068,
        0.2068,
        0.2516,
        0.2516,
        0.2516,
        0.2516,
        0.2516,
        0.2516,
        0.2516,
        0.2516,
        0.2516,
        0.2516,
        0.2516,
        0.2516,
        0.2516,
        0.2516,
        0.2516,
        0.2516,
        0.2516,
        0.2516,
        0.2516,
        0.2516,
        0.2516,
        0.2516,
        0.2516,
        0.2516,
        0.2516,
        0.2516,
        0.2516,
        0.2516,
        0.2516,
        0.2516,
        0.2516,
        0.2516,
        0.2068,
        0.2068
    ]
}