{
    "name": "tcl1",
    "input_path": "tcl/input/tcl1",
    "output_path": "tcl/output/tcl1",
    "working_dir": "tcl/input/tcl1",
    "initial_temperature": 19.19609823704002,
    "coefDeltaTemp": 0.05625,
    "coefConso": 1,
    "puissanceMin": 0,
    "puissanceMax": 4,
    "temperature_max": 21.429829702476937,
    "temperature_min": 16.69575908275825,
    "chroniqueTempExt": [
        12.938744143929073,
        12.268974408932687,
        10.351893687924516,
        10.567087629397577,
        12.01359543426711,
        12.728869893086793,
        11.661328289480862,
        11.848077275399035,
        9.947499228988834,
        10.443642396605483,
        12.823499363728102,
        10.854752329250772,
        13.861663591735155,
        13.269167978839015,
        13.24404496045895,
        14.87702258873873,
        13.916570944985043,
        14.242596595390383,
        16.82340707136745,
        16.727121316746416,
        16.525526201736177,
        16.521388773201146,
        17.992951176570145,
        20.06928224233595,
        20.75501364086457,
        19.650356064404374,
        19.563959595480775,
        19.243802225576538,
        18.939583330020433,
        19.54994667350693,
        18.24242731030187,
        19.876728938803478,
        18.099701522470863,
        19.749588829224336,
        18.347784126115318,
        20.055622249156567,
        17.986594051175274,
        17.824859629519402,
        17.950762952842993,
        16.082156050223112,
        17.98133539156611,
        17.429118883918097,
        14.573786007315027,
        13.045356939707467,
        13.659645784903434,
        12.635233788017715,
        11.745161213147547,
        11.726034394960509
    ],
    "electricity_cost": [
        0.2068,
        0.2068,
        0.2068,
        0.2068,
        0.2068,
        0.2068,
        0.2068,
        0.2068,
        0.2068,
        0.2068,
        0.2068,
        0.2068,
        0.2068,
        0.2068,
        0.2516,
        0.2516,
        0.2516,
        0.2516,
        0.2516,
        0.2516,
        0.2516,
        0.2516,
        0.2516,
        0.2516,
        0.2516,
        0.2516,
        0.2516,
        0.2516,
        0.2516,
        0.2516,
        0.2516,
        0.2516,
        0.2516,
        0.2516,
        0.2516,
        0.2516,
        0.2516,
        0.2516,
        0.2516,
        0.2516,
        0.2516,
        0.2516,
        0.2516,
        0.2516,
        0.2516,
        0.2516,
        0.2068,
        0.2068
    ]
}