{
    "name": "tcl1",
    "input_path": "tcl/input/tcl1",
    "output_path": "tcl/output/tcl1",
    "working_dir": "tcl/input/tcl1",
    "initial_temperature": 18.417574503148884,
    "coefDeltaTemp": 0.05625,
    "coefConso": 1,
    "puissanceMin": 0,
    "puissanceMax": 4,
    "temperature_max": 20.046028223332826,
    "temperature_min": 16.743113994585855,
    "chroniqueTempExt": [
        1.2819099912006453,
        1.6486968538345952,
        -0.535330817763624,
        -1.4292765862010826,
        1.6542478817450608,
        0.5584373645023133,
        1.8999831393279232,
        -1.1568272011485325,
        1.9958456836215355,
        -1.1401769468573597,
        -1.2153783420270374,
        1.2625974387049954,
        -1.3160937736737166,
        0.458326813951014,
        -1.0262634518323956,
        2.0044533475732207,
        0.7764122660677562,
        1.9392196185702821,
        3.9968193208819915,
        1.5958684652392507,
        3.0306105685011846,
        4.814408969369513,
        4.432141608766724,
        4.8149646636293175,
        4.261695888286951,
        7.255956481876696,
        5.562219739593815,
        6.080495850686894,
        3.7601076840286547,
        5.162162804886772,
        4.844966699991103,
        4.851591903147532,
        5.445222007412877,
        4.6196910711738735,
        5.5314885859787575,
        4.524312671538891,
        4.544595803223888,
        4.713005734268708,
        2.6948690935129074,
        2.8592651924696826,
        2.8933610674155403,
        4.139183243538292,
        3.3504114978173067,
        2.732679911424218,
        1.9582984686515779,
        -0.012468136979723043,
        1.5083366690907376,
        0.8112354472673615
    ],
    "electricity_cost": [
        0.2068,
        0.2068,
        0.2068,
        0.2068,
        0.2068,
        0.2068,
        0.2068,
        0.2068,
        0.2068,
        0.2068,
        0.2068,
        0.2068,
        0.2068,
        0.2068,
        0.2516,
        0.2516,
        0.2516,
        0.2516,
        0.2516,
        0.2516,
        0.2516,
        0.2516,
        0.2516,
        0.2516,
        0.2516,
        0.2516,
        0.2516,
        0.2516,
        0.2516,
        0.2516,
        0.2516,
        0.2516,
        0.2516,
        0.2516,
        0.2516,
        0.2516,
        0.2516,
        0.2516,
        0.2516,
        0.2516,
        0.2516,
        0.2516,
        0.2516,
        0.2516,
        0.2516,
        0.2516,
        0.2068,
        0.2068
    ]
}