{
    "name": "tcl53",
    "input_path": "tcl/input/tcl53",
    "output_path": "tcl/output/tcl53",
    "working_dir": "tcl/input/tcl53",
    "initial_temperature": 18.422236749959772,
    "coefDeltaTemp": 0.05625,
    "coefConso": 1.0,
    "puissanceMin": 0,
    "puissanceMax": 4,
    "temperature_max": 21.130545982416514,
    "temperature_min": 15.27274846406787,
    "chroniqueTempExt": [
        5.797630019906191,
        6.321500285653019,
        6.176776906603899,
        6.767656321784461,
        5.067085898390578,
        7.31570662818303,
        6.661689907449839,
        5.363720640825851,
        5.398639631887471,
        5.4453758246685675,
        5.919649872337708,
        3.7260344616908903,
        5.771192496864279,
        7.594954972363444,
        7.58508823322915,
        8.440224436642888,
        8.302548530511368,
        7.732917096190535,
        7.758447778498509,
        9.422830977127134,
        11.247088226379068,
        9.732234226428012,
        12.700392899170975,
        11.713863874522234,
        14.56447167586256,
        12.264462089647473,
        11.533571682051342,
        11.043687014895765,
        12.60639296774968,
        11.577803202481643,
        12.262846755177645,
        11.856440897111616,
        12.775222891266075,
        11.307350449588359,
        11.765194745824493,
        14.264942984664586,
        14.082550452161291,
        12.1972438881429,
        10.855734358848148,
        8.240816480830656,
        10.347590718117836,
        8.409223799008402,
        9.546995500164895,
        8.584599544035822,
        7.13528006426678,
        5.4138618390357465,
        6.992871551004533,
        6.872115617230364
    ],
    "electricity_cost": [
        0.2068,
        0.2068,
        0.2068,
        0.2068,
        0.2068,
        0.2068,
        0.2068,
        0.2068,
        0.2068,
        0.2068,
        0.2068,
        0.2068,
        0.2068,
        0.2068,
        0.2516,
        0.2516,
        0.2516,
        0.2516,
        0.2516,
        0.2516,
        0.2516,
        0.2516,
        0.2516,
        0.2516,
        0.2516,
        0.2516,
        0.2516,
        0.2516,
        0.2516,
        0.2516,
        0.2516,
        0.2516,
        0.2516,
        0.2516,
        0.2516,
        0.2516,
        0.2516,
        0.2516,
        0.2516,
        0.2516,
        0.2516,
        0.2516,
        0.2516,
        0.2516,
        0.2516,
        0.2516,
        0.2068,
        0.2068
    ]
}