{
    "name": "tcl46",
    "input_path": "tcl/input/tcl46",
    "output_path": "tcl/output/tcl46",
    "working_dir": "tcl/input/tcl46",
    "initial_temperature": 17.903967503809266,
    "coefDeltaTemp": 0.05625,
    "coefConso": 1.0,
    "puissanceMin": 0,
    "puissanceMax": 4,
    "temperature_max": 21.30708004899515,
    "temperature_min": 15.131003328100709,
    "chroniqueTempExt": [
        1.0715299413600832,
        -2.037839146275069,
        1.408242605731064,
        0.5036600746482074,
        0.5648238169298121,
        -0.0818343431262385,
        -0.30119746773966627,
        1.888490570931719,
        1.0636710864359857,
        1.3147173647010901,
        1.6150639008903322,
        -0.06698098219736504,
        1.2620877445296976,
        1.0316121348738378,
        1.8473188388196864,
        2.187628864435542,
        3.6516417162279096,
        3.783787432576458,
        4.742611894460145,
        5.093447740439636,
        7.542951814692456,
        3.492729315984067,
        6.711081167802336,
        5.2093550474775325,
        5.916797168873092,
        6.180226340379687,
        5.818994579941232,
        5.456427094724926,
        5.119227035922506,
        6.639728835033498,
        6.795797551035022,
        4.653799632112314,
        6.110144946790493,
        4.856435399868186,
        6.095748291980685,
        6.052482375828092,
        7.642731724578928,
        7.346361024139243,
        4.304810527200941,
        5.7836423287169,
        3.1906537499928724,
        2.7854817251147272,
        3.9683283640037326,
        5.160016469656016,
        1.719614305297051,
        2.2671979816624153,
        2.953319431777351,
        -1.5128026143353188
    ],
    "electricity_cost": [
        0.2068,
        0.2068,
        0.2068,
        0.2068,
        0.2068,
        0.2068,
        0.2068,
        0.2068,
        0.2068,
        0.2068,
        0.2068,
        0.2068,
        0.2068,
        0.2068,
        0.2516,
        0.2516,
        0.2516,
        0.2516,
        0.2516,
        0.2516,
        0.2516,
        0.2516,
        0.2516,
        0.2516,
        0.2516,
        0.2516,
        0.2516,
        0.2516,
        0.2516,
        0.2516,
        0.2516,
        0.2516,
        0.2516,
        0.2516,
        0.2516,
        0.2516,
        0.2516,
        0.2516,
        0.2516,
        0.2516,
        0.2516,
        0.2516,
        0.2516,
        0.2516,
        0.2516,
        0.2516,
        0.2068,
        0.2068
    ]
}