{
    "name": "tcl176",
    "input_path": "tcl/input/tcl176",
    "output_path": "tcl/output/tcl176",
    "working_dir": "tcl/input/tcl176",
    "initial_temperature": 18.579672036460366,
    "coefDeltaTemp": 0.05625,
    "coefConso": 1.0,
    "puissanceMin": 0,
    "puissanceMax": 4,
    "temperature_max": 20.260351067061986,
    "temperature_min": 16.297883248838577,
    "chroniqueTempExt": [
        15.092694069550344,
        14.556396317998855,
        15.950987314772577,
        14.0492385778843,
        15.298473638351044,
        15.268044399597935,
        15.274269902085031,
        15.193182732773343,
        14.641486869276275,
        15.175314930147792,
        14.848756523506339,
        14.849107985631177,
        14.713703391101012,
        15.236545176469448,
        16.121267196284176,
        14.102055807211714,
        18.026495586524526,
        17.612996282716313,
        20.51393074615807,
        17.191852534403775,
        19.48043264855317,
        23.746243186368076,
        23.15767849025928,
        22.50942100120954,
        22.074641502802663,
        21.117288588942884,
        21.84468072239558,
        21.42127735224942,
        21.548875877868188,
        21.61153902174918,
        21.82476973910665,
        21.074612019213006,
        22.77049813412948,
        23.229438878668365,
        22.12907543220893,
        21.193870032342033,
        23.06132854747889,
        20.29124480703033,
        20.486107532498668,
        19.419090732623264,
        18.96694503204468,
        18.576091322630997,
        16.6101914438149,
        16.49378337610602,
        18.0273963848452,
        17.37390435844785,
        14.752326084112935,
        14.35986029182562
    ],
    "electricity_cost": [
        0.2068,
        0.2068,
        0.2068,
        0.2068,
        0.2068,
        0.2068,
        0.2068,
        0.2068,
        0.2068,
        0.2068,
        0.2068,
        0.2068,
        0.2068,
        0.2068,
        0.2516,
        0.2516,
        0.2516,
        0.2516,
        0.2516,
        0.2516,
        0.2516,
        0.2516,
        0.2516,
        0.2516,
        0.2516,
        0.2516,
        0.2516,
        0.2516,
        0.2516,
        0.2516,
        0.2516,
        0.2516,
        0.2516,
        0.2516,
        0.2516,
        0.2516,
        0.2516,
        0.2516,
        0.2516,
        0.2516,
        0.2516,
        0.2516,
        0.2516,
        0.2516,
        0.2516,
        0.2516,
        0.2068,
        0.2068
    ]
}