{
    "name": "tcl177",
    "input_path": "tcl/input/tcl177",
    "output_path": "tcl/output/tcl177",
    "working_dir": "tcl/input/tcl177",
    "initial_temperature": 18.867935840744074,
    "coefDeltaTemp": 0.05625,
    "coefConso": 1.0,
    "puissanceMin": 0,
    "puissanceMax": 4,
    "temperature_max": 20.43771094934665,
    "temperature_min": 15.714424572342203,
    "chroniqueTempExt": [
        9.527679242607691,
        10.409285679649011,
        10.861365066265318,
        9.051759967705554,
        9.790461729788431,
        10.239427285923151,
        10.679996262843249,
        10.987247371007863,
        9.723096469861165,
        10.125177746876519,
        10.676671105608753,
        10.601780403280147,
        9.969952052257279,
        9.898094655075106,
        10.342528365006157,
        10.44723194747841,
        12.92798915777414,
        14.207862747247953,
        14.958024710548397,
        15.14054835331606,
        14.381591643541935,
        14.10340419831752,
        15.561660481058706,
        13.30310483352574,
        15.423515035410935,
        16.377491463998872,
        17.318490406549053,
        15.745829418862165,
        16.557527460904275,
        15.250874338085657,
        15.178174368497794,
        14.554626941512668,
        15.936925262221418,
        14.6090734618462,
        16.102294665509596,
        13.95749553751758,
        16.090051180353143,
        16.363105775281905,
        14.66815173722305,
        13.878025163461839,
        15.307514814734283,
        13.697861317032299,
        11.964331904486734,
        12.60802429449781,
        11.51166592600601,
        11.150357387550885,
        10.619805124377102,
        11.05054001449067
    ],
    "electricity_cost": [
        0.2068,
        0.2068,
        0.2068,
        0.2068,
        0.2068,
        0.2068,
        0.2068,
        0.2068,
        0.2068,
        0.2068,
        0.2068,
        0.2068,
        0.2068,
        0.2068,
        0.2516,
        0.2516,
        0.2516,
        0.2516,
        0.2516,
        0.2516,
        0.2516,
        0.2516,
        0.2516,
        0.2516,
        0.2516,
        0.2516,
        0.2516,
        0.2516,
        0.2516,
        0.2516,
        0.2516,
        0.2516,
        0.2516,
        0.2516,
        0.2516,
        0.2516,
        0.2516,
        0.2516,
        0.2516,
        0.2516,
        0.2516,
        0.2516,
        0.2516,
        0.2516,
        0.2516,
        0.2516,
        0.2068,
        0.2068
    ]
}