{
    "name": "tcl121",
    "input_path": "tcl/input/tcl121",
    "output_path": "tcl/output/tcl121",
    "working_dir": "tcl/input/tcl121",
    "initial_temperature": 18.33890495584173,
    "coefDeltaTemp": 0.05625,
    "coefConso": 1.0,
    "puissanceMin": 0,
    "puissanceMax": 4,
    "temperature_max": 20.19101307550787,
    "temperature_min": 16.60027055373597,
    "chroniqueTempExt": [
        1.8134240912654236,
        0.2182419720337958,
        1.8058566206234117,
        1.0778177953274894,
        2.007139547229963,
        2.435206637719908,
        0.38689036680034294,
        0.7753703889555507,
        0.3198407244303956,
        1.0543773228372033,
        2.9458480459891163,
        0.9918111739078675,
        0.6863774706257695,
        1.9277267762635037,
        1.672058971868863,
        2.693009737235249,
        2.6821090854842513,
        4.351064534791215,
        3.7322472517602696,
        2.5661537500249443,
        5.9724935321512955,
        4.20487524203704,
        7.482701142554145,
        5.349117897562764,
        4.727382081647056,
        5.329234290194429,
        6.618528023953725,
        7.484238973664421,
        7.318551746518718,
        5.053917412248352,
        6.197160705726489,
        4.57353792878715,
        6.514769828586504,
        4.498232048175738,
        5.358652787570375,
        5.033840360606921,
        6.349026186054419,
        5.676597154503516,
        4.6099006903024575,
        2.8829180610777856,
        3.673549721023515,
        4.7822816447543275,
        2.4662218431214824,
        1.753755398386604,
        2.4438796821149693,
        0.8160191164511683,
        1.0507619951732576,
        1.6699281295798074
    ],
    "electricity_cost": [
        0.2068,
        0.2068,
        0.2068,
        0.2068,
        0.2068,
        0.2068,
        0.2068,
        0.2068,
        0.2068,
        0.2068,
        0.2068,
        0.2068,
        0.2068,
        0.2068,
        0.2516,
        0.2516,
        0.2516,
        0.2516,
        0.2516,
        0.2516,
        0.2516,
        0.2516,
        0.2516,
        0.2516,
        0.2516,
        0.2516,
        0.2516,
        0.2516,
        0.2516,
        0.2516,
        0.2516,
        0.2516,
        0.2516,
        0.2516,
        0.2516,
        0.2516,
        0.2516,
        0.2516,
        0.2516,
        0.2516,
        0.2516,
        0.2516,
        0.2516,
        0.2516,
        0.2516,
        0.2516,
        0.2068,
        0.2068
    ]
}