{
    "name": "tcl22",
    "input_path": "tcl/input/tcl22",
    "output_path": "tcl/output/tcl22",
    "working_dir": "tcl/input/tcl22",
    "initial_temperature": 17.645927137756214,
    "coefDeltaTemp": 0.05625,
    "coefConso": 1.0,
    "puissanceMin": 0,
    "puissanceMax": 4,
    "temperature_max": 21.917210785593696,
    "temperature_min": 15.830359646975829,
    "chroniqueTempExt": [
        13.249938563499965,
        12.066121538788888,
        10.876986493913853,
        12.606346097878772,
        11.930760218912303,
        11.800255219490964,
        12.534063075763546,
        11.454674333625867,
        12.2432373279962,
        9.682690515643527,
        12.001797868226825,
        12.276387696288436,
        12.861268399595964,
        13.27033495816726,
        11.098947909254495,
        12.953218234193997,
        15.622905467065326,
        16.363028884219275,
        15.198500950218744,
        16.190534893207175,
        17.91118740075551,
        17.27815650997678,
        18.38907478329577,
        17.637652559647563,
        20.62375655526316,
        18.038420340259925,
        18.563077376403584,
        20.247909283548708,
        20.77778976624814,
        20.142123573119346,
        18.256307898421007,
        18.845763658114592,
        17.636101242866523,
        19.69121903363271,
        18.38276934937819,
        19.183351805681383,
        18.549064505618148,
        18.815160146277396,
        18.804998403386428,
        18.216140333099997,
        15.920165712948421,
        16.576941632292097,
        15.945429570680943,
        15.185540663851562,
        15.05846978642075,
        13.587855379785726,
        9.670466152981284,
        10.364917860475902
    ],
    "electricity_cost": [
        0.2068,
        0.2068,
        0.2068,
        0.2068,
        0.2068,
        0.2068,
        0.2068,
        0.2068,
        0.2068,
        0.2068,
        0.2068,
        0.2068,
        0.2068,
        0.2068,
        0.2516,
        0.2516,
        0.2516,
        0.2516,
        0.2516,
        0.2516,
        0.2516,
        0.2516,
        0.2516,
        0.2516,
        0.2516,
        0.2516,
        0.2516,
        0.2516,
        0.2516,
        0.2516,
        0.2516,
        0.2516,
        0.2516,
        0.2516,
        0.2516,
        0.2516,
        0.2516,
        0.2516,
        0.2516,
        0.2516,
        0.2516,
        0.2516,
        0.2516,
        0.2516,
        0.2516,
        0.2516,
        0.2068,
        0.2068
    ]
}