{
    "name": "tcl136",
    "input_path": "tcl/input/tcl136",
    "output_path": "tcl/output/tcl136",
    "working_dir": "tcl/input/tcl136",
    "initial_temperature": 19.44921845039806,
    "coefDeltaTemp": 0.05625,
    "coefConso": 1.0,
    "puissanceMin": 0,
    "puissanceMax": 4,
    "temperature_max": 20.84191495830949,
    "temperature_min": 16.81081351241766,
    "chroniqueTempExt": [
        7.258714447808443,
        8.849961471666704,
        7.9507840137626795,
        8.302609299071303,
        8.73772063248598,
        9.087130121764948,
        8.230994423107603,
        8.571096373809043,
        9.868347311837669,
        8.72791180602563,
        8.117281919682938,
        8.469512343154195,
        6.775057583301164,
        8.440563703781336,
        7.696701486165701,
        10.373508356596815,
        10.165615152348764,
        9.7653615232828,
        10.790272055879475,
        12.140786077856353,
        11.988488483872546,
        13.865033053020655,
        13.254014648401716,
        14.362852836712902,
        13.790185893808609,
        14.769674109471685,
        14.381440373116778,
        14.446784939543766,
        13.930209973338014,
        13.997171809237258,
        12.488849241499754,
        14.105162078840442,
        13.617056389822316,
        13.865553914971294,
        15.074131631410847,
        13.05995678408325,
        13.518096266874988,
        15.351322072554156,
        12.371771849777334,
        13.10334138143686,
        11.158105111815836,
        12.646574291014923,
        10.666700017467607,
        10.359287976580939,
        8.989930520754482,
        8.389783649050814,
        8.252544974625467,
        8.862452809563404
    ],
    "electricity_cost": [
        0.2068,
        0.2068,
        0.2068,
        0.2068,
        0.2068,
        0.2068,
        0.2068,
        0.2068,
        0.2068,
        0.2068,
        0.2068,
        0.2068,
        0.2068,
        0.2068,
        0.2516,
        0.2516,
        0.2516,
        0.2516,
        0.2516,
        0.2516,
        0.2516,
        0.2516,
        0.2516,
        0.2516,
        0.2516,
        0.2516,
        0.2516,
        0.2516,
        0.2516,
        0.2516,
        0.2516,
        0.2516,
        0.2516,
        0.2516,
        0.2516,
        0.2516,
        0.2516,
        0.2516,
        0.2516,
        0.2516,
        0.2516,
        0.2516,
        0.2516,
        0.2516,
        0.2516,
        0.2516,
        0.2068,
        0.2068
    ]
}