{
    "name": "tcl34",
    "input_path": "tcl/input/tcl34",
    "output_path": "tcl/output/tcl34",
    "working_dir": "tcl/input/tcl34",
    "initial_temperature": 18.744533041731824,
    "coefDeltaTemp": 0.05625,
    "coefConso": 1.0,
    "puissanceMin": 0,
    "puissanceMax": 4,
    "temperature_max": 21.585187288279222,
    "temperature_min": 15.236787893657329,
    "chroniqueTempExt": [
        10.461050876306684,
        11.45407924631001,
        8.28284879269998,
        10.570608011843508,
        11.179661341569464,
        11.154712684648889,
        10.627151663733455,
        9.325412145697374,
        10.251486997007095,
        9.828518710550476,
        8.703262208389317,
        10.674108744243572,
        10.535057429582004,
        10.969108392349721,
        11.160997927607978,
        12.119375788938228,
        12.113452433122971,
        12.538262390700265,
        11.30850682652891,
        14.459155649982204,
        15.314396749687303,
        16.678486389651713,
        15.582775610352812,
        15.593304335689298,
        15.769415381994055,
        16.26667478506261,
        16.81691280649434,
        16.946587175386142,
        15.92574875707469,
        17.75111404126167,
        16.087236905897562,
        17.418990966622857,
        16.59600103837856,
        15.137016330990395,
        16.680091279013638,
        16.72658217850977,
        17.88153068897323,
        15.26996327922889,
        15.711931743187582,
        12.803788822734328,
        15.524065013204318,
        14.151791289420842,
        13.450318576600678,
        12.508655984541491,
        12.10632888516248,
        10.622348952086767,
        10.489751341811733,
        9.523455544859354
    ],
    "electricity_cost": [
        0.2068,
        0.2068,
        0.2068,
        0.2068,
        0.2068,
        0.2068,
        0.2068,
        0.2068,
        0.2068,
        0.2068,
        0.2068,
        0.2068,
        0.2068,
        0.2068,
        0.2516,
        0.2516,
        0.2516,
        0.2516,
        0.2516,
        0.2516,
        0.2516,
        0.2516,
        0.2516,
        0.2516,
        0.2516,
        0.2516,
        0.2516,
        0.2516,
        0.2516,
        0.2516,
        0.2516,
        0.2516,
        0.2516,
        0.2516,
        0.2516,
        0.2516,
        0.2516,
        0.2516,
        0.2516,
        0.2516,
        0.2516,
        0.2516,
        0.2516,
        0.2516,
        0.2516,
        0.2516,
        0.2068,
        0.2068
    ]
}