{
    "name": "tcl12",
    "input_path": "tcl/input/tcl12",
    "output_path": "tcl/output/tcl12",
    "working_dir": "tcl/input/tcl12",
    "initial_temperature": 18.547365182988063,
    "coefDeltaTemp": 0.05625,
    "coefConso": 1.0,
    "puissanceMin": 0,
    "puissanceMax": 4,
    "temperature_max": 21.30079227901133,
    "temperature_min": 16.649846214352458,
    "chroniqueTempExt": [
        3.029737466793609,
        4.095354320975378,
        4.087734495788282,
        3.0658851779958143,
        5.319284371897315,
        2.1652380391795187,
        4.232695037962905,
        5.566233395980679,
        6.457263769424871,
        3.9404862769016926,
        3.7789078139131256,
        3.9027168356152226,
        5.267674212463876,
        4.755102374928739,
        5.9523446822239,
        4.037889933654755,
        7.082909308507304,
        6.4041413662973925,
        7.968177207179638,
        7.515285143596238,
        7.423506258756497,
        8.326327735320108,
        8.809024942490403,
        8.45090270086903,
        9.351522491132133,
        9.886940075541595,
        5.658743020195095,
        9.05613770340007,
        6.866673690122157,
        9.140167239171427,
        8.832028202561844,
        7.770183271640071,
        9.95492638623707,
        9.004238378203404,
        10.775698130256997,
        7.743253122815827,
        9.64474807250205,
        8.53015413575924,
        7.390720383359592,
        6.116864805538351,
        6.343099166285435,
        7.177578914568225,
        6.191073644712006,
        4.762921370117246,
        4.681887872557912,
        5.585588701089311,
        3.664819630159996,
        3.845749111269832
    ],
    "electricity_cost": [
        0.2068,
        0.2068,
        0.2068,
        0.2068,
        0.2068,
        0.2068,
        0.2068,
        0.2068,
        0.2068,
        0.2068,
        0.2068,
        0.2068,
        0.2068,
        0.2068,
        0.2516,
        0.2516,
        0.2516,
        0.2516,
        0.2516,
        0.2516,
        0.2516,
        0.2516,
        0.2516,
        0.2516,
        0.2516,
        0.2516,
        0.2516,
        0.2516,
        0.2516,
        0.2516,
        0.2516,
        0.2516,
        0.2516,
        0.2516,
        0.2516,
        0.2516,
        0.2516,
        0.2516,
        0.2516,
        0.2516,
        0.2516,
        0.2516,
        0.2516,
        0.2516,
        0.2516,
        0.2516,
        0.2068,
        0.2068
    ]
}