{
    "name": "tcl144",
    "input_path": "tcl/input/tcl144",
    "output_path": "tcl/output/tcl144",
    "working_dir": "tcl/input/tcl144",
    "initial_temperature": 17.78686958778871,
    "coefDeltaTemp": 0.05625,
    "coefConso": 1.0,
    "puissanceMin": 0,
    "puissanceMax": 4,
    "temperature_max": 21.15128086286364,
    "temperature_min": 16.329277377340162,
    "chroniqueTempExt": [
        0.3767371460921255,
        0.860658477233212,
        0.9977832637343625,
        1.0915379942987657,
        1.5846018358197878,
        2.367937571141354,
        1.1938765976390326,
        0.33310399245213607,
        2.0054607794822896,
        0.6642927309784794,
        -0.38041881465464433,
        2.1039146581645465,
        4.2351390065674535,
        1.9927298800010629,
        1.0532083982331322,
        1.9752019592884107,
        4.207101792306119,
        2.2264392896558545,
        4.597624214523955,
        3.68922062553189,
        4.225428321641012,
        5.022554608841977,
        4.039985220464777,
        5.296147282828228,
        5.499073414301134,
        7.694398368669136,
        6.725744134124043,
        7.100503103867512,
        4.203115904681068,
        4.877324080737963,
        5.033928147001515,
        5.065059251459971,
        6.471361196201849,
        4.495432427243953,
        5.499140297907812,
        6.292854384625941,
        4.735480922365351,
        6.428072576362905,
        4.391708513751409,
        2.8672414516053624,
        4.3886253440745255,
        4.17934415027667,
        2.535470590554786,
        2.627104896585435,
        2.02165329101899,
        0.8601769179600764,
        0.6556708282198817,
        2.6801550401005705
    ],
    "electricity_cost": [
        0.2068,
        0.2068,
        0.2068,
        0.2068,
        0.2068,
        0.2068,
        0.2068,
        0.2068,
        0.2068,
        0.2068,
        0.2068,
        0.2068,
        0.2068,
        0.2068,
        0.2516,
        0.2516,
        0.2516,
        0.2516,
        0.2516,
        0.2516,
        0.2516,
        0.2516,
        0.2516,
        0.2516,
        0.2516,
        0.2516,
        0.2516,
        0.2516,
        0.2516,
        0.2516,
        0.2516,
        0.2516,
        0.2516,
        0.2516,
        0.2516,
        0.2516,
        0.2516,
        0.2516,
        0.2516,
        0.2516,
        0.2516,
        0.2516,
        0.2516,
        0.2516,
        0.2516,
        0.2516,
        0.2068,
        0.2068
    ]
}