{
    "load": [
        0.0,
        0.0,
        0.0,
        0.0,
        0.0,
        0.0,
        0.0,
        0.0,
        0.49880940007921026,
        0.8710015837780496,
        0.7969122471380494,
        0.7386831049584508,
        1.8944694413362555,
        4.0,
        0.0,
        0.0,
        0.0,
        0.0,
        0.0,
        0.7533014649312477,
        0.6082697102662493,
        0.7598213168940475,
        0.6367877703882492,
        0.6121201007622474,
        0.5974602974582481,
        0.5255508902442507,
        0.47357917125824756,
        0.5482567261562501,
        0.5062050786442498,
        0.5490296148042475,
        0.5935254030762493,
        0.5806144980542491,
        0.5880797392002499,
        0.4724386633782487,
        0.5466095933442503,
        0.6318609819282486,
        4.0,
        0.8236057086130586,
        0.0,
        0.0,
        4.0,
        4.0,
        0.0,
        0.0,
        0.0,
        0.0,
        0.0,
        0.0
    ],
    "cost": -93.73298149498925
}