{
    "load": [
        0.0,
        0.0,
        0.0,
        0.0,
        0.0,
        0.0,
        0.0,
        0.0,
        0.49880940007921026,
        0.8710015837780491,
        0.7969122471380492,
        0.7386831049584492,
        1.8944694413362626,
        4.0,
        0.0,
        0.0,
        0.0,
        0.0,
        0.0,
        0.7533014649312492,
        0.6082697102662491,
        0.7598213168940492,
        0.6367877703882492,
        0.6121201007622492,
        0.5974602974582492,
        0.5255508902442492,
        0.47357917125824917,
        0.5482567261562492,
        0.5062050786442491,
        0.5490296148042492,
        0.5935254030762491,
        0.5806144980542491,
        0.5880797392002493,
        0.4724386633782492,
        0.5466095933442492,
        0.6318609819282492,
        4.0,
        0.8236057086130657,
        0.0,
        0.0,
        4.0,
        4.0,
        0.0,
        0.0,
        0.0,
        0.0,
        0.0,
        0.0
    ],
    "cost": -93.7331002708199
}