{
    "name": "tcl193",
    "input_path": "tcl/input/tcl193",
    "output_path": "tcl/output/tcl193",
    "working_dir": "tcl/input/tcl193",
    "initial_temperature": 18.105878614351628,
    "coefDeltaTemp": 0.05625,
    "coefConso": 1.0,
    "puissanceMin": 0,
    "puissanceMax": 4,
    "temperature_max": 21.843709417625377,
    "temperature_min": 16.442038991783416,
    "chroniqueTempExt": [
        15.70593097874142,
        15.213354695793594,
        14.457360828346241,
        14.867866420511453,
        15.384272044937203,
        13.940976945999518,
        12.514018361443961,
        14.605892948488023,
        15.3435253100538,
        14.611728317023479,
        15.436606416279888,
        15.560053824561916,
        15.469937194117248,
        16.061541592312444,
        15.002997937526839,
        18.216926232890962,
        17.105096111841604,
        17.724389250893285,
        18.833566658119032,
        19.92260481528,
        21.154223717653643,
        21.537223040043266,
        22.599959633379584,
        22.521237317262262,
        23.029322156330267,
        22.698243075727845,
        20.408810694362124,
        21.34865286181299,
        23.104394660440096,
        22.22295569407915,
        20.628158716287512,
        21.76581052126326,
        22.864252566220742,
        23.73812398493221,
        19.917017513942795,
        22.989526261087647,
        24.777514289343163,
        20.720064660306992,
        21.76471388602182,
        18.236665024524616,
        19.07490014066555,
        19.906487782241467,
        18.288530604147564,
        16.917216101099353,
        16.409071779200957,
        17.12961799490523,
        15.873846668046346,
        16.51261135961162
    ],
    "electricity_cost": [
        0.2068,
        0.2068,
        0.2068,
        0.2068,
        0.2068,
        0.2068,
        0.2068,
        0.2068,
        0.2068,
        0.2068,
        0.2068,
        0.2068,
        0.2068,
        0.2068,
        0.2516,
        0.2516,
        0.2516,
        0.2516,
        0.2516,
        0.2516,
        0.2516,
        0.2516,
        0.2516,
        0.2516,
        0.2516,
        0.2516,
        0.2516,
        0.2516,
        0.2516,
        0.2516,
        0.2516,
        0.2516,
        0.2516,
        0.2516,
        0.2516,
        0.2516,
        0.2516,
        0.2516,
        0.2516,
        0.2516,
        0.2516,
        0.2516,
        0.2516,
        0.2516,
        0.2516,
        0.2516,
        0.2068,
        0.2068
    ]
}