{
    "name": "tcl239",
    "input_path": "tcl/input/tcl239",
    "output_path": "tcl/output/tcl239",
    "working_dir": "tcl/input/tcl239",
    "initial_temperature": 19.309218629936225,
    "coefDeltaTemp": 0.05625,
    "coefConso": 1.0,
    "puissanceMin": 0,
    "puissanceMax": 4,
    "temperature_max": 20.917903165507777,
    "temperature_min": 15.323518620053044,
    "chroniqueTempExt": [
        4.2686288862713555,
        3.904246700551459,
        4.376090078909302,
        3.4331615346811444,
        5.448604270904217,
        4.042612754260352,
        4.101742103388909,
        3.881790895585231,
        3.2080090071787746,
        4.328039914020993,
        4.08914080276098,
        4.80356414473566,
        3.1956147274906592,
        4.144974096385797,
        5.6713999112732045,
        4.888204540663094,
        5.159902638785748,
        6.822962334161843,
        8.17838915700942,
        6.279272413845911,
        8.449432168140978,
        8.081561284025838,
        6.795726384816534,
        7.895142544371054,
        8.23733990314978,
        7.754099759702457,
        9.398887430973764,
        9.074914591845138,
        8.117203491059486,
        8.866557310016184,
        9.975314619212297,
        8.070251502442481,
        9.362796252719473,
        9.014260511852266,
        9.633238548673367,
        11.168455736520984,
        6.48134201801815,
        8.539966527285484,
        6.283578478260833,
        9.910070703939658,
        7.567625209780682,
        5.057356051808573,
        6.4894690839378795,
        6.438900528916483,
        6.0591655271682106,
        5.696670048920294,
        6.803822581582027,
        1.7636603952369452
    ],
    "electricity_cost": [
        0.2068,
        0.2068,
        0.2068,
        0.2068,
        0.2068,
        0.2068,
        0.2068,
        0.2068,
        0.2068,
        0.2068,
        0.2068,
        0.2068,
        0.2068,
        0.2068,
        0.2516,
        0.2516,
        0.2516,
        0.2516,
        0.2516,
        0.2516,
        0.2516,
        0.2516,
        0.2516,
        0.2516,
        0.2516,
        0.2516,
        0.2516,
        0.2516,
        0.2516,
        0.2516,
        0.2516,
        0.2516,
        0.2516,
        0.2516,
        0.2516,
        0.2516,
        0.2516,
        0.2516,
        0.2516,
        0.2516,
        0.2516,
        0.2516,
        0.2516,
        0.2516,
        0.2516,
        0.2516,
        0.2068,
        0.2068
    ]
}