{
    "name": "tcl93",
    "input_path": "tcl/input/tcl93",
    "output_path": "tcl/output/tcl93",
    "working_dir": "tcl/input/tcl93",
    "initial_temperature": 18.133381929546722,
    "coefDeltaTemp": 0.05625,
    "coefConso": 1.0,
    "puissanceMin": 0,
    "puissanceMax": 4,
    "temperature_max": 20.913132379459118,
    "temperature_min": 15.929877076471062,
    "chroniqueTempExt": [
        16.12190170990313,
        13.685957369044566,
        12.973999337426193,
        12.007320654126708,
        13.324566059827038,
        13.346293497595022,
        13.307963431772874,
        12.474508328549287,
        11.816223814772165,
        13.02630166299783,
        13.342367563943228,
        12.986719263686389,
        13.089324369163327,
        14.11026193057792,
        14.448012340369475,
        14.573890094121818,
        14.429486286631496,
        15.3710158661524,
        17.156734907061097,
        17.077604774116832,
        20.543717512981264,
        17.7837641679341,
        18.663021343692492,
        18.78995466616651,
        19.501046942212803,
        20.011683711510013,
        17.888345745931453,
        18.750552500668412,
        18.601689195318016,
        20.262292462764524,
        18.85846038600187,
        18.2729034652445,
        21.072575059512264,
        17.86016910907771,
        17.337324497269954,
        19.731926569208497,
        18.944648571904384,
        19.520131353827868,
        17.230612297949268,
        17.27483410119285,
        17.114972240116685,
        16.998807385334114,
        15.838973581593732,
        16.743885966217356,
        14.835717618147859,
        15.03506021215192,
        13.609561409829334,
        12.180714898838204
    ],
    "electricity_cost": [
        0.2068,
        0.2068,
        0.2068,
        0.2068,
        0.2068,
        0.2068,
        0.2068,
        0.2068,
        0.2068,
        0.2068,
        0.2068,
        0.2068,
        0.2068,
        0.2068,
        0.2516,
        0.2516,
        0.2516,
        0.2516,
        0.2516,
        0.2516,
        0.2516,
        0.2516,
        0.2516,
        0.2516,
        0.2516,
        0.2516,
        0.2516,
        0.2516,
        0.2516,
        0.2516,
        0.2516,
        0.2516,
        0.2516,
        0.2516,
        0.2516,
        0.2516,
        0.2516,
        0.2516,
        0.2516,
        0.2516,
        0.2516,
        0.2516,
        0.2516,
        0.2516,
        0.2516,
        0.2516,
        0.2068,
        0.2068
    ]
}