{
    "name": "tcl33",
    "input_path": "tcl/input/tcl33",
    "output_path": "tcl/output/tcl33",
    "working_dir": "tcl/input/tcl33",
    "initial_temperature": 17.808747318485995,
    "coefDeltaTemp": 0.05625,
    "coefConso": 1.0,
    "puissanceMin": 0,
    "puissanceMax": 4,
    "temperature_max": 20.847186587998735,
    "temperature_min": 16.333586385840448,
    "chroniqueTempExt": [
        0.9064742799295982,
        2.076837076071098,
        0.7853631159752111,
        0.5050469624233792,
        0.04977735888212701,
        -0.4043414904977542,
        -0.9411095677426995,
        0.1334147144782263,
        0.39116233979379,
        -0.13106988332642397,
        0.5198680197738864,
        0.4513958382377958,
        -0.5860342846338411,
        0.06447249209070538,
        0.46546831318668797,
        0.6697386295720974,
        1.6767295023788489,
        2.0459271181810745,
        3.349269369204271,
        3.43251833371379,
        3.811511117121867,
        2.8816743700314857,
        5.325146389468225,
        4.975605471757741,
        4.6765940632549965,
        5.818288987165132,
        5.8598881637919416,
        4.584451814954459,
        3.9137757494544747,
        5.689745773007451,
        5.712012644846733,
        4.775109679010023,
        4.195560940906017,
        4.952280896685499,
        5.759432842754331,
        4.989972648214217,
        4.886149574949705,
        2.9335243194867098,
        3.3634765814217293,
        3.7019164624514653,
        3.1176238433433157,
        1.2190411819823133,
        0.5521445921178529,
        2.139103059910365,
        0.9694318320988506,
        0.17182708598486585,
        -0.12205379652133475,
        -0.5009542998356434
    ],
    "electricity_cost": [
        0.2068,
        0.2068,
        0.2068,
        0.2068,
        0.2068,
        0.2068,
        0.2068,
        0.2068,
        0.2068,
        0.2068,
        0.2068,
        0.2068,
        0.2068,
        0.2068,
        0.2516,
        0.2516,
        0.2516,
        0.2516,
        0.2516,
        0.2516,
        0.2516,
        0.2516,
        0.2516,
        0.2516,
        0.2516,
        0.2516,
        0.2516,
        0.2516,
        0.2516,
        0.2516,
        0.2516,
        0.2516,
        0.2516,
        0.2516,
        0.2516,
        0.2516,
        0.2516,
        0.2516,
        0.2516,
        0.2516,
        0.2516,
        0.2516,
        0.2516,
        0.2516,
        0.2516,
        0.2516,
        0.2068,
        0.2068
    ]
}