{
    "name": "tcl219",
    "input_path": "tcl/input/tcl219",
    "output_path": "tcl/output/tcl219",
    "working_dir": "tcl/input/tcl219",
    "initial_temperature": 18.38708888481325,
    "coefDeltaTemp": 0.05625,
    "coefConso": 1.0,
    "puissanceMin": 0,
    "puissanceMax": 4,
    "temperature_max": 21.76560109596453,
    "temperature_min": 15.192897710251062,
    "chroniqueTempExt": [
        -0.600912552855337,
        0.6204829658822031,
        -0.121610971667017,
        -1.8022190721730451,
        -0.9638800838261588,
        0.5422937844365144,
        0.5036783071403934,
        -0.5553748950438683,
        0.21004494281566768,
        -0.5376300432774522,
        -0.0015069521801031752,
        1.000051758124154,
        -0.5959438561765719,
        -0.9478900495886939,
        0.5292845209148188,
        1.1471116139879791,
        1.331296641550976,
        2.9047001152090597,
        2.0687711204645165,
        3.532837448404944,
        3.9422352389337627,
        2.671291144376563,
        5.568879299995594,
        5.375486528084088,
        5.042731573157385,
        5.081867967276768,
        4.3169151590704224,
        6.7227927944564225,
        4.890427233598187,
        5.693408757922383,
        6.177919121324521,
        5.47263832275443,
        5.1321996312173175,
        3.9186604387131077,
        3.8432729812902613,
        4.76791620264917,
        6.127274572098739,
        3.6337611390461992,
        4.154851021648133,
        3.632653227832176,
        2.797087253989901,
        0.4389381006797808,
        0.5825662435556067,
        2.2691283955542167,
        1.5987065909416645,
        1.0175053258672322,
        -0.9578804292135328,
        0.6185872151248951
    ],
    "electricity_cost": [
        0.2068,
        0.2068,
        0.2068,
        0.2068,
        0.2068,
        0.2068,
        0.2068,
        0.2068,
        0.2068,
        0.2068,
        0.2068,
        0.2068,
        0.2068,
        0.2068,
        0.2516,
        0.2516,
        0.2516,
        0.2516,
        0.2516,
        0.2516,
        0.2516,
        0.2516,
        0.2516,
        0.2516,
        0.2516,
        0.2516,
        0.2516,
        0.2516,
        0.2516,
        0.2516,
        0.2516,
        0.2516,
        0.2516,
        0.2516,
        0.2516,
        0.2516,
        0.2516,
        0.2516,
        0.2516,
        0.2516,
        0.2516,
        0.2516,
        0.2516,
        0.2516,
        0.2516,
        0.2516,
        0.2068,
        0.2068
    ]
}