{
    "load": [
        0.0,
        0.0,
        0.0,
        0.0,
        0.0,
        0.0,
        0.0,
        0.0,
        0.0,
        0.0,
        0.27768020993002906,
        0.5170478256198731,
        0.575618146803873,
        3.617127549646465,
        0.0,
        0.0,
        0.0,
        0.0,
        0.0,
        0.0,
        0.3703918613318731,
        0.376327093305873,
        0.335526417819873,
        0.2866572820638731,
        0.284236832607873,
        0.26339367504787303,
        0.274316636089873,
        0.17920580659587304,
        0.24930579234587302,
        0.20682594332987303,
        0.2064562043858731,
        0.13153683566187302,
        0.28879220929987304,
        0.27529390975787305,
        0.19215218888987307,
        0.22087833193987305,
        4.0,
        0.0,
        0.0,
        0.0,
        4.0,
        3.6763943652771474,
        0.0,
        0.0,
        0.0,
        0.0,
        0.0,
        0.0
    ],
    "cost": -86.61265076462468
}