{
    "load": [
        0.0,
        0.0,
        0.0,
        0.0,
        0.0,
        0.0,
        0.0,
        0.0,
        0.0,
        0.0,
        0.27768020993002906,
        0.5170478256198727,
        0.5756181468038726,
        3.617127549646465,
        0.0,
        0.0,
        0.0,
        0.0,
        0.0,
        0.0,
        0.37039186133187485,
        0.37632709330587133,
        0.33552641781987447,
        0.2866572820638744,
        0.28423683260787413,
        0.2633936750478725,
        0.2743166360898712,
        0.17920580659587415,
        0.24930579234587213,
        0.20682594332987136,
        0.20645620438587287,
        0.1315368356618727,
        0.28879220929987426,
        0.27529390975787393,
        0.1921521888898745,
        0.22087833193987194,
        4.0,
        0.0,
        0.0,
        0.0,
        4.0,
        3.6763943652771403,
        0.0,
        0.0,
        0.0,
        0.0,
        0.0,
        0.0
    ],
    "cost": -86.6125293225658
}