{
    "name": "tcl222",
    "input_path": "tcl/input/tcl222",
    "output_path": "tcl/output/tcl222",
    "working_dir": "tcl/input/tcl222",
    "initial_temperature": 18.470114568555708,
    "coefDeltaTemp": 0.05625,
    "coefConso": 1.0,
    "puissanceMin": 0,
    "puissanceMax": 4,
    "temperature_max": 21.684290355157373,
    "temperature_min": 16.75098038775958,
    "chroniqueTempExt": [
        9.401717442428145,
        11.429096086286364,
        9.563436666140808,
        10.1464093445996,
        11.743523456857348,
        7.96170540099546,
        8.831204970329168,
        9.939617692177329,
        10.651636723434757,
        8.107220723923039,
        9.063341391420527,
        11.754733345580192,
        11.750954865725578,
        10.729741970582829,
        8.78272858790831,
        10.874319980102218,
        11.35832168246761,
        13.903375410967108,
        14.311933563350552,
        14.415898460096786,
        12.856420318007444,
        16.525924442957795,
        15.061771392969593,
        14.321407612344975,
        15.323849295940791,
        14.745129821230762,
        16.28860827828294,
        15.561864206484508,
        16.0264409451889,
        15.573107824031608,
        16.96097439889388,
        15.565830529954116,
        17.19778461501635,
        16.336899647948393,
        16.075915806858763,
        15.61575679573522,
        15.973781070984005,
        16.840040072664152,
        14.733191632113794,
        14.39274624406623,
        13.471620528510536,
        12.834425740557124,
        11.542655172227333,
        10.80301249698527,
        12.440700079547872,
        12.396471128796282,
        12.363212275406651,
        10.329244310483505
    ],
    "electricity_cost": [
        0.2068,
        0.2068,
        0.2068,
        0.2068,
        0.2068,
        0.2068,
        0.2068,
        0.2068,
        0.2068,
        0.2068,
        0.2068,
        0.2068,
        0.2068,
        0.2068,
        0.2516,
        0.2516,
        0.2516,
        0.2516,
        0.2516,
        0.2516,
        0.2516,
        0.2516,
        0.2516,
        0.2516,
        0.2516,
        0.2516,
        0.2516,
        0.2516,
        0.2516,
        0.2516,
        0.2516,
        0.2516,
        0.2516,
        0.2516,
        0.2516,
        0.2516,
        0.2516,
        0.2516,
        0.2516,
        0.2516,
        0.2516,
        0.2516,
        0.2516,
        0.2516,
        0.2516,
        0.2516,
        0.2068,
        0.2068
    ]
}