{
    "name": "tcl111",
    "input_path": "tcl/input/tcl111",
    "output_path": "tcl/output/tcl111",
    "working_dir": "tcl/input/tcl111",
    "initial_temperature": 18.19027926009357,
    "coefDeltaTemp": 0.05625,
    "coefConso": 1.0,
    "puissanceMin": 0,
    "puissanceMax": 4,
    "temperature_max": 21.901029615886966,
    "temperature_min": 15.838928245183839,
    "chroniqueTempExt": [
        2.9236404578511164,
        4.825129484882379,
        3.38826941544048,
        4.7702404831437075,
        3.810520801052878,
        1.3207998857554908,
        4.8679097403501945,
        3.660761129841454,
        2.81873350431129,
        5.947975362199388,
        3.330064444743425,
        4.576744281754226,
        4.27172912781167,
        5.550571767179347,
        5.28594694151815,
        5.640453918813765,
        4.912144174429954,
        4.10782759672621,
        5.538425038557459,
        5.667037070914097,
        9.77248965175825,
        8.286217420700948,
        9.259624622905068,
        8.511371601083262,
        7.73253263912921,
        9.857997647739266,
        9.265345224309351,
        7.591380744800931,
        7.851098793473435,
        10.178801774974083,
        7.799413320817969,
        8.403301986855947,
        8.757707617158873,
        9.888062285038322,
        10.15436114893878,
        8.234038020821222,
        8.672875062119832,
        8.046443361035042,
        9.425702748208579,
        8.866323159545985,
        7.234852341495134,
        6.767058248328005,
        5.993926998253927,
        5.106202896161364,
        5.320246385249968,
        5.823225536259425,
        3.509935642460644,
        2.1186679490591844
    ],
    "electricity_cost": [
        0.2068,
        0.2068,
        0.2068,
        0.2068,
        0.2068,
        0.2068,
        0.2068,
        0.2068,
        0.2068,
        0.2068,
        0.2068,
        0.2068,
        0.2068,
        0.2068,
        0.2516,
        0.2516,
        0.2516,
        0.2516,
        0.2516,
        0.2516,
        0.2516,
        0.2516,
        0.2516,
        0.2516,
        0.2516,
        0.2516,
        0.2516,
        0.2516,
        0.2516,
        0.2516,
        0.2516,
        0.2516,
        0.2516,
        0.2516,
        0.2516,
        0.2516,
        0.2516,
        0.2516,
        0.2516,
        0.2516,
        0.2516,
        0.2516,
        0.2516,
        0.2516,
        0.2516,
        0.2516,
        0.2068,
        0.2068
    ]
}