{
    "name": "tcl139",
    "input_path": "tcl/input/tcl139",
    "output_path": "tcl/output/tcl139",
    "working_dir": "tcl/input/tcl139",
    "initial_temperature": 19.48499448827637,
    "coefDeltaTemp": 0.05625,
    "coefConso": 1.0,
    "puissanceMin": 0,
    "puissanceMax": 4,
    "temperature_max": 21.961938771893916,
    "temperature_min": 16.95615963328644,
    "chroniqueTempExt": [
        8.354109973571413,
        8.938763266859267,
        10.647363979639508,
        7.827550593690308,
        9.723367235294795,
        8.188554316407235,
        7.24958705023864,
        9.275438154111209,
        8.151102547080296,
        10.043699204134652,
        7.574345601795655,
        7.480286802324606,
        8.394808246280201,
        8.02445665154383,
        9.450145437306364,
        10.711679300693614,
        9.356431744639776,
        11.15281374649255,
        10.77752009311825,
        9.45552850608454,
        12.145143403732048,
        13.075535155294983,
        11.933495957910786,
        14.207143320079908,
        12.029679740279635,
        14.22086513085456,
        13.96144472794457,
        13.132350397872585,
        12.51269787754713,
        11.189587147877187,
        13.154494929837456,
        12.003618321074507,
        14.93136126466799,
        14.808517478314885,
        13.909699107958742,
        14.831100027303783,
        15.320369822811472,
        12.814928922213571,
        10.937322073587062,
        13.498867935292044,
        12.824051565453964,
        11.319943325315313,
        12.193575202035236,
        11.071884257024367,
        10.464583103604015,
        8.941377743906237,
        7.860135495931701,
        7.327706061620391
    ],
    "electricity_cost": [
        0.2068,
        0.2068,
        0.2068,
        0.2068,
        0.2068,
        0.2068,
        0.2068,
        0.2068,
        0.2068,
        0.2068,
        0.2068,
        0.2068,
        0.2068,
        0.2068,
        0.2516,
        0.2516,
        0.2516,
        0.2516,
        0.2516,
        0.2516,
        0.2516,
        0.2516,
        0.2516,
        0.2516,
        0.2516,
        0.2516,
        0.2516,
        0.2516,
        0.2516,
        0.2516,
        0.2516,
        0.2516,
        0.2516,
        0.2516,
        0.2516,
        0.2516,
        0.2516,
        0.2516,
        0.2516,
        0.2516,
        0.2516,
        0.2516,
        0.2516,
        0.2516,
        0.2516,
        0.2516,
        0.2068,
        0.2068
    ]
}