{
    "name": "tcl226",
    "input_path": "tcl/input/tcl226",
    "output_path": "tcl/output/tcl226",
    "working_dir": "tcl/input/tcl226",
    "initial_temperature": 18.38339110497527,
    "coefDeltaTemp": 0.05625,
    "coefConso": 1.0,
    "puissanceMin": 0,
    "puissanceMax": 4,
    "temperature_max": 20.59086081905076,
    "temperature_min": 15.975622457821634,
    "chroniqueTempExt": [
        1.793559842134641,
        0.8228668225718293,
        1.754601124306025,
        2.6807899276180125,
        1.7760594622854353,
        1.6046374714143519,
        0.35521836152154795,
        0.5105275610273883,
        -0.036896601393042516,
        1.7998456679749204,
        0.2147370373782057,
        0.8539470656003092,
        1.6958537549560986,
        -0.09433286069107227,
        1.6756844436755676,
        1.5840710040604127,
        3.9337638836456676,
        3.701965175854517,
        4.029616749115871,
        2.8733351400752234,
        4.003529646991412,
        4.713413295757809,
        5.607795574768525,
        7.280741318765336,
        5.172142695329936,
        6.424500717117841,
        5.338758975897229,
        7.727436811289033,
        6.914366318317724,
        5.974157801212274,
        6.585491512285382,
        6.357749201176494,
        5.444547341812614,
        6.335416024866903,
        5.638093794880724,
        6.065387981942785,
        5.4836872933703225,
        5.11243873096843,
        5.507100660995893,
        6.10972541011225,
        4.303439416706099,
        2.3363836396278583,
        3.9400264630816904,
        3.7838423502631975,
        2.4539084289080684,
        1.951580505544893,
        1.8071400454523778,
        -0.051043960159971924
    ],
    "electricity_cost": [
        0.2068,
        0.2068,
        0.2068,
        0.2068,
        0.2068,
        0.2068,
        0.2068,
        0.2068,
        0.2068,
        0.2068,
        0.2068,
        0.2068,
        0.2068,
        0.2068,
        0.2516,
        0.2516,
        0.2516,
        0.2516,
        0.2516,
        0.2516,
        0.2516,
        0.2516,
        0.2516,
        0.2516,
        0.2516,
        0.2516,
        0.2516,
        0.2516,
        0.2516,
        0.2516,
        0.2516,
        0.2516,
        0.2516,
        0.2516,
        0.2516,
        0.2516,
        0.2516,
        0.2516,
        0.2516,
        0.2516,
        0.2516,
        0.2516,
        0.2516,
        0.2516,
        0.2516,
        0.2516,
        0.2068,
        0.2068
    ]
}