{
    "load": [
        0.0,
        0.0,
        0.0,
        0.0,
        0.6835782306444145,
        0.868050501835917,
        0.8239215545199201,
        0.7590638431475227,
        0.7497427162541186,
        0.7743818176713191,
        0.7474771901961219,
        0.9743434103565178,
        1.3353368033209065,
        4.0,
        0.0,
        0.0,
        0.0,
        0.0,
        0.0,
        0.5394235217281178,
        0.5966428178221221,
        0.5432709817421184,
        0.43732798831211994,
        0.47434174026812315,
        0.4526629917581175,
        0.44942804276612236,
        0.47389934080811713,
        0.38217399578211797,
        0.4820673725461191,
        0.4803071840241202,
        0.38733662600012053,
        0.5265192060081176,
        0.5023180757781205,
        0.4353860679501196,
        0.4207776570501238,
        0.4353605160001237,
        4.0,
        0.0,
        0.0,
        0.0,
        4.0,
        3.5104390005855137,
        0.0,
        0.0,
        0.0,
        0.0,
        0.0,
        0.0
    ],
    "cost": -84.13542714631222
}