{
    "load": [
        0.0,
        0.0,
        0.0,
        0.0,
        0.6835782306444145,
        0.8680505018359205,
        0.8239215545199204,
        0.7590638431475205,
        0.7497427162541205,
        0.7743818176713204,
        0.7474771901961205,
        0.9743434103565204,
        1.3353368033209136,
        4.0,
        0.0,
        0.0,
        0.0,
        0.0,
        0.0,
        0.5394235217281205,
        0.5966428178221204,
        0.5432709817421204,
        0.4373279883121205,
        0.4743417402681204,
        0.45266299175812047,
        0.4494280427661205,
        0.47389934080812046,
        0.3821739957821204,
        0.4820673725461204,
        0.4803071840241204,
        0.3873366260001204,
        0.5265192060081205,
        0.5023180757781205,
        0.43538606795012047,
        0.4207776570501205,
        0.4353605160001205,
        4.0,
        0.0,
        0.0,
        0.0,
        4.0,
        3.5104390005855137,
        0.0,
        0.0,
        0.0,
        0.0,
        0.0,
        0.0
    ],
    "cost": -84.13554510412034
}