{
    "name": "tcl19",
    "input_path": "tcl/input/tcl19",
    "output_path": "tcl/output/tcl19",
    "working_dir": "tcl/input/tcl19",
    "initial_temperature": 18.723348417148316,
    "coefDeltaTemp": 0.05625,
    "coefConso": 1,
    "puissanceMin": 0,
    "puissanceMax": 4,
    "temperature_max": 20.448850287402706,
    "temperature_min": 15.898073305811028,
    "chroniqueTempExt": [
        1.4972359291052062,
        -1.4192616716059563,
        0.9076935236314537,
        0.2899336550359489,
        -0.4535899798872032,
        -0.4530971127816548,
        0.06428050356081134,
        -0.9793787566635846,
        -1.5822193659416413,
        -0.7436841202515447,
        0.39975814462997245,
        1.011011617431267,
        -1.6441432008121224,
        -2.181793671005504,
        0.8092345593929972,
        0.4342677894698992,
        -0.28220419277216124,
        1.4378072224467893,
        1.4319230635217695,
        4.029210724182051,
        2.968056025734715,
        3.541217421447644,
        6.821026592421784,
        4.255064476549423,
        5.100654666643063,
        4.368777818087241,
        4.114345770488659,
        6.894559262040883,
        3.7816201077082434,
        5.202049622339201,
        5.999947847645807,
        3.584895878259055,
        5.110356071054088,
        5.87538139518113,
        6.00224382416243,
        4.682153801432415,
        4.686533142310247,
        2.6682439293706164,
        4.87308857881548,
        2.6338033745174867,
        2.621573344431674,
        3.3806325593870734,
        1.8372293247745737,
        1.7054034029325904,
        0.9323933090719497,
        -0.6749094528099884,
        0.8193328161673743,
        0.30186552743712547
    ],
    "electricity_cost": [
        0.2068,
        0.2068,
        0.2068,
        0.2068,
        0.2068,
        0.2068,
        0.2068,
        0.2068,
        0.2068,
        0.2068,
        0.2068,
        0.2068,
        0.2068,
        0.2068,
        0.2516,
        0.2516,
        0.2516,
        0.2516,
        0.2516,
        0.2516,
        0.2516,
        0.2516,
        0.2516,
        0.2516,
        0.2516,
        0.2516,
        0.2516,
        0.2516,
        0.2516,
        0.2516,
        0.2516,
        0.2516,
        0.2516,
        0.2516,
        0.2516,
        0.2516,
        0.2516,
        0.2516,
        0.2516,
        0.2516,
        0.2516,
        0.2516,
        0.2516,
        0.2516,
        0.2516,
        0.2516,
        0.2068,
        0.2068
    ]
}