{
    "name": "tcl68",
    "input_path": "tcl/input/tcl68",
    "output_path": "tcl/output/tcl68",
    "working_dir": "tcl/input/tcl68",
    "initial_temperature": 19.140444805243735,
    "coefDeltaTemp": 0.05625,
    "coefConso": 1.0,
    "puissanceMin": 0,
    "puissanceMax": 4,
    "temperature_max": 20.8195089839094,
    "temperature_min": 15.242589476189611,
    "chroniqueTempExt": [
        5.376944990187058,
        3.0401819732680675,
        4.51882325576357,
        3.133666489097287,
        4.112693165822685,
        3.4526688200265845,
        5.654146644235185,
        5.22155290119386,
        5.111302105630316,
        2.728969553895942,
        4.213432133211562,
        4.599236956944717,
        4.101663815640541,
        4.296089802804474,
        7.397092704998704,
        4.82383364688657,
        5.2849668441718345,
        7.760883483675617,
        6.31038282920437,
        5.336807966545516,
        8.620598521885901,
        6.894693998208517,
        8.356692311972258,
        8.90074536109463,
        9.777711352851002,
        10.353101608441856,
        8.225086682131193,
        9.953688393191989,
        8.72356394440822,
        9.987973611015901,
        8.931245593019579,
        9.907850323087393,
        8.779186762390674,
        8.807815205243282,
        7.592919073418978,
        8.548658003428093,
        9.493766319851161,
        6.821842681080522,
        6.104130104157787,
        7.193497428917907,
        6.632244700937302,
        6.950990181912465,
        7.020062176107275,
        7.663836643462208,
        4.34169254432457,
        7.814604495708586,
        5.058779770054769,
        4.7187119714905705
    ],
    "electricity_cost": [
        0.2068,
        0.2068,
        0.2068,
        0.2068,
        0.2068,
        0.2068,
        0.2068,
        0.2068,
        0.2068,
        0.2068,
        0.2068,
        0.2068,
        0.2068,
        0.2068,
        0.2516,
        0.2516,
        0.2516,
        0.2516,
        0.2516,
        0.2516,
        0.2516,
        0.2516,
        0.2516,
        0.2516,
        0.2516,
        0.2516,
        0.2516,
        0.2516,
        0.2516,
        0.2516,
        0.2516,
        0.2516,
        0.2516,
        0.2516,
        0.2516,
        0.2516,
        0.2516,
        0.2516,
        0.2516,
        0.2516,
        0.2516,
        0.2516,
        0.2516,
        0.2516,
        0.2516,
        0.2516,
        0.2068,
        0.2068
    ]
}