{
    "name": "tcl180",
    "input_path": "tcl/input/tcl180",
    "output_path": "tcl/output/tcl180",
    "working_dir": "tcl/input/tcl180",
    "initial_temperature": 18.50236075285956,
    "coefDeltaTemp": 0.05625,
    "coefConso": 1.0,
    "puissanceMin": 0,
    "puissanceMax": 4,
    "temperature_max": 21.376733311773464,
    "temperature_min": 16.77229306768159,
    "chroniqueTempExt": [
        4.768646372114954,
        1.3176134013149134,
        3.972479821325096,
        3.1864503187434314,
        4.030500054985955,
        2.9320749719624617,
        4.367099440850161,
        3.0529327839980365,
        2.040230432372101,
        3.0280904940109608,
        1.6166081730072883,
        3.399060415330977,
        3.9430323243190877,
        4.656678267288911,
        4.808587729990715,
        3.9793218194734257,
        4.928222911225598,
        4.511618230446148,
        6.546441106868981,
        4.714940840933316,
        7.952233877955928,
        8.222600757619327,
        8.535369413110994,
        8.835861733757927,
        8.8075001640104,
        8.61625705154344,
        8.763886967119662,
        9.268456163492946,
        8.337561283741337,
        9.65072289266496,
        8.930065490532519,
        8.64585436866857,
        8.836664006316106,
        7.852169638543117,
        11.184310368636059,
        9.075204292444495,
        9.483247731626166,
        7.6357007212774874,
        7.269993632131454,
        7.893371225895819,
        7.400440664955034,
        6.961042948054363,
        5.765757344419742,
        4.994064476323748,
        3.318549831479996,
        4.767365990800942,
        3.052850178491324,
        2.950065757905518
    ],
    "electricity_cost": [
        0.2068,
        0.2068,
        0.2068,
        0.2068,
        0.2068,
        0.2068,
        0.2068,
        0.2068,
        0.2068,
        0.2068,
        0.2068,
        0.2068,
        0.2068,
        0.2068,
        0.2516,
        0.2516,
        0.2516,
        0.2516,
        0.2516,
        0.2516,
        0.2516,
        0.2516,
        0.2516,
        0.2516,
        0.2516,
        0.2516,
        0.2516,
        0.2516,
        0.2516,
        0.2516,
        0.2516,
        0.2516,
        0.2516,
        0.2516,
        0.2516,
        0.2516,
        0.2516,
        0.2516,
        0.2516,
        0.2516,
        0.2516,
        0.2516,
        0.2516,
        0.2516,
        0.2516,
        0.2516,
        0.2068,
        0.2068
    ]
}