{
    "name": "tcl186",
    "input_path": "tcl/input/tcl186",
    "output_path": "tcl/output/tcl186",
    "working_dir": "tcl/input/tcl186",
    "initial_temperature": 18.967863949958875,
    "coefDeltaTemp": 0.05625,
    "coefConso": 1.0,
    "puissanceMin": 0,
    "puissanceMax": 4,
    "temperature_max": 20.867349534742893,
    "temperature_min": 16.525625212260227,
    "chroniqueTempExt": [
        8.45326933240236,
        7.224208752703065,
        7.203650581601332,
        6.185134515305654,
        7.024636170830745,
        6.846089720297044,
        8.320006421228422,
        8.04558260688804,
        8.426157483078347,
        7.254936584153732,
        8.411687047145545,
        7.9068955280309545,
        10.563531724084243,
        7.923465794416094,
        8.362567457596073,
        9.263891580523858,
        10.56477196763587,
        10.621445417132568,
        10.93479714716194,
        11.312334560902181,
        11.051244525203728,
        13.374648629891778,
        14.028341607394939,
        12.574919216957937,
        13.868359710740128,
        14.169505748860274,
        13.959873755921539,
        13.77616616271833,
        14.668834885537233,
        14.32086406052707,
        13.927983356785406,
        14.168438728705258,
        12.519558823922987,
        13.878270597474613,
        13.721529092279999,
        14.203700553878683,
        14.811698549552197,
        13.550112156628648,
        12.10121186189188,
        11.934489086629823,
        11.02945641486748,
        10.180260697946919,
        10.807450961477068,
        8.357765015599156,
        7.8555544705961555,
        9.415390338119302,
        9.358210558346908,
        8.838595358847503
    ],
    "electricity_cost": [
        0.2068,
        0.2068,
        0.2068,
        0.2068,
        0.2068,
        0.2068,
        0.2068,
        0.2068,
        0.2068,
        0.2068,
        0.2068,
        0.2068,
        0.2068,
        0.2068,
        0.2516,
        0.2516,
        0.2516,
        0.2516,
        0.2516,
        0.2516,
        0.2516,
        0.2516,
        0.2516,
        0.2516,
        0.2516,
        0.2516,
        0.2516,
        0.2516,
        0.2516,
        0.2516,
        0.2516,
        0.2516,
        0.2516,
        0.2516,
        0.2516,
        0.2516,
        0.2516,
        0.2516,
        0.2516,
        0.2516,
        0.2516,
        0.2516,
        0.2516,
        0.2516,
        0.2516,
        0.2516,
        0.2068,
        0.2068
    ]
}