{
    "name": "tcl10",
    "input_path": "tcl/input/tcl10",
    "output_path": "tcl/output/tcl10",
    "working_dir": "tcl/input/tcl10",
    "initial_temperature": 18.452970076800387,
    "coefDeltaTemp": 0.05625,
    "coefConso": 1.0,
    "puissanceMin": 0,
    "puissanceMax": 4,
    "temperature_max": 20.344494907282023,
    "temperature_min": 15.06467912742874,
    "chroniqueTempExt": [
        0.3429124680816344,
        -1.0971655822634332,
        0.2435115874530762,
        1.0274700881554322,
        -0.3807930547400653,
        0.7985880125489354,
        1.2469583598626288,
        0.9175355441246448,
        0.6242103398894167,
        -0.18994252249169222,
        -1.3791373674481093,
        0.13955338209164397,
        -1.2391833713885445,
        -0.35255327136696285,
        1.858154817057974,
        1.1844411482466115,
        1.10813214051019,
        2.4126499139518454,
        2.1543444316685276,
        2.734993781021099,
        2.147857338891935,
        2.554336481450518,
        4.79668891783688,
        6.652100761647559,
        5.732804214795496,
        4.436414712050321,
        3.5770708394464936,
        4.236981989887515,
        7.705971807758345,
        5.926444655658554,
        5.156509693706731,
        4.631062684777876,
        5.6061453620976325,
        4.202728308153752,
        4.846674605041262,
        4.1712629686520195,
        4.333009041884261,
        5.0214794737350505,
        3.8497153601956318,
        4.404027688450016,
        2.8826793795636743,
        2.941960096406118,
        3.745028199777031,
        1.2263672177530196,
        2.744990746880882,
        -0.18047090139271704,
        0.26401233336405305,
        2.2539697036894486
    ],
    "electricity_cost": [
        0.2068,
        0.2068,
        0.2068,
        0.2068,
        0.2068,
        0.2068,
        0.2068,
        0.2068,
        0.2068,
        0.2068,
        0.2068,
        0.2068,
        0.2068,
        0.2068,
        0.2516,
        0.2516,
        0.2516,
        0.2516,
        0.2516,
        0.2516,
        0.2516,
        0.2516,
        0.2516,
        0.2516,
        0.2516,
        0.2516,
        0.2516,
        0.2516,
        0.2516,
        0.2516,
        0.2516,
        0.2516,
        0.2516,
        0.2516,
        0.2516,
        0.2516,
        0.2516,
        0.2516,
        0.2516,
        0.2516,
        0.2516,
        0.2516,
        0.2516,
        0.2516,
        0.2516,
        0.2516,
        0.2068,
        0.2068
    ]
}