{
    "name": "tcl3",
    "input_path": "tcl/input/tcl3",
    "output_path": "tcl/output/tcl3",
    "working_dir": "tcl/input/tcl3",
    "initial_temperature": 19.790814770440754,
    "coefDeltaTemp": 0.05625,
    "coefConso": 1,
    "puissanceMin": 0,
    "puissanceMax": 4,
    "temperature_max": 20.74016230874843,
    "temperature_min": 15.46745355866226,
    "chroniqueTempExt": [
        5.161995605604147,
        5.618012957745077,
        6.310492780294569,
        5.39128280121775,
        7.503873163261795,
        4.882015838031548,
        5.456444204703985,
        5.997199514631088,
        6.91792463014868,
        7.043643806484859,
        5.348596684177523,
        3.95794279307153,
        4.468676049396624,
        5.974918616789651,
        7.457555786914803,
        6.010747868068428,
        5.27632334120325,
        9.383349192063857,
        9.13071367465084,
        7.656855644869589,
        10.233729853799122,
        13.385868481231086,
        12.179359169675617,
        10.339460522855154,
        11.530941793615527,
        12.798010401501198,
        12.488166413418135,
        13.467621729439262,
        11.882193050179056,
        11.902571935557319,
        11.622163471515574,
        12.53957677153986,
        12.685613639734594,
        12.65925067361605,
        12.777290536567243,
        12.694498046280588,
        12.145817502429649,
        12.770202257005392,
        10.2650239325225,
        8.782382615209277,
        11.652981935405853,
        8.580022721714576,
        9.073574775587945,
        8.759504976022239,
        7.80770557810747,
        5.925692420813718,
        7.490861111028794,
        6.784313501784539
    ],
    "electricity_cost": [
        0.2068,
        0.2068,
        0.2068,
        0.2068,
        0.2068,
        0.2068,
        0.2068,
        0.2068,
        0.2068,
        0.2068,
        0.2068,
        0.2068,
        0.2068,
        0.2068,
        0.2516,
        0.2516,
        0.2516,
        0.2516,
        0.2516,
        0.2516,
        0.2516,
        0.2516,
        0.2516,
        0.2516,
        0.2516,
        0.2516,
        0.2516,
        0.2516,
        0.2516,
        0.2516,
        0.2516,
        0.2516,
        0.2516,
        0.2516,
        0.2516,
        0.2516,
        0.2516,
        0.2516,
        0.2516,
        0.2516,
        0.2516,
        0.2516,
        0.2516,
        0.2516,
        0.2516,
        0.2516,
        0.2068,
        0.2068
    ]
}