{
    "name": "tcl3",
    "input_path": "tcl/input/tcl3",
    "output_path": "tcl/output/tcl3",
    "working_dir": "tcl/input/tcl3",
    "initial_temperature": 17.22658742472377,
    "coefDeltaTemp": 0.05625,
    "coefConso": 1,
    "puissanceMin": 0,
    "puissanceMax": 4,
    "temperature_max": 20.652842435596675,
    "temperature_min": 15.406761617831176,
    "chroniqueTempExt": [
        -0.4679998123482967,
        -1.5819099222791961,
        1.106315955312117,
        1.7566031448622108,
        0.8729483690180615,
        0.17886536574468437,
        3.12658190690444,
        -0.6081525305763582,
        1.2161511645638796,
        0.940178176867586,
        2.0105607153913647,
        1.607440182994696,
        3.0601849242523045,
        2.1710337142048854,
        1.342532802045135,
        2.4389017049493806,
        2.966296528869173,
        4.478931040848771,
        1.9787262254200808,
        4.014705025715078,
        5.324642060325836,
        4.5400941615472385,
        6.176646187977019,
        4.687662798516973,
        6.117441476311048,
        5.728704482405566,
        7.181714323713617,
        7.44041197769554,
        6.677705693387254,
        4.832633064142604,
        6.868316324842496,
        5.01719029817966,
        6.801588169390002,
        6.7231874029309,
        5.826679158035863,
        3.675785011819252,
        5.866375541036086,
        5.604517161161295,
        5.838392402784567,
        5.000241470446457,
        4.097339725367853,
        2.667199968250534,
        1.614171060215821,
        0.7088440403136618,
        4.551454351343127,
        1.4590766853592654,
        3.1439214160785847,
        0.760249779989183
    ],
    "electricity_cost": [
        0.2068,
        0.2068,
        0.2068,
        0.2068,
        0.2068,
        0.2068,
        0.2068,
        0.2068,
        0.2068,
        0.2068,
        0.2068,
        0.2068,
        0.2068,
        0.2068,
        0.2516,
        0.2516,
        0.2516,
        0.2516,
        0.2516,
        0.2516,
        0.2516,
        0.2516,
        0.2516,
        0.2516,
        0.2516,
        0.2516,
        0.2516,
        0.2516,
        0.2516,
        0.2516,
        0.2516,
        0.2516,
        0.2516,
        0.2516,
        0.2516,
        0.2516,
        0.2516,
        0.2516,
        0.2516,
        0.2516,
        0.2516,
        0.2516,
        0.2516,
        0.2516,
        0.2516,
        0.2516,
        0.2068,
        0.2068
    ]
}