{
    "name": "tcl3",
    "input_path": "tcl/input/tcl3",
    "output_path": "tcl/output/tcl3",
    "working_dir": "tcl/input/tcl3",
    "initial_temperature": 17.130280345309036,
    "coefDeltaTemp": 0.05625,
    "coefConso": 1,
    "puissanceMin": 0,
    "puissanceMax": 4,
    "temperature_max": 21.34817329699988,
    "temperature_min": 15.766955679808854,
    "chroniqueTempExt": [
        16.13237618696836,
        15.05473535680175,
        15.108876500170018,
        14.533709890322461,
        15.446212463001691,
        13.59805567786086,
        16.671278039411288,
        14.6497936177552,
        15.14497866484179,
        16.094385045891844,
        15.807495216756415,
        15.240384847741055,
        15.275807698535026,
        14.776786673982055,
        16.43225495789736,
        17.758902507498263,
        16.67168151207707,
        16.779530793294967,
        18.775399211993562,
        17.480568003504565,
        21.890158162825525,
        19.924629364083348,
        21.81777051467586,
        21.50828594149222,
        22.251560932856968,
        22.4731289817637,
        20.97057470956116,
        20.575334831152375,
        22.714959959157117,
        21.83404282658658,
        20.891806717268217,
        22.009204863854823,
        21.732065617250676,
        22.233294120729777,
        21.54483724825435,
        21.7917088601843,
        21.77272055009337,
        21.513445454898754,
        21.658873392466578,
        19.404116395433597,
        20.042763541618502,
        19.16804640557,
        18.042704971124348,
        16.030649888344023,
        16.217790541129894,
        15.648082832510172,
        16.045892798172442,
        16.704116769934735
    ],
    "electricity_cost": [
        0.2068,
        0.2068,
        0.2068,
        0.2068,
        0.2068,
        0.2068,
        0.2068,
        0.2068,
        0.2068,
        0.2068,
        0.2068,
        0.2068,
        0.2068,
        0.2068,
        0.2516,
        0.2516,
        0.2516,
        0.2516,
        0.2516,
        0.2516,
        0.2516,
        0.2516,
        0.2516,
        0.2516,
        0.2516,
        0.2516,
        0.2516,
        0.2516,
        0.2516,
        0.2516,
        0.2516,
        0.2516,
        0.2516,
        0.2516,
        0.2516,
        0.2516,
        0.2516,
        0.2516,
        0.2516,
        0.2516,
        0.2516,
        0.2516,
        0.2516,
        0.2516,
        0.2516,
        0.2516,
        0.2068,
        0.2068
    ]
}