{
    "name": "tcl140",
    "input_path": "tcl/input/tcl140",
    "output_path": "tcl/output/tcl140",
    "working_dir": "tcl/input/tcl140",
    "initial_temperature": 18.855181920609308,
    "coefDeltaTemp": 0.05625,
    "coefConso": 1.0,
    "puissanceMin": 0,
    "puissanceMax": 4,
    "temperature_max": 20.727014669993554,
    "temperature_min": 15.121780310597188,
    "chroniqueTempExt": [
        15.454166947609293,
        14.615349478214654,
        16.259188020174797,
        16.416163650613168,
        12.533972190700862,
        16.41735351390398,
        14.15596596718336,
        12.959487566335477,
        15.193539173686121,
        14.830263750520178,
        15.471148068183258,
        14.011885021862897,
        16.47472635484208,
        15.573495536091752,
        16.06865223977251,
        16.82202921906719,
        18.09612588218111,
        18.007687963971247,
        20.202106280064925,
        20.731563228104744,
        21.558716477276615,
        23.534669931545235,
        22.624372283165947,
        20.311649402339135,
        23.190935325633724,
        22.755113753573582,
        22.905597342950706,
        22.09087491929744,
        20.428178257706932,
        22.0888701327992,
        22.75576177360712,
        23.45991540705356,
        21.493182549221082,
        21.678119401373518,
        21.09191296746193,
        21.622825076265393,
        21.976177626177094,
        20.975089990840715,
        21.40251253339025,
        21.204453786820917,
        20.28593171629268,
        17.530171021967558,
        17.66354870469803,
        17.150321555389844,
        15.10380541295429,
        15.899315896087458,
        15.723829488182938,
        16.493659386480253
    ],
    "electricity_cost": [
        0.2068,
        0.2068,
        0.2068,
        0.2068,
        0.2068,
        0.2068,
        0.2068,
        0.2068,
        0.2068,
        0.2068,
        0.2068,
        0.2068,
        0.2068,
        0.2068,
        0.2516,
        0.2516,
        0.2516,
        0.2516,
        0.2516,
        0.2516,
        0.2516,
        0.2516,
        0.2516,
        0.2516,
        0.2516,
        0.2516,
        0.2516,
        0.2516,
        0.2516,
        0.2516,
        0.2516,
        0.2516,
        0.2516,
        0.2516,
        0.2516,
        0.2516,
        0.2516,
        0.2516,
        0.2516,
        0.2516,
        0.2516,
        0.2516,
        0.2516,
        0.2516,
        0.2516,
        0.2516,
        0.2068,
        0.2068
    ]
}