{
    "name": "tcl52",
    "input_path": "tcl/input/tcl52",
    "output_path": "tcl/output/tcl52",
    "working_dir": "tcl/input/tcl52",
    "initial_temperature": 19.20608553344561,
    "coefDeltaTemp": 0.05625,
    "coefConso": 1.0,
    "puissanceMin": 0,
    "puissanceMax": 4,
    "temperature_max": 21.686219019850284,
    "temperature_min": 15.883203699447648,
    "chroniqueTempExt": [
        15.768631307208368,
        13.171602260194177,
        11.960579682959015,
        12.83663896229715,
        12.932533508929575,
        14.890909941695089,
        12.625516867803668,
        12.302786211408055,
        13.45121838338753,
        14.090203188157313,
        12.327368378225941,
        11.279297707740794,
        12.648803569312815,
        12.004438736979603,
        15.619192938615424,
        14.24820440661916,
        15.465904875979742,
        16.677323308469248,
        14.530938963486077,
        15.052086354805901,
        15.77700225346805,
        18.16894176471622,
        17.105360216249593,
        20.197155886608225,
        19.412135608458417,
        19.063343879551976,
        20.547029579662727,
        21.359544909015362,
        18.69142399855623,
        19.627162275797225,
        18.890579192782322,
        19.13143894261198,
        18.225564131715924,
        17.545986821953058,
        19.469767659231913,
        18.359988280249343,
        18.36028789150028,
        16.30915819761076,
        17.059549587245584,
        17.943513503916982,
        17.247805807825966,
        16.03907953836122,
        17.288181911742214,
        15.479666138065305,
        14.714068453313347,
        13.144801968069824,
        13.671089995360143,
        14.175374390844791
    ],
    "electricity_cost": [
        0.2068,
        0.2068,
        0.2068,
        0.2068,
        0.2068,
        0.2068,
        0.2068,
        0.2068,
        0.2068,
        0.2068,
        0.2068,
        0.2068,
        0.2068,
        0.2068,
        0.2516,
        0.2516,
        0.2516,
        0.2516,
        0.2516,
        0.2516,
        0.2516,
        0.2516,
        0.2516,
        0.2516,
        0.2516,
        0.2516,
        0.2516,
        0.2516,
        0.2516,
        0.2516,
        0.2516,
        0.2516,
        0.2516,
        0.2516,
        0.2516,
        0.2516,
        0.2516,
        0.2516,
        0.2516,
        0.2516,
        0.2516,
        0.2516,
        0.2516,
        0.2516,
        0.2516,
        0.2516,
        0.2068,
        0.2068
    ]
}