{
    "name": "tcl130",
    "input_path": "tcl/input/tcl130",
    "output_path": "tcl/output/tcl130",
    "working_dir": "tcl/input/tcl130",
    "initial_temperature": 19.0731180041578,
    "coefDeltaTemp": 0.05625,
    "coefConso": 1.0,
    "puissanceMin": 0,
    "puissanceMax": 4,
    "temperature_max": 21.394042184519243,
    "temperature_min": 15.625952895812393,
    "chroniqueTempExt": [
        4.333561440488257,
        3.8828429259307624,
        4.964653501919157,
        4.69850875742677,
        5.322634637792993,
        3.9005800723841437,
        3.3643449686787683,
        5.030529193979036,
        5.396598993266848,
        6.49180147844501,
        3.1468740212525876,
        4.879246098932004,
        4.909037482663938,
        2.784686747357928,
        5.3841829549321405,
        4.509525275243119,
        5.815805305688873,
        4.688124932713264,
        7.25977004036156,
        6.365994847690596,
        7.802164894330101,
        7.393512921924629,
        8.556736951620765,
        10.494001282036999,
        8.62614266448586,
        8.025983521874094,
        8.911427579808251,
        7.642887299973987,
        9.879957824732692,
        9.584155353633527,
        9.561770445786788,
        9.165029826142984,
        8.636161263898233,
        7.692403683089726,
        9.850222365399247,
        8.336343894120695,
        8.463493600903623,
        9.102399334173581,
        6.53008003378755,
        8.543054936790444,
        5.972769151117778,
        5.812231887769919,
        4.360449026778603,
        4.8610079241288435,
        5.5487373322061435,
        4.976034149223674,
        3.406532725162338,
        3.217379117694831
    ],
    "electricity_cost": [
        0.2068,
        0.2068,
        0.2068,
        0.2068,
        0.2068,
        0.2068,
        0.2068,
        0.2068,
        0.2068,
        0.2068,
        0.2068,
        0.2068,
        0.2068,
        0.2068,
        0.2516,
        0.2516,
        0.2516,
        0.2516,
        0.2516,
        0.2516,
        0.2516,
        0.2516,
        0.2516,
        0.2516,
        0.2516,
        0.2516,
        0.2516,
        0.2516,
        0.2516,
        0.2516,
        0.2516,
        0.2516,
        0.2516,
        0.2516,
        0.2516,
        0.2516,
        0.2516,
        0.2516,
        0.2516,
        0.2516,
        0.2516,
        0.2516,
        0.2516,
        0.2516,
        0.2516,
        0.2516,
        0.2068,
        0.2068
    ]
}