{
    "name": "tcl192",
    "input_path": "tcl/input/tcl192",
    "output_path": "tcl/output/tcl192",
    "working_dir": "tcl/input/tcl192",
    "initial_temperature": 18.9542005869264,
    "coefDeltaTemp": 0.05625,
    "coefConso": 1.0,
    "puissanceMin": 0,
    "puissanceMax": 4,
    "temperature_max": 20.679638275795373,
    "temperature_min": 16.41132380637861,
    "chroniqueTempExt": [
        8.542115540745936,
        6.856538474760036,
        8.2104371052582,
        8.451064078616854,
        6.992231075850817,
        8.824630594373541,
        7.7246862737731234,
        9.266487882103325,
        7.339835607804667,
        7.565631453702512,
        7.822083837476355,
        8.089202801453625,
        6.338016598629489,
        8.797085341627657,
        9.52273424125198,
        10.259086554494306,
        9.869594616811797,
        11.925787486626387,
        11.191240421500495,
        14.042601284961579,
        11.785422135025472,
        14.68026043174037,
        14.371909875566722,
        13.268138270229924,
        12.770900010262958,
        14.588160049029126,
        15.463713617213543,
        14.71492993366992,
        13.075928802399591,
        14.169385101656909,
        12.765204641498302,
        13.21263964768597,
        14.047075475919875,
        14.096287582295524,
        12.974522463558547,
        13.076763678629204,
        14.716346277366702,
        14.720853804427769,
        14.772989723943216,
        11.830850764809309,
        12.894910538903833,
        12.132004734199791,
        9.971176865497691,
        9.777700181884784,
        9.252844000162991,
        7.673963647361227,
        8.793835680699074,
        8.337924493480008
    ],
    "electricity_cost": [
        0.2068,
        0.2068,
        0.2068,
        0.2068,
        0.2068,
        0.2068,
        0.2068,
        0.2068,
        0.2068,
        0.2068,
        0.2068,
        0.2068,
        0.2068,
        0.2068,
        0.2516,
        0.2516,
        0.2516,
        0.2516,
        0.2516,
        0.2516,
        0.2516,
        0.2516,
        0.2516,
        0.2516,
        0.2516,
        0.2516,
        0.2516,
        0.2516,
        0.2516,
        0.2516,
        0.2516,
        0.2516,
        0.2516,
        0.2516,
        0.2516,
        0.2516,
        0.2516,
        0.2516,
        0.2516,
        0.2516,
        0.2516,
        0.2516,
        0.2516,
        0.2516,
        0.2516,
        0.2516,
        0.2068,
        0.2068
    ]
}