{
    "name": "tcl90",
    "input_path": "tcl/input/tcl90",
    "output_path": "tcl/output/tcl90",
    "working_dir": "tcl/input/tcl90",
    "initial_temperature": 17.659449004668645,
    "coefDeltaTemp": 0.05625,
    "coefConso": 1.0,
    "puissanceMin": 0,
    "puissanceMax": 4,
    "temperature_max": 21.45083543010693,
    "temperature_min": 16.206746944806458,
    "chroniqueTempExt": [
        14.761402688879624,
        12.827580267428184,
        15.35951520026047,
        16.436755308948744,
        14.463796743937207,
        13.138679215079769,
        14.96774698885114,
        15.280055141620922,
        14.41198482846407,
        14.229192819923032,
        13.259151922454222,
        14.00938814014461,
        12.819677932727439,
        16.94481057795788,
        16.03223291525818,
        16.49198378130928,
        18.272525695091968,
        18.98232676891973,
        19.470143754419578,
        20.41876686019815,
        18.89227661477992,
        19.93237560538318,
        21.79517231654103,
        23.885962276702628,
        21.352083278665518,
        22.074278575773892,
        21.26776348333398,
        22.67016943435157,
        22.696839414445495,
        22.602940762821234,
        22.111398278849258,
        23.612514098851438,
        22.38177902021134,
        21.685178028490853,
        22.477332942817217,
        22.42824113687437,
        22.317151939425976,
        20.72776813382478,
        22.01082547225975,
        20.432352833662545,
        18.69837262579809,
        18.816289809439883,
        20.665103501208232,
        16.98189779054529,
        17.646372985593462,
        15.80870543362408,
        16.294964242690078,
        14.668266885450073
    ],
    "electricity_cost": [
        0.2068,
        0.2068,
        0.2068,
        0.2068,
        0.2068,
        0.2068,
        0.2068,
        0.2068,
        0.2068,
        0.2068,
        0.2068,
        0.2068,
        0.2068,
        0.2068,
        0.2516,
        0.2516,
        0.2516,
        0.2516,
        0.2516,
        0.2516,
        0.2516,
        0.2516,
        0.2516,
        0.2516,
        0.2516,
        0.2516,
        0.2516,
        0.2516,
        0.2516,
        0.2516,
        0.2516,
        0.2516,
        0.2516,
        0.2516,
        0.2516,
        0.2516,
        0.2516,
        0.2516,
        0.2516,
        0.2516,
        0.2516,
        0.2516,
        0.2516,
        0.2516,
        0.2516,
        0.2516,
        0.2068,
        0.2068
    ]
}