{
    "load": [
        0.0,
        0.0,
        0.0,
        0.0,
        0.0,
        0.0,
        0.0,
        0.0,
        0.0,
        0.0,
        0.0,
        0.0,
        0.0,
        1.704209514150989,
        0.0,
        0.0,
        0.0,
        0.0,
        0.0,
        0.0,
        0.32877127957549845,
        0.24859957817949763,
        0.19545900998749843,
        0.2143031234654984,
        0.14415354020949778,
        0.21700299352749752,
        0.11747108912349802,
        0.23459248822749856,
        0.2087657330374988,
        0.21528726775349938,
        0.20466077911349956,
        0.23121481905549857,
        0.22295818540549917,
        0.13595020503349886,
        0.19137048068749962,
        0.19308524091949764,
        4.0,
        0.3117498290131593,
        0.0,
        0.0,
        4.0,
        4.0,
        0.0,
        0.0,
        0.0,
        0.0,
        0.0,
        0.0
    ],
    "cost": -91.74761068218311
}