{
    "load": [
        0.0,
        0.0,
        0.0,
        0.0,
        0.0,
        0.0,
        0.0,
        0.0,
        0.0,
        0.0,
        0.0,
        0.0,
        0.0,
        1.7042095141509925,
        0.0,
        0.0,
        0.0,
        0.0,
        0.0,
        0.0,
        0.3287712795754979,
        0.24859957817949796,
        0.195459009987498,
        0.21430312346549796,
        0.144153540209498,
        0.21700299352749797,
        0.11747108912349791,
        0.2345924882274979,
        0.2087657330374979,
        0.21528726775349794,
        0.204660779113498,
        0.2312148190554979,
        0.22295818540549794,
        0.13595020503349797,
        0.19137048068749796,
        0.19308524091949797,
        4.0,
        0.3117498290131735,
        0.0,
        0.0,
        4.0,
        4.0,
        0.0,
        0.0,
        0.0,
        0.0,
        0.0,
        0.0
    ],
    "cost": -91.7477353374565
}