{
    "name": "tcl11",
    "input_path": "tcl/input/tcl11",
    "output_path": "tcl/output/tcl11",
    "working_dir": "tcl/input/tcl11",
    "initial_temperature": 18.702607511172832,
    "coefDeltaTemp": 0.05625,
    "coefConso": 1.0,
    "puissanceMin": 0,
    "puissanceMax": 4,
    "temperature_max": 21.928098348423656,
    "temperature_min": 16.78654886380184,
    "chroniqueTempExt": [
        11.585204591808282,
        11.769981911398572,
        13.1240052696617,
        12.428337792290444,
        12.159540327691353,
        11.563455514609133,
        11.31903291255949,
        12.435297028692538,
        10.604713694754269,
        11.394402886306292,
        13.523961923657351,
        11.119447000428284,
        11.257775880426035,
        13.412548642722161,
        13.107172266591057,
        14.104824670644197,
        14.80143453898302,
        15.626899182573736,
        14.722601068034452,
        16.207826850328868,
        17.851798756697875,
        17.316010074076033,
        18.822009100078816,
        19.482526249322053,
        19.961054186738068,
        18.847685978652386,
        18.0996210376995,
        18.967861091816644,
        18.848408080271614,
        18.49833768475833,
        19.674605088880984,
        19.956048223269516,
        18.642946927190575,
        19.65601401137446,
        19.549077809051663,
        19.04864995815497,
        18.88148425524496,
        17.755563164325373,
        16.28809386296729,
        16.646068472287933,
        15.626846555066741,
        14.076685695980066,
        14.51741660485223,
        14.713690073146969,
        13.827469301276967,
        14.003355423878599,
        10.68525784492906,
        11.987899749682299
    ],
    "electricity_cost": [
        0.2068,
        0.2068,
        0.2068,
        0.2068,
        0.2068,
        0.2068,
        0.2068,
        0.2068,
        0.2068,
        0.2068,
        0.2068,
        0.2068,
        0.2068,
        0.2068,
        0.2516,
        0.2516,
        0.2516,
        0.2516,
        0.2516,
        0.2516,
        0.2516,
        0.2516,
        0.2516,
        0.2516,
        0.2516,
        0.2516,
        0.2516,
        0.2516,
        0.2516,
        0.2516,
        0.2516,
        0.2516,
        0.2516,
        0.2516,
        0.2516,
        0.2516,
        0.2516,
        0.2516,
        0.2516,
        0.2516,
        0.2516,
        0.2516,
        0.2516,
        0.2516,
        0.2516,
        0.2516,
        0.2068,
        0.2068
    ]
}