{
    "name": "tcl128",
    "input_path": "tcl/input/tcl128",
    "output_path": "tcl/output/tcl128",
    "working_dir": "tcl/input/tcl128",
    "initial_temperature": 19.473069024407234,
    "coefDeltaTemp": 0.05625,
    "coefConso": 1.0,
    "puissanceMin": 0,
    "puissanceMax": 4,
    "temperature_max": 20.929301890127025,
    "temperature_min": 15.193577943048862,
    "chroniqueTempExt": [
        0.7953383212062027,
        -0.2909707883828887,
        0.9382018975332552,
        2.1042754238562145,
        -0.5737609587503774,
        0.8791160492684831,
        -0.8904853370967596,
        2.134584530325963,
        1.8029477811117287,
        0.10164002189318255,
        0.14428717348211062,
        1.6647131391689038,
        0.15423399895199785,
        0.8378310394161876,
        1.7273711134678735,
        2.821085389613897,
        1.6400647818179137,
        2.5354474382865577,
        4.342864229572158,
        3.986127546129747,
        5.265741334189326,
        5.27980399367096,
        6.705386633296641,
        4.881655304019489,
        6.989671391447621,
        6.587181171984655,
        4.6217390286493,
        4.877191470935053,
        4.352075757892957,
        6.287126961822333,
        5.026208319994819,
        6.8132031435615055,
        4.561539072440523,
        6.593028743915058,
        5.01700286689382,
        5.165212916583673,
        5.456131831492673,
        5.461139891808176,
        5.225782100051794,
        5.4139694043925175,
        4.404212362554145,
        3.4458078635070977,
        3.7208278393930607,
        3.4438413165937893,
        1.7863573579781316,
        2.131726393598982,
        2.5940046078709615,
        -1.4457243143679759
    ],
    "electricity_cost": [
        0.2068,
        0.2068,
        0.2068,
        0.2068,
        0.2068,
        0.2068,
        0.2068,
        0.2068,
        0.2068,
        0.2068,
        0.2068,
        0.2068,
        0.2068,
        0.2068,
        0.2516,
        0.2516,
        0.2516,
        0.2516,
        0.2516,
        0.2516,
        0.2516,
        0.2516,
        0.2516,
        0.2516,
        0.2516,
        0.2516,
        0.2516,
        0.2516,
        0.2516,
        0.2516,
        0.2516,
        0.2516,
        0.2516,
        0.2516,
        0.2516,
        0.2516,
        0.2516,
        0.2516,
        0.2516,
        0.2516,
        0.2516,
        0.2516,
        0.2516,
        0.2516,
        0.2516,
        0.2516,
        0.2068,
        0.2068
    ]
}