{
    "name": "tcl126",
    "input_path": "tcl/input/tcl126",
    "output_path": "tcl/output/tcl126",
    "working_dir": "tcl/input/tcl126",
    "initial_temperature": 19.499984003751866,
    "coefDeltaTemp": 0.05625,
    "coefConso": 1.0,
    "puissanceMin": 0,
    "puissanceMax": 4,
    "temperature_max": 21.514038075035238,
    "temperature_min": 16.988733586508882,
    "chroniqueTempExt": [
        13.49760604128311,
        12.54530281192453,
        11.447724969752535,
        12.628837911702611,
        14.258081160751164,
        13.040076384471188,
        13.593869948000554,
        12.928945317914346,
        13.935044650169692,
        12.435275925354107,
        15.71180023332683,
        13.315629563096634,
        12.589668754656712,
        13.138008526860315,
        13.241575818015423,
        16.357318238108494,
        17.063436415287395,
        13.69641909972271,
        15.7849792723234,
        16.47187020324664,
        17.79408764408809,
        18.172211460186805,
        17.97178565372937,
        19.525433659714533,
        18.751363921164902,
        19.633794523448074,
        19.499696801750652,
        18.782263845433857,
        19.853267401235385,
        20.040615395520675,
        18.683201124239528,
        18.357964288728024,
        19.528622151514377,
        19.262893167205466,
        17.71649603826361,
        19.42925162408368,
        20.380559792478273,
        19.8839569624452,
        17.525593073475147,
        16.330258953092184,
        17.84907108353728,
        16.849789556009462,
        15.713219746421716,
        14.37160496894568,
        14.506616663659452,
        13.072975510051151,
        15.393784554839389,
        11.052164944367155
    ],
    "electricity_cost": [
        0.2068,
        0.2068,
        0.2068,
        0.2068,
        0.2068,
        0.2068,
        0.2068,
        0.2068,
        0.2068,
        0.2068,
        0.2068,
        0.2068,
        0.2068,
        0.2068,
        0.2516,
        0.2516,
        0.2516,
        0.2516,
        0.2516,
        0.2516,
        0.2516,
        0.2516,
        0.2516,
        0.2516,
        0.2516,
        0.2516,
        0.2516,
        0.2516,
        0.2516,
        0.2516,
        0.2516,
        0.2516,
        0.2516,
        0.2516,
        0.2516,
        0.2516,
        0.2516,
        0.2516,
        0.2516,
        0.2516,
        0.2516,
        0.2516,
        0.2516,
        0.2516,
        0.2516,
        0.2516,
        0.2068,
        0.2068
    ]
}