{
    "name": "tcl234",
    "input_path": "tcl/input/tcl234",
    "output_path": "tcl/output/tcl234",
    "working_dir": "tcl/input/tcl234",
    "initial_temperature": 18.876392838435006,
    "coefDeltaTemp": 0.05625,
    "coefConso": 1.0,
    "puissanceMin": 0,
    "puissanceMax": 4,
    "temperature_max": 21.45332973858774,
    "temperature_min": 16.85728364521698,
    "chroniqueTempExt": [
        14.394632816783346,
        14.506722986980575,
        16.48415837957302,
        14.932553835693211,
        14.988476517162354,
        16.151845160875972,
        12.673649296980537,
        16.101439571986877,
        16.489616448572846,
        14.082269259725633,
        15.058304104926423,
        16.660869321913907,
        14.620261683437406,
        16.08752740527951,
        18.27246138833764,
        17.972484428496795,
        18.931585430910662,
        18.834312183257662,
        20.853087354520095,
        18.68551553839988,
        20.122260737062795,
        20.842560691968544,
        21.479459850692827,
        21.049523533503454,
        21.36726780935701,
        20.34602987281628,
        21.841882001500007,
        21.460206204088713,
        21.16808426593981,
        21.914316528997595,
        21.948793868511498,
        22.128172877013004,
        21.70804500459302,
        22.203433099685693,
        22.477576610191413,
        21.31329585301683,
        22.57457564011501,
        19.761462207077606,
        20.187374329847383,
        21.34812424188579,
        19.979457445127764,
        20.31650093908345,
        17.11114883067516,
        16.685362270412835,
        16.900891550445024,
        13.591087932059217,
        15.936685106728397,
        15.335396683611926
    ],
    "electricity_cost": [
        0.2068,
        0.2068,
        0.2068,
        0.2068,
        0.2068,
        0.2068,
        0.2068,
        0.2068,
        0.2068,
        0.2068,
        0.2068,
        0.2068,
        0.2068,
        0.2068,
        0.2516,
        0.2516,
        0.2516,
        0.2516,
        0.2516,
        0.2516,
        0.2516,
        0.2516,
        0.2516,
        0.2516,
        0.2516,
        0.2516,
        0.2516,
        0.2516,
        0.2516,
        0.2516,
        0.2516,
        0.2516,
        0.2516,
        0.2516,
        0.2516,
        0.2516,
        0.2516,
        0.2516,
        0.2516,
        0.2516,
        0.2516,
        0.2516,
        0.2516,
        0.2516,
        0.2516,
        0.2516,
        0.2068,
        0.2068
    ]
}