{
    "load": [
        0.0,
        0.0,
        0.0,
        0.46072601318358153,
        0.7874999999999943,
        0.84375,
        0.84375,
        0.84375,
        0.84375,
        0.84375,
        0.84375,
        0.84375,
        1.941138963276103,
        4.0,
        0.0,
        0.0,
        0.0,
        0.0,
        0.0,
        0.6749999999999972,
        0.6749999999999972,
        0.6187499999999986,
        0.6187499999999986,
        0.5625,
        0.5625,
        0.5062499999999943,
        0.5062499999999943,
        0.44999999999999574,
        0.44999999999999574,
        0.44999999999999574,
        0.44999999999999574,
        0.44999999999999574,
        0.44999999999999574,
        0.5062499999999943,
        0.5062499999999943,
        0.5625,
        4.0,
        2.552028848733727,
        0.0,
        0.0,
        4.0,
        4.0,
        0.0,
        0.0,
        0.0,
        0.0,
        0.0,
        0.0
    ],
    "cost": -105.43179303265887
}