{
    "load": [
        0.0,
        0.0,
        0.0,
        0.46072601318358153,
        0.7874999999999972,
        0.8437499999999971,
        0.8437499999999971,
        0.8437499999999971,
        0.8437499999999971,
        0.8437499999999971,
        0.8437499999999971,
        0.8437499999999971,
        1.94113896327611,
        4.0,
        0.0,
        0.0,
        0.0,
        0.0,
        0.0,
        0.6749999999999972,
        0.6749999999999972,
        0.6187499999999971,
        0.6187499999999971,
        0.5624999999999971,
        0.5624999999999971,
        0.5062499999999972,
        0.5062499999999972,
        0.4499999999999972,
        0.4499999999999972,
        0.4499999999999972,
        0.4499999999999972,
        0.4499999999999972,
        0.4499999999999972,
        0.5062499999999972,
        0.5062499999999972,
        0.5624999999999971,
        4.0,
        4.0,
        0.0,
        0.0,
        4.0,
        2.708181344294225,
        0.0,
        0.0,
        0.0,
        0.0,
        0.0,
        0.0
    ],
    "cost": -105.4317724962383
}