{
    "load": [
        0.0,
        0.0,
        0.0,
        0.46072601318358153,
        0.7874999999999972,
        0.8437499999999971,
        0.8437499999999971,
        0.8437499999999971,
        0.8437499999999971,
        0.8437499999999971,
        0.8437499999999971,
        0.8437499999999971,
        1.94113896327611,
        4.0,
        0.0,
        0.0,
        0.0,
        0.0,
        0.0,
        0.6749999999999972,
        0.6749999999999972,
        0.6187499999999971,
        0.6187499999999971,
        0.5624999999999971,
        0.5624999999999971,
        0.5062499999999972,
        0.5062499999999972,
        0.4499999999999972,
        0.4499999999999972,
        0.4499999999999972,
        0.4499999999999972,
        0.4499999999999972,
        0.4499999999999972,
        0.5062499999999972,
        0.5062499999999972,
        0.5624999999999971,
        4.0,
<<<<<<< HEAD
        4.0,
=======
        2.5520288487337197,
>>>>>>> a8811f9b250f9700914c36579bf6cc2f2c0fed0f
        0.0,
        0.0,
        4.0,
        4.0,
        0.0,
        0.0,
        0.0,
        0.0,
        0.0,
        0.0
    ],
<<<<<<< HEAD
    "cost": -105.43185053962276
=======
    "cost": -105.43187123552799
>>>>>>> a8811f9b250f9700914c36579bf6cc2f2c0fed0f
}