{
    "name": "tcl77",
    "input_path": "tcl/input/tcl77",
    "output_path": "tcl/output/tcl77",
    "working_dir": "tcl/input/tcl77",
    "initial_temperature": 17.88069944737017,
    "coefDeltaTemp": 0.05625,
    "coefConso": 1.0,
    "puissanceMin": 0,
    "puissanceMax": 4,
    "temperature_max": 20.211161008173107,
    "temperature_min": 15.84288902715862,
    "chroniqueTempExt": [
        16.145693625722952,
        15.681788472298871,
        16.992457952772675,
        16.494152853635875,
        17.095937326559145,
        14.932214009497384,
        15.994941181105624,
        14.583904694926993,
        15.369729705872786,
        15.94315620456007,
        15.542514159993798,
        15.524794728798305,
        14.61456947244996,
        15.58229337352486,
        17.12854753729273,
        16.678239268696995,
        18.89480348725297,
        21.18294596971846,
        19.806060455253213,
        19.250810125053306,
        19.21903853109295,
        19.621640926316978,
        19.886228791320214,
        21.172535810147302,
        21.365899375187148,
        20.159618436597302,
        21.528178273028058,
        22.088540828985092,
        21.99152798342875,
        24.538783307160354,
        21.511440409408277,
        22.767554455731315,
        22.034782927845985,
        23.576968322491368,
        22.045753234614768,
        23.535948756143842,
        21.73925261070533,
        21.955577161623758,
        22.102963621821026,
        20.9350612042846,
        18.76967413709532,
        18.1990247135785,
        17.39808376308312,
        18.34711707136531,
        16.747300038798436,
        13.976897017888586,
        15.952853630561886,
        17.58368719159838
    ],
    "electricity_cost": [
        0.2068,
        0.2068,
        0.2068,
        0.2068,
        0.2068,
        0.2068,
        0.2068,
        0.2068,
        0.2068,
        0.2068,
        0.2068,
        0.2068,
        0.2068,
        0.2068,
        0.2516,
        0.2516,
        0.2516,
        0.2516,
        0.2516,
        0.2516,
        0.2516,
        0.2516,
        0.2516,
        0.2516,
        0.2516,
        0.2516,
        0.2516,
        0.2516,
        0.2516,
        0.2516,
        0.2516,
        0.2516,
        0.2516,
        0.2516,
        0.2516,
        0.2516,
        0.2516,
        0.2516,
        0.2516,
        0.2516,
        0.2516,
        0.2516,
        0.2516,
        0.2516,
        0.2516,
        0.2516,
        0.2068,
        0.2068
    ]
}