{
    "name": "tcl4",
    "input_path": "tcl/input/tcl4",
    "output_path": "tcl/output/tcl4",
    "working_dir": "tcl/input/tcl4",
    "initial_temperature": 18.30961722652952,
    "coefDeltaTemp": 0.05625,
    "coefConso": 1,
    "puissanceMin": 0,
    "puissanceMax": 4,
    "temperature_max": 21.24476177991217,
    "temperature_min": 16.289275101245902,
    "chroniqueTempExt": [
        10.441853711403896,
        10.079003299325027,
        10.921960903873842,
        10.029625280533214,
        9.752652548291906,
        11.95294043334123,
        8.36317416430823,
        10.192538172699113,
        9.186215017347827,
        8.871435423208153,
        9.213623284296473,
        10.419532448527637,
        10.820617998998317,
        10.421874671595726,
        10.30901500334011,
        9.945287541265408,
        13.963113225636798,
        12.150120438492705,
        13.675252091252087,
        11.962246079925936,
        13.613508362225971,
        14.04885672050819,
        15.979733385836537,
        16.038205053841825,
        16.783374630614667,
        17.454534166036687,
        16.610713942120622,
        15.541095503309219,
        16.79077205033681,
        15.52842960831307,
        14.701828827390113,
        15.722983041557004,
        16.815308534193477,
        16.573052538637935,
        14.987439580366825,
        15.923595066711469,
        15.960589819634215,
        17.278406643186074,
        15.667779097360137,
        14.684535435525543,
        13.59582741795253,
        12.01860519572196,
        12.19260578322256,
        13.008628685952443,
        11.91862056711663,
        11.242540488450109,
        8.016785741099447,
        11.663503389308655
    ],
    "electricity_cost": [
        0.2068,
        0.2068,
        0.2068,
        0.2068,
        0.2068,
        0.2068,
        0.2068,
        0.2068,
        0.2068,
        0.2068,
        0.2068,
        0.2068,
        0.2068,
        0.2068,
        0.2516,
        0.2516,
        0.2516,
        0.2516,
        0.2516,
        0.2516,
        0.2516,
        0.2516,
        0.2516,
        0.2516,
        0.2516,
        0.2516,
        0.2516,
        0.2516,
        0.2516,
        0.2516,
        0.2516,
        0.2516,
        0.2516,
        0.2516,
        0.2516,
        0.2516,
        0.2516,
        0.2516,
        0.2516,
        0.2516,
        0.2516,
        0.2516,
        0.2516,
        0.2516,
        0.2516,
        0.2516,
        0.2068,
        0.2068
    ]
}