{
    "name": "tcl4",
    "input_path": "tcl/input/tcl4",
    "output_path": "tcl/output/tcl4",
    "working_dir": "tcl/input/tcl4",
    "initial_temperature": 17.348983330460378,
    "coefDeltaTemp": 0.05625,
    "coefConso": 1,
    "puissanceMin": 0,
    "puissanceMax": 4,
    "temperature_max": 20.481278725774267,
    "temperature_min": 16.669260673579775,
    "chroniqueTempExt": [
        10.577401732801436,
        13.245989044289841,
        13.579781113898807,
        14.26131168788988,
        12.443749334743778,
        11.511746309153688,
        11.270372978668153,
        10.199547928245446,
        12.352224802144411,
        11.936467246889839,
        10.968139689755102,
        10.178618231660137,
        10.51248158480548,
        12.305596856239534,
        11.873394412218227,
        14.870001412628412,
        14.055476606090968,
        15.243015879250954,
        15.633308252069,
        16.345108096714423,
        17.620518738388945,
        17.163906244836813,
        17.59402301375067,
        19.398638231577593,
        18.845432328494148,
        20.14547309144729,
        18.573164614013653,
        19.399696050989878,
        19.19585467416864,
        19.638860049986235,
        18.547817508015118,
        19.547346223579723,
        20.163538860260893,
        20.8197323093017,
        20.962049432755936,
        19.033119480165613,
        18.192720013669586,
        17.840652214704722,
        17.305600236075783,
        18.80892563870226,
        15.550926103670049,
        15.752640691893872,
        15.064996835963344,
        15.533110823393264,
        12.171456335460023,
        13.588004237523267,
        11.573549820688315,
        13.674641474908935
    ],
    "electricity_cost": [
        0.2068,
        0.2068,
        0.2068,
        0.2068,
        0.2068,
        0.2068,
        0.2068,
        0.2068,
        0.2068,
        0.2068,
        0.2068,
        0.2068,
        0.2068,
        0.2068,
        0.2516,
        0.2516,
        0.2516,
        0.2516,
        0.2516,
        0.2516,
        0.2516,
        0.2516,
        0.2516,
        0.2516,
        0.2516,
        0.2516,
        0.2516,
        0.2516,
        0.2516,
        0.2516,
        0.2516,
        0.2516,
        0.2516,
        0.2516,
        0.2516,
        0.2516,
        0.2516,
        0.2516,
        0.2516,
        0.2516,
        0.2516,
        0.2516,
        0.2516,
        0.2516,
        0.2516,
        0.2516,
        0.2068,
        0.2068
    ]
}