{
    "name": "tcl4",
    "input_path": "tcl/input/tcl4",
    "output_path": "tcl/output/tcl4",
    "working_dir": "tcl/input/tcl4",
    "initial_temperature": 19.293810956193745,
    "coefDeltaTemp": 0.05625,
    "coefConso": 1,
    "puissanceMin": 0,
    "puissanceMax": 4,
    "temperature_max": 20.805713283139944,
    "temperature_min": 16.51532649569508,
    "chroniqueTempExt": [
        7.1522041945600305,
        8.038014781386726,
        6.980268504599909,
        6.8105913408775205,
        9.37031879904729,
        5.857494154396646,
        7.4904065604836285,
        7.259385151250836,
        8.51247091089052,
        7.174047877436945,
        8.717167924644029,
        8.583831576628308,
        8.361595540265835,
        8.091386511812706,
        9.509996090164021,
        10.399656216616412,
        9.890278264548416,
        11.456731108563464,
        11.102962408208336,
        10.573403554920414,
        12.61149420534812,
        13.776544843057886,
        12.075776178808031,
        12.882719012619873,
        13.848182855499108,
        15.322845477573974,
        15.254757856139632,
        13.784484739937486,
        15.387155336058552,
        14.422134938061502,
        14.033497011230617,
        14.990721480491995,
        15.89559608336788,
        12.35905518507363,
        13.654912516079891,
        14.74988844045041,
        13.554541206763368,
        11.293633523027129,
        12.237122652171323,
        12.648880956757274,
        12.149240720111862,
        11.055898372776563,
        9.430770276847039,
        10.579258464729378,
        8.608198741855599,
        8.77090673562959,
        8.45850877990521,
        8.051130828031619
    ],
    "electricity_cost": [
        0.2068,
        0.2068,
        0.2068,
        0.2068,
        0.2068,
        0.2068,
        0.2068,
        0.2068,
        0.2068,
        0.2068,
        0.2068,
        0.2068,
        0.2068,
        0.2068,
        0.2516,
        0.2516,
        0.2516,
        0.2516,
        0.2516,
        0.2516,
        0.2516,
        0.2516,
        0.2516,
        0.2516,
        0.2516,
        0.2516,
        0.2516,
        0.2516,
        0.2516,
        0.2516,
        0.2516,
        0.2516,
        0.2516,
        0.2516,
        0.2516,
        0.2516,
        0.2516,
        0.2516,
        0.2516,
        0.2516,
        0.2516,
        0.2516,
        0.2516,
        0.2516,
        0.2516,
        0.2516,
        0.2068,
        0.2068
    ]
}