{
    "name": "tcl18",
    "input_path": "tcl/input/tcl18",
    "output_path": "tcl/output/tcl18",
    "working_dir": "tcl/input/tcl18",
    "initial_temperature": 18.99585659847674,
    "coefDeltaTemp": 0.05625,
    "coefConso": 1.0,
    "puissanceMin": 0,
    "puissanceMax": 4,
    "temperature_max": 21.943634744052666,
    "temperature_min": 16.062356297732144,
    "chroniqueTempExt": [
        11.951413126128907,
        12.215841074731552,
        10.035568093975858,
        10.230630349566352,
        14.007731800938146,
        11.755190280839399,
        11.183997338201152,
        11.178463885911876,
        10.791847441175442,
        11.89744941504484,
        11.497707988951362,
        11.565103485508454,
        10.115497416021263,
        12.892005837247876,
        12.925604880803142,
        13.679426505004637,
        15.186953780091473,
        16.300992248980428,
        15.658056100224565,
        15.918071923134086,
        16.088266469811696,
        18.867778318175237,
        19.010587454028045,
        17.675909878176714,
        17.940964341429595,
        17.237148516325995,
        19.483978096555436,
        19.946869600999985,
        20.165004883271827,
        18.551866756757786,
        19.69915338907702,
        20.08368952206173,
        17.920256259848323,
        17.527220509253368,
        18.34317805293665,
        20.482260262301605,
        18.49028878583361,
        18.99153469171066,
        17.694149442724513,
        18.321003735005405,
        15.388776114060335,
        15.9905498177138,
        15.5455956094174,
        15.804612916225084,
        13.151109734412643,
        13.700572117199858,
        12.268126184243632,
        12.775084624428988
    ],
    "electricity_cost": [
        0.2068,
        0.2068,
        0.2068,
        0.2068,
        0.2068,
        0.2068,
        0.2068,
        0.2068,
        0.2068,
        0.2068,
        0.2068,
        0.2068,
        0.2068,
        0.2068,
        0.2516,
        0.2516,
        0.2516,
        0.2516,
        0.2516,
        0.2516,
        0.2516,
        0.2516,
        0.2516,
        0.2516,
        0.2516,
        0.2516,
        0.2516,
        0.2516,
        0.2516,
        0.2516,
        0.2516,
        0.2516,
        0.2516,
        0.2516,
        0.2516,
        0.2516,
        0.2516,
        0.2516,
        0.2516,
        0.2516,
        0.2516,
        0.2516,
        0.2516,
        0.2516,
        0.2516,
        0.2516,
        0.2068,
        0.2068
    ]
}