{
    "name": "tcl158",
    "input_path": "tcl/input/tcl158",
    "output_path": "tcl/output/tcl158",
    "working_dir": "tcl/input/tcl158",
    "initial_temperature": 19.020783637896425,
    "coefDeltaTemp": 0.05625,
    "coefConso": 1.0,
    "puissanceMin": 0,
    "puissanceMax": 4,
    "temperature_max": 20.945670312413508,
    "temperature_min": 15.973759662017425,
    "chroniqueTempExt": [
        3.0570496720394544,
        4.547398843198379,
        5.595228179336579,
        4.635730457808865,
        4.489564447798584,
        3.344938244749933,
        1.9518737671859818,
        3.469381746514898,
        5.660502223015423,
        4.0566145396532365,
        3.591305221479,
        3.8935035794642556,
        2.982152875118933,
        5.105233944190899,
        5.668132274964295,
        6.399009893912688,
        4.845004117546519,
        6.8643319517656085,
        6.142251330704885,
        6.961986916032426,
        7.659092291889582,
        8.251545630533283,
        9.386800666506865,
        9.659091056424764,
        8.671292845382851,
        8.80693722199946,
        10.885137172349914,
        7.960808730915165,
        8.708364977329007,
        8.083442155833403,
        9.414300739103226,
        8.998102025144908,
        9.330538754570782,
        9.12943124295076,
        9.254651073959186,
        8.429684830885419,
        9.067512403167287,
        7.484970008344005,
        8.311582305884595,
        8.82202445374121,
        7.239931686176907,
        6.953230897228507,
        6.871581863342993,
        6.30053898471006,
        5.592213134517672,
        6.181955489936864,
        6.787804656847008,
        4.870652952746653
    ],
    "electricity_cost": [
        0.2068,
        0.2068,
        0.2068,
        0.2068,
        0.2068,
        0.2068,
        0.2068,
        0.2068,
        0.2068,
        0.2068,
        0.2068,
        0.2068,
        0.2068,
        0.2068,
        0.2516,
        0.2516,
        0.2516,
        0.2516,
        0.2516,
        0.2516,
        0.2516,
        0.2516,
        0.2516,
        0.2516,
        0.2516,
        0.2516,
        0.2516,
        0.2516,
        0.2516,
        0.2516,
        0.2516,
        0.2516,
        0.2516,
        0.2516,
        0.2516,
        0.2516,
        0.2516,
        0.2516,
        0.2516,
        0.2516,
        0.2516,
        0.2516,
        0.2516,
        0.2516,
        0.2516,
        0.2516,
        0.2068,
        0.2068
    ]
}