{
    "name": "tcl72",
    "input_path": "tcl/input/tcl72",
    "output_path": "tcl/output/tcl72",
    "working_dir": "tcl/input/tcl72",
    "initial_temperature": 18.717214208368144,
    "coefDeltaTemp": 0.05625,
    "coefConso": 1.0,
    "puissanceMin": 0,
    "puissanceMax": 4,
    "temperature_max": 20.277340388770227,
    "temperature_min": 15.004901832473418,
    "chroniqueTempExt": [
        5.115070223374272,
        5.1618115766752775,
        5.051876773912174,
        5.962302201780811,
        5.6975822475762445,
        5.986448394620213,
        6.878201543321579,
        5.980799377070677,
        7.2060336142086046,
        6.112981161336679,
        6.174307551102049,
        6.89489504372658,
        5.829197971766013,
        7.154406516896389,
        7.568272960024961,
        6.632638560788861,
        9.615696827810503,
        8.116572544340558,
        8.91892297396308,
        8.22792831306698,
        8.926714486631736,
        8.521467604340398,
        11.372026611919928,
        12.795714656684702,
        11.5131147768423,
        11.90528125143039,
        12.730198820364091,
        11.518978250146798,
        10.0949717461698,
        11.647003945604357,
        11.013188312745072,
        11.970791910079626,
        11.919822401780177,
        14.309633656027932,
        12.60688192930503,
        12.751633166952853,
        11.796402391195816,
        11.762287730867598,
        11.169370004041118,
        10.29573849937977,
        9.281011381179312,
        9.748074123709786,
        8.196332849152563,
        8.850991330443035,
        7.262222423438151,
        5.499744476304053,
        7.461692549687809,
        7.362437011358989
    ],
    "electricity_cost": [
        0.2068,
        0.2068,
        0.2068,
        0.2068,
        0.2068,
        0.2068,
        0.2068,
        0.2068,
        0.2068,
        0.2068,
        0.2068,
        0.2068,
        0.2068,
        0.2068,
        0.2516,
        0.2516,
        0.2516,
        0.2516,
        0.2516,
        0.2516,
        0.2516,
        0.2516,
        0.2516,
        0.2516,
        0.2516,
        0.2516,
        0.2516,
        0.2516,
        0.2516,
        0.2516,
        0.2516,
        0.2516,
        0.2516,
        0.2516,
        0.2516,
        0.2516,
        0.2516,
        0.2516,
        0.2516,
        0.2516,
        0.2516,
        0.2516,
        0.2516,
        0.2516,
        0.2516,
        0.2516,
        0.2068,
        0.2068
    ]
}