{
    "name": "tcl7",
    "input_path": "tcl/input/tcl7",
    "output_path": "tcl/output/tcl7",
    "working_dir": "tcl/input/tcl7",
    "initial_temperature": 18.772863143426154,
    "coefDeltaTemp": 0.05625,
    "coefConso": 1,
    "puissanceMin": 0,
    "puissanceMax": 4,
    "temperature_max": 20.261492081683077,
    "temperature_min": 15.736620563338853,
    "chroniqueTempExt": [
        9.813097142600274,
        12.617397502734763,
        9.822125590727957,
        9.05782059612712,
        10.132332321613903,
        9.11623210153866,
        10.103917952535939,
        10.115454612304728,
        10.001787345510419,
        9.70015435277419,
        10.553570287399264,
        10.966565112566355,
        10.958728508766795,
        11.634650806100435,
        10.305006864656914,
        11.353349063737198,
        11.6608592023374,
        12.36591160575157,
        12.438120396091838,
        12.793099902031987,
        12.885906715723646,
        15.564366165982078,
        12.985407851108999,
        15.661451528650266,
        15.461803710891433,
        16.42616181189578,
        15.142533369298347,
        15.57511808522789,
        15.205918637719964,
        15.569305225915487,
        16.298437419232087,
        14.861985639043342,
        16.421282281534506,
        16.122716382196543,
        15.658711484014354,
        13.98123176948878,
        15.04678607567408,
        14.650115117429293,
        14.027428004896992,
        13.401934032338726,
        14.621355615125434,
        13.022575252250888,
        13.174224870605034,
        10.118887107468824,
        11.100051382394545,
        11.796763915410832,
        10.168325377782013,
        9.499557252469337
    ],
    "electricity_cost": [
        0.2068,
        0.2068,
        0.2068,
        0.2068,
        0.2068,
        0.2068,
        0.2068,
        0.2068,
        0.2068,
        0.2068,
        0.2068,
        0.2068,
        0.2068,
        0.2068,
        0.2516,
        0.2516,
        0.2516,
        0.2516,
        0.2516,
        0.2516,
        0.2516,
        0.2516,
        0.2516,
        0.2516,
        0.2516,
        0.2516,
        0.2516,
        0.2516,
        0.2516,
        0.2516,
        0.2516,
        0.2516,
        0.2516,
        0.2516,
        0.2516,
        0.2516,
        0.2516,
        0.2516,
        0.2516,
        0.2516,
        0.2516,
        0.2516,
        0.2516,
        0.2516,
        0.2516,
        0.2516,
        0.2068,
        0.2068
    ]
}