{
    "name": "tcl208",
    "input_path": "tcl/input/tcl208",
    "output_path": "tcl/output/tcl208",
    "working_dir": "tcl/input/tcl208",
    "initial_temperature": 18.29852492880589,
    "coefDeltaTemp": 0.05625,
    "coefConso": 1.0,
    "puissanceMin": 0,
    "puissanceMax": 4,
    "temperature_max": 21.72257003242289,
    "temperature_min": 16.19309934882657,
    "chroniqueTempExt": [
        5.444754892588584,
        4.604521681338046,
        5.459780126359134,
        4.974010970659241,
        5.953051093324387,
        6.450600729157045,
        5.752706458862654,
        5.404356739221351,
        7.005246415069868,
        5.10514557376029,
        5.9028177453496795,
        5.958963261353775,
        7.173366334455311,
        5.584557770405063,
        6.803346415069234,
        8.654945504768204,
        8.121806884525288,
        10.712835530083115,
        10.581989622889598,
        9.362202631516364,
        9.529717619907574,
        12.665063831058177,
        11.59032696304986,
        13.688932008112477,
        10.428019017252764,
        12.14718952723336,
        11.585194899060676,
        11.495613448187433,
        13.147778024893555,
        11.902811295528343,
        12.093182945949296,
        12.27733694883439,
        11.401042159273585,
        11.766161943326718,
        12.445932821511192,
        12.366403767678241,
        12.540442299568985,
        9.981847057505789,
        12.622997561245464,
        11.379864594192172,
        10.179105138676073,
        9.71243758851195,
        10.622699697563165,
        7.70108086553879,
        9.102365799697292,
        8.159300427080343,
        7.1420431441146155,
        6.045102817755023
    ],
    "electricity_cost": [
        0.2068,
        0.2068,
        0.2068,
        0.2068,
        0.2068,
        0.2068,
        0.2068,
        0.2068,
        0.2068,
        0.2068,
        0.2068,
        0.2068,
        0.2068,
        0.2068,
        0.2516,
        0.2516,
        0.2516,
        0.2516,
        0.2516,
        0.2516,
        0.2516,
        0.2516,
        0.2516,
        0.2516,
        0.2516,
        0.2516,
        0.2516,
        0.2516,
        0.2516,
        0.2516,
        0.2516,
        0.2516,
        0.2516,
        0.2516,
        0.2516,
        0.2516,
        0.2516,
        0.2516,
        0.2516,
        0.2516,
        0.2516,
        0.2516,
        0.2516,
        0.2516,
        0.2516,
        0.2516,
        0.2068,
        0.2068
    ]
}