{
    "name": "tcl13",
    "input_path": "tcl/input/tcl13",
    "output_path": "tcl/output/tcl13",
    "working_dir": "tcl/input/tcl13",
    "initial_temperature": 19.455733631993755,
    "coefDeltaTemp": 0.05625,
    "coefConso": 1,
    "puissanceMin": 0,
    "puissanceMax": 4,
    "temperature_max": 21.896945437840856,
    "temperature_min": 15.770662487010608,
    "chroniqueTempExt": [
        14.637192086870682,
        14.937918392800514,
        13.822798890451853,
        15.467233264877882,
        15.51199747589697,
        14.733420164897572,
        13.71031088558363,
        13.262021204514612,
        14.038156925840136,
        14.318130522798164,
        14.473701799534433,
        14.551844567444048,
        14.465376949283291,
        16.448027969034122,
        14.227844275120852,
        16.666503448007017,
        17.27591036112918,
        17.850621514278266,
        19.358019568259824,
        16.860084122598447,
        19.00772233156561,
        20.7268356644097,
        20.010412803347503,
        21.5773285922038,
        21.344387151031984,
        22.46282691861683,
        23.042517278782938,
        23.040990200633207,
        22.856347348180762,
        23.320482136151696,
        21.399306518944037,
        23.4873854323074,
        22.00857327207034,
        21.998590979155594,
        21.10767469327552,
        22.979680788575802,
        21.07875556000232,
        19.97848943122496,
        21.570574063060945,
        19.544399147329912,
        21.540405073477274,
        20.434250843311816,
        17.720331180561544,
        16.369732561410753,
        17.477136589595656,
        14.273326615223475,
        14.939826205707758,
        15.639847552833082
    ],
    "electricity_cost": [
        0.2068,
        0.2068,
        0.2068,
        0.2068,
        0.2068,
        0.2068,
        0.2068,
        0.2068,
        0.2068,
        0.2068,
        0.2068,
        0.2068,
        0.2068,
        0.2068,
        0.2516,
        0.2516,
        0.2516,
        0.2516,
        0.2516,
        0.2516,
        0.2516,
        0.2516,
        0.2516,
        0.2516,
        0.2516,
        0.2516,
        0.2516,
        0.2516,
        0.2516,
        0.2516,
        0.2516,
        0.2516,
        0.2516,
        0.2516,
        0.2516,
        0.2516,
        0.2516,
        0.2516,
        0.2516,
        0.2516,
        0.2516,
        0.2516,
        0.2516,
        0.2516,
        0.2516,
        0.2516,
        0.2068,
        0.2068
    ]
}