{
    "name": "tcl41",
    "input_path": "tcl/input/tcl41",
    "output_path": "tcl/output/tcl41",
    "working_dir": "tcl/input/tcl41",
    "initial_temperature": 18.77440704518089,
    "coefDeltaTemp": 0.05625,
    "coefConso": 1.0,
    "puissanceMin": 0,
    "puissanceMax": 4,
    "temperature_max": 20.448089295413855,
    "temperature_min": 15.957034175336592,
    "chroniqueTempExt": [
        5.607890756557646,
        5.788716080030827,
        5.241409238191167,
        2.8632564221742083,
        4.326724055839813,
        3.2052722448744664,
        4.921041735014518,
        3.8743647271784476,
        2.6168661913213107,
        5.936389290666568,
        6.476661744514573,
        2.907395924851314,
        1.7773742931872576,
        5.2512516163880205,
        6.706695652659311,
        4.8618899585638005,
        5.440275502034511,
        3.774415442206553,
        4.937078706937097,
        7.3985674412404085,
        9.16244503200127,
        7.005321852247626,
        9.655317461929377,
        8.676141171271817,
        9.505081595746388,
        8.02855752255628,
        9.621229225888698,
        8.648274163196435,
        9.737901457474473,
        8.957402914887803,
        8.610094578504395,
        8.067360498303735,
        8.814493960189719,
        8.127427256401882,
        7.886655459576393,
        8.818915785723638,
        8.846462272454561,
        10.279692160939671,
        8.15784321289685,
        7.211142156149546,
        8.205690887899156,
        4.4342171394725955,
        5.040036890091891,
        4.738356692192251,
        5.655140369949856,
        5.942997143872528,
        4.214835382677004,
        4.558874493145827
    ],
    "electricity_cost": [
        0.2068,
        0.2068,
        0.2068,
        0.2068,
        0.2068,
        0.2068,
        0.2068,
        0.2068,
        0.2068,
        0.2068,
        0.2068,
        0.2068,
        0.2068,
        0.2068,
        0.2516,
        0.2516,
        0.2516,
        0.2516,
        0.2516,
        0.2516,
        0.2516,
        0.2516,
        0.2516,
        0.2516,
        0.2516,
        0.2516,
        0.2516,
        0.2516,
        0.2516,
        0.2516,
        0.2516,
        0.2516,
        0.2516,
        0.2516,
        0.2516,
        0.2516,
        0.2516,
        0.2516,
        0.2516,
        0.2516,
        0.2516,
        0.2516,
        0.2516,
        0.2516,
        0.2516,
        0.2516,
        0.2068,
        0.2068
    ]
}