{
    "name": "tcl14",
    "input_path": "tcl/input/tcl14",
    "output_path": "tcl/output/tcl14",
    "working_dir": "tcl/input/tcl14",
    "initial_temperature": 18.607331713816343,
    "coefDeltaTemp": 0.05625,
    "coefConso": 1.0,
    "puissanceMin": 0,
    "puissanceMax": 4,
    "temperature_max": 20.734367969953027,
    "temperature_min": 15.051160287864683,
    "chroniqueTempExt": [
        1.9363297194489342,
        2.7072077813997626,
        3.0222443545770346,
        2.3319580595633878,
        2.9934206756311736,
        4.649868979677268,
        4.069622089531325,
        2.5617942128130595,
        2.023750101433201,
        3.2714357133100984,
        2.848632573677782,
        2.1479803765679324,
        0.9162146136469875,
        2.6283958566797554,
        4.223428378742758,
        3.384486885144101,
        5.1955566235387,
        6.905256444516808,
        6.366260790824458,
        7.338796430970812,
        5.8574803427265305,
        10.321416586394326,
        7.559244127535676,
        8.032813962433346,
        8.152864029386768,
        9.823757502493175,
        8.16228790948021,
        8.188336995644185,
        8.273254481398396,
        9.242443030895911,
        10.035431909827802,
        8.09969166482004,
        10.765503280838676,
        11.578229084002217,
        9.606805745565385,
        9.49458117094032,
        8.3848764180841,
        10.334136467926335,
        9.526593177378137,
        7.978330595083982,
        8.205565950114845,
        5.1958464213360305,
        6.890842666785648,
        5.769606112278399,
        4.148573811647308,
        3.7108095834594046,
        3.3693509262763075,
        2.023011608454811
    ],
    "electricity_cost": [
        0.2068,
        0.2068,
        0.2068,
        0.2068,
        0.2068,
        0.2068,
        0.2068,
        0.2068,
        0.2068,
        0.2068,
        0.2068,
        0.2068,
        0.2068,
        0.2068,
        0.2516,
        0.2516,
        0.2516,
        0.2516,
        0.2516,
        0.2516,
        0.2516,
        0.2516,
        0.2516,
        0.2516,
        0.2516,
        0.2516,
        0.2516,
        0.2516,
        0.2516,
        0.2516,
        0.2516,
        0.2516,
        0.2516,
        0.2516,
        0.2516,
        0.2516,
        0.2516,
        0.2516,
        0.2516,
        0.2516,
        0.2516,
        0.2516,
        0.2516,
        0.2516,
        0.2516,
        0.2516,
        0.2068,
        0.2068
    ]
}