{
    "load": [
        0.0,
        0.0,
        0.0,
        0.14817079418926227,
        0.8251284570294461,
        0.9251460401703662,
        0.8868742404836462,
        0.9111125864050862,
        0.9311489991789261,
        0.8459162462048462,
        0.8587246463136462,
        0.7525491656750461,
        1.9856170088194176,
        4.0,
        0.0,
        0.0,
        0.0,
        0.0,
        0.0,
        0.6546572677172462,
        0.6996609615692462,
        0.7453593163786462,
        0.6352327814572462,
        0.6066093392072461,
        0.6538820166012462,
        0.6288748066952461,
        0.6042765510752461,
        0.7151603293552462,
        0.5161770915332462,
        0.5967156742312462,
        0.6711997256992461,
        0.5722822209972462,
        0.5974273497172462,
        0.5779972163252461,
        0.6772460589412461,
        0.6400296979692461,
        4.0,
        1.5533343629662753,
        0.0,
        0.0,
        4.0,
        4.0,
        0.0,
        0.0,
        0.0,
        0.0,
        0.0,
        0.0
    ],
    "cost": -98.26416698079416
}