{
    "load": [
        0.0,
        0.0,
        0.0,
        0.14817079418926227,
        0.825128457029443,
        0.9251460401703682,
        0.8868742404836496,
        0.9111125864050891,
        0.931148999178923,
        0.845916246204844,
        0.8587246463136466,
        0.7525491656750489,
        1.9856170088194318,
        4.0,
        0.0,
        0.0,
        0.0,
        0.0,
        0.0,
        0.6546572677172477,
        0.6996609615692435,
        0.7453593163786465,
        0.6352327814572476,
        0.606609339207246,
        0.6538820166012442,
        0.6288748066952436,
        0.6042765510752446,
        0.7151603293552427,
        0.516177091533244,
        0.5967156742312483,
        0.6711997256992461,
        0.5722822209972449,
        0.5974273497172433,
        0.5779972163252438,
        0.6772460589412432,
        0.640029697969247,
        4.0,
        1.5533343629662895,
        0.0,
        0.0,
        4.0,
        4.0,
        0.0,
        0.0,
        0.0,
        0.0,
        0.0,
        0.0
    ],
    "cost": -98.26405658700622
}