{
    "name": "tcl120",
    "input_path": "tcl/input/tcl120",
    "output_path": "tcl/output/tcl120",
    "working_dir": "tcl/input/tcl120",
    "initial_temperature": 17.521922564217626,
    "coefDeltaTemp": 0.05625,
    "coefConso": 1.0,
    "puissanceMin": 0,
    "puissanceMax": 4,
    "temperature_max": 21.270245904487993,
    "temperature_min": 16.681595760398025,
    "chroniqueTempExt": [
        2.154748564341113,
        -0.6050085870610409,
        1.2651687499020408,
        -0.11905362959396282,
        2.363103350912928,
        0.6727656438148393,
        2.077516358362276,
        -0.07869681900679981,
        0.3866360841184323,
        1.4372145530491203,
        1.0020176976531794,
        0.21469473658301141,
        2.0573300758791397,
        -0.4914354781334014,
        1.6263911176229882,
        1.0491889093759532,
        2.092600171075488,
        3.336937708797409,
        2.733729268995054,
        4.184379582973388,
        4.61898181536994,
        5.293293888862611,
        3.081408330434574,
        4.011869018601927,
        5.282635164442217,
        9.546265610802621,
        5.677652874811561,
        6.061453954245453,
        4.077986340615988,
        6.017536854155891,
        7.736890920663029,
        5.709405567828352,
        3.9677120512738426,
        7.944903484165296,
        8.004323712441243,
        6.599302190453301,
        6.863784992966107,
        5.079507251652907,
        6.352810902719968,
        5.044076465358482,
        4.393319819224725,
        4.952060733829214,
        3.4008293199111055,
        2.2553111742925482,
        2.3949964920571776,
        0.966499252902955,
        1.0645042218164487,
        1.9912206383966273
    ],
    "electricity_cost": [
        0.2068,
        0.2068,
        0.2068,
        0.2068,
        0.2068,
        0.2068,
        0.2068,
        0.2068,
        0.2068,
        0.2068,
        0.2068,
        0.2068,
        0.2068,
        0.2068,
        0.2516,
        0.2516,
        0.2516,
        0.2516,
        0.2516,
        0.2516,
        0.2516,
        0.2516,
        0.2516,
        0.2516,
        0.2516,
        0.2516,
        0.2516,
        0.2516,
        0.2516,
        0.2516,
        0.2516,
        0.2516,
        0.2516,
        0.2516,
        0.2516,
        0.2516,
        0.2516,
        0.2516,
        0.2516,
        0.2516,
        0.2516,
        0.2516,
        0.2516,
        0.2516,
        0.2516,
        0.2516,
        0.2068,
        0.2068
    ]
}