{
    "name": "tcl103",
    "input_path": "tcl/input/tcl103",
    "output_path": "tcl/output/tcl103",
    "working_dir": "tcl/input/tcl103",
    "initial_temperature": 18.871429233708735,
    "coefDeltaTemp": 0.05625,
    "coefConso": 1.0,
    "puissanceMin": 0,
    "puissanceMax": 4,
    "temperature_max": 20.546987107972672,
    "temperature_min": 15.004685972868629,
    "chroniqueTempExt": [
        7.127227789060309,
        8.150328488577145,
        9.630071200629164,
        6.200794176351803,
        9.467782698484115,
        6.709902937766641,
        6.859184949232711,
        9.045043203832135,
        8.98015270153601,
        9.275035756912722,
        6.62225490605529,
        8.230467204371898,
        8.932559056589135,
        7.707880095936494,
        9.639818797460306,
        10.270651957583569,
        9.73353185993771,
        10.359484948525573,
        11.826484556586642,
        11.568854013077255,
        13.24678824384033,
        11.68740332971934,
        12.527807908720987,
        14.925174663362201,
        13.078606418415271,
        13.584637891898492,
        14.497814429628706,
        13.853271974088642,
        13.68719597523953,
        12.960182830859317,
        14.240643414910467,
        13.623904626463965,
        13.884371378301688,
        13.888529054698552,
        11.780730407559087,
        15.303579473234233,
        13.421033130513477,
        12.788699236097928,
        12.999124326329643,
        12.092605621608268,
        11.75656785470927,
        11.797983438797633,
        11.238899717313412,
        9.568221293293451,
        9.776545314724853,
        10.004083984535171,
        9.00274153709524,
        8.828081548850934
    ],
    "electricity_cost": [
        0.2068,
        0.2068,
        0.2068,
        0.2068,
        0.2068,
        0.2068,
        0.2068,
        0.2068,
        0.2068,
        0.2068,
        0.2068,
        0.2068,
        0.2068,
        0.2068,
        0.2516,
        0.2516,
        0.2516,
        0.2516,
        0.2516,
        0.2516,
        0.2516,
        0.2516,
        0.2516,
        0.2516,
        0.2516,
        0.2516,
        0.2516,
        0.2516,
        0.2516,
        0.2516,
        0.2516,
        0.2516,
        0.2516,
        0.2516,
        0.2516,
        0.2516,
        0.2516,
        0.2516,
        0.2516,
        0.2516,
        0.2516,
        0.2516,
        0.2516,
        0.2516,
        0.2516,
        0.2516,
        0.2068,
        0.2068
    ]
}