{
    "name": "tcl75",
    "input_path": "tcl/input/tcl75",
    "output_path": "tcl/output/tcl75",
    "working_dir": "tcl/input/tcl75",
    "initial_temperature": 18.38622001143197,
    "coefDeltaTemp": 0.05625,
    "coefConso": 1.0,
    "puissanceMin": 0,
    "puissanceMax": 4,
    "temperature_max": 21.225072713366842,
    "temperature_min": 15.05062850960063,
    "chroniqueTempExt": [
        0.06940571164473686,
        1.321804542632737,
        1.030261397432187,
        1.411463913492783,
        -1.7351571059169473,
        -0.6623192845074433,
        -0.7134911374115571,
        0.661195878890966,
        0.8514810879075757,
        0.13280443873962977,
        2.3550069180269526,
        0.5880153023604764,
        0.9190531008961932,
        -0.021058560148973893,
        1.1437983263210414,
        3.8334907595449286,
        1.9152232489788208,
        1.6540694890674148,
        4.918829318780848,
        1.9822727265571665,
        6.246726994116423,
        4.554137242102323,
        7.669082521064773,
        6.750523695273205,
        6.1368603651944875,
        6.039257854892134,
        5.306361438133542,
        6.017911850280699,
        5.286225088021631,
        4.601183598641844,
        5.915900069382353,
        6.8669518487061625,
        6.103745439033265,
        4.616373718779233,
        4.532224926545986,
        7.753403569936845,
        7.0759631727881,
        5.00281460961255,
        5.331817010572416,
        4.890920244793358,
        4.64666387907783,
        2.7132665334298673,
        3.1561578332956954,
        2.8607509929988617,
        2.2852428121104973,
        3.780157343799366,
        0.04443541105376503,
        0.23912475284552503
    ],
    "electricity_cost": [
        0.2068,
        0.2068,
        0.2068,
        0.2068,
        0.2068,
        0.2068,
        0.2068,
        0.2068,
        0.2068,
        0.2068,
        0.2068,
        0.2068,
        0.2068,
        0.2068,
        0.2516,
        0.2516,
        0.2516,
        0.2516,
        0.2516,
        0.2516,
        0.2516,
        0.2516,
        0.2516,
        0.2516,
        0.2516,
        0.2516,
        0.2516,
        0.2516,
        0.2516,
        0.2516,
        0.2516,
        0.2516,
        0.2516,
        0.2516,
        0.2516,
        0.2516,
        0.2516,
        0.2516,
        0.2516,
        0.2516,
        0.2516,
        0.2516,
        0.2516,
        0.2516,
        0.2516,
        0.2516,
        0.2068,
        0.2068
    ]
}