{
    "name": "tcl137",
    "input_path": "tcl/input/tcl137",
    "output_path": "tcl/output/tcl137",
    "working_dir": "tcl/input/tcl137",
    "initial_temperature": 19.12679701912817,
    "coefDeltaTemp": 0.05625,
    "coefConso": 1.0,
    "puissanceMin": 0,
    "puissanceMax": 4,
    "temperature_max": 21.396114795308275,
    "temperature_min": 15.896119011642822,
    "chroniqueTempExt": [
        2.8623728495720484,
        4.342716018447961,
        3.187163681068855,
        3.480256120785401,
        3.989857012353658,
        3.3517379896804114,
        2.3876086404710453,
        0.8196265840063663,
        3.191105305080504,
        3.440782750865486,
        3.9578248731459196,
        2.8922045311287956,
        2.738102890904062,
        5.6451240979081945,
        4.452415766557576,
        5.19118977136527,
        6.234241217271865,
        5.02889339199666,
        5.320373479096492,
        8.112004481476449,
        6.232529829500855,
        6.597549179262051,
        7.759798770108892,
        6.763576306978416,
        10.126970468282067,
        7.4489256288475625,
        10.463649675403733,
        8.271189915050028,
        11.337560842028925,
        9.832909409865122,
        10.807690852157432,
        9.036338271488075,
        9.880065576494712,
        8.966800270428951,
        9.0562546769122,
        10.509551451089301,
        9.024057657502329,
        8.803691144176467,
        5.984866684097277,
        8.471137927288368,
        5.921811716351702,
        6.328624554445206,
        4.648104725037097,
        6.6199123579041,
        3.2627005131701683,
        4.0191254240226995,
        3.8928751168932694,
        3.7170877561768605
    ],
    "electricity_cost": [
        0.2068,
        0.2068,
        0.2068,
        0.2068,
        0.2068,
        0.2068,
        0.2068,
        0.2068,
        0.2068,
        0.2068,
        0.2068,
        0.2068,
        0.2068,
        0.2068,
        0.2516,
        0.2516,
        0.2516,
        0.2516,
        0.2516,
        0.2516,
        0.2516,
        0.2516,
        0.2516,
        0.2516,
        0.2516,
        0.2516,
        0.2516,
        0.2516,
        0.2516,
        0.2516,
        0.2516,
        0.2516,
        0.2516,
        0.2516,
        0.2516,
        0.2516,
        0.2516,
        0.2516,
        0.2516,
        0.2516,
        0.2516,
        0.2516,
        0.2516,
        0.2516,
        0.2516,
        0.2516,
        0.2068,
        0.2068
    ]
}