{
    "name": "tcl245",
    "input_path": "tcl/input/tcl245",
    "output_path": "tcl/output/tcl245",
    "working_dir": "tcl/input/tcl245",
    "initial_temperature": 18.823282257443612,
    "coefDeltaTemp": 0.05625,
    "coefConso": 1.0,
    "puissanceMin": 0,
    "puissanceMax": 4,
    "temperature_max": 21.14709391718729,
    "temperature_min": 15.739918707236352,
    "chroniqueTempExt": [
        9.377777737838084,
        10.981586891081722,
        10.337057132892486,
        10.443772529385324,
        10.737208630074008,
        10.073895816344022,
        9.863631152801856,
        10.202565286445996,
        10.231854166140097,
        10.443224842901932,
        10.028614372960577,
        9.37520335745096,
        10.653077433874527,
        11.094512309405754,
        11.168623947690984,
        10.628319124418905,
        13.451410481396543,
        14.733903619983726,
        14.650919655619644,
        12.050268266391452,
        15.80621109631775,
        14.347209346595724,
        15.267948291782822,
        18.808424547993738,
        14.461300265803489,
        14.671364961426955,
        16.600224026458637,
        14.658393860374188,
        15.680655577646199,
        14.12778012609299,
        15.40178456980917,
        17.269174708772272,
        18.123938717791155,
        16.067447905231848,
        15.16417323128483,
        17.109216919025847,
        18.0025293454397,
        14.384587247460956,
        13.323970170475947,
        14.698446117524021,
        14.82349436976232,
        11.802883531669409,
        10.649413399057874,
        12.077157118823262,
        9.887558919581295,
        11.664765701621842,
        9.73876481076154,
        13.61030972420369
    ],
    "electricity_cost": [
        0.2068,
        0.2068,
        0.2068,
        0.2068,
        0.2068,
        0.2068,
        0.2068,
        0.2068,
        0.2068,
        0.2068,
        0.2068,
        0.2068,
        0.2068,
        0.2068,
        0.2516,
        0.2516,
        0.2516,
        0.2516,
        0.2516,
        0.2516,
        0.2516,
        0.2516,
        0.2516,
        0.2516,
        0.2516,
        0.2516,
        0.2516,
        0.2516,
        0.2516,
        0.2516,
        0.2516,
        0.2516,
        0.2516,
        0.2516,
        0.2516,
        0.2516,
        0.2516,
        0.2516,
        0.2516,
        0.2516,
        0.2516,
        0.2516,
        0.2516,
        0.2516,
        0.2516,
        0.2516,
        0.2068,
        0.2068
    ]
}