{
    "name": "tcl164",
    "input_path": "tcl/input/tcl164",
    "output_path": "tcl/output/tcl164",
    "working_dir": "tcl/input/tcl164",
    "initial_temperature": 19.00594460871586,
    "coefDeltaTemp": 0.05625,
    "coefConso": 1.0,
    "puissanceMin": 0,
    "puissanceMax": 4,
    "temperature_max": 21.380627946532506,
    "temperature_min": 16.469318083599024,
    "chroniqueTempExt": [
        2.6400813966855643,
        3.315528558164842,
        3.485590949176396,
        4.261347431927398,
        3.294917432139384,
        0.18611107467657373,
        2.768919149922171,
        4.297633499297138,
        4.107248113841752,
        2.5325018107076867,
        1.5667261042419969,
        3.567067599626967,
        3.819118078680999,
        2.333134232733925,
        6.153341384411888,
        4.61950288960904,
        4.886914560375061,
        6.015263297870007,
        7.509275092062905,
        9.535242493229406,
        5.07201507275991,
        7.085096882524655,
        9.6447844972157,
        8.941798008219102,
        9.65318338857409,
        8.42681637498953,
        9.380447620983134,
        9.847275591283385,
        9.019067523633513,
        10.447269257771287,
        9.741237173717597,
        10.223244300653624,
        10.658936023213979,
        10.240957002287438,
        7.9896131876331475,
        9.242083283533809,
        10.931413408961353,
        8.166962237832518,
        5.969668254921671,
        6.478332414649454,
        5.910921939073705,
        6.257687981565175,
        5.83623193749509,
        5.557722522644931,
        3.9673645465671865,
        2.9765459277498127,
        1.8660395929794509,
        2.409371834475117
    ],
    "electricity_cost": [
        0.2068,
        0.2068,
        0.2068,
        0.2068,
        0.2068,
        0.2068,
        0.2068,
        0.2068,
        0.2068,
        0.2068,
        0.2068,
        0.2068,
        0.2068,
        0.2068,
        0.2516,
        0.2516,
        0.2516,
        0.2516,
        0.2516,
        0.2516,
        0.2516,
        0.2516,
        0.2516,
        0.2516,
        0.2516,
        0.2516,
        0.2516,
        0.2516,
        0.2516,
        0.2516,
        0.2516,
        0.2516,
        0.2516,
        0.2516,
        0.2516,
        0.2516,
        0.2516,
        0.2516,
        0.2516,
        0.2516,
        0.2516,
        0.2516,
        0.2516,
        0.2516,
        0.2516,
        0.2516,
        0.2068,
        0.2068
    ]
}