{
    "name": "tcl160",
    "input_path": "tcl/input/tcl160",
    "output_path": "tcl/output/tcl160",
    "working_dir": "tcl/input/tcl160",
    "initial_temperature": 18.86269060172076,
    "coefDeltaTemp": 0.05625,
    "coefConso": 1.0,
    "puissanceMin": 0,
    "puissanceMax": 4,
    "temperature_max": 21.63732137529064,
    "temperature_min": 15.024372504021542,
    "chroniqueTempExt": [
        0.7625064295208267,
        1.3582860894746007,
        1.7289651241254123,
        0.09822842693969414,
        3.043183828675598,
        0.6088810023755162,
        0.4835699704503078,
        1.214979218012204,
        0.5711353254013842,
        2.2171864977984317,
        2.455285718585542,
        2.3646619741605166,
        0.05580988316867752,
        1.8122708000085481,
        0.9396724363539742,
        2.2951610475551294,
        3.1494439477468474,
        4.000153474011947,
        1.858261714978408,
        4.640093163657104,
        5.907031949790778,
        5.0080923264074855,
        5.801094635073784,
        7.690364243934528,
        6.429922145725159,
        5.236217679826394,
        5.43687608337786,
        6.148879888404431,
        6.7720268880172085,
        5.684112479084402,
        5.948213180965885,
        6.254462188436509,
        6.910792277894747,
        3.635257448197636,
        7.96869130641589,
        4.9013193300254745,
        6.7544323141379286,
        5.271459542985186,
        5.245928481546401,
        4.13793931473492,
        5.601631725966064,
        3.921033235290051,
        3.449507879787489,
        2.618993905856803,
        1.7410915132617362,
        2.920241005244433,
        1.8250210789939192,
        0.6418687217756112
    ],
    "electricity_cost": [
        0.2068,
        0.2068,
        0.2068,
        0.2068,
        0.2068,
        0.2068,
        0.2068,
        0.2068,
        0.2068,
        0.2068,
        0.2068,
        0.2068,
        0.2068,
        0.2068,
        0.2516,
        0.2516,
        0.2516,
        0.2516,
        0.2516,
        0.2516,
        0.2516,
        0.2516,
        0.2516,
        0.2516,
        0.2516,
        0.2516,
        0.2516,
        0.2516,
        0.2516,
        0.2516,
        0.2516,
        0.2516,
        0.2516,
        0.2516,
        0.2516,
        0.2516,
        0.2516,
        0.2516,
        0.2516,
        0.2516,
        0.2516,
        0.2516,
        0.2516,
        0.2516,
        0.2516,
        0.2516,
        0.2068,
        0.2068
    ]
}